:020000041000EA
:10000000002008205D0100101B0100101D010010E0
:100010001101001011010010110100101101001058
:100020001901001019010010190100101F01001022
:10003000110100101901001021010010230100100E
:100040001101001011010010110100101101001028
:100050001101001011010010110100101101001018
:100060001101001011010010110100101101001008
:1000700011010010110100101101001011010010F8
:1000800011010010110100101101001011010010E8
:1000900011010010110100101101001011010010D8
:1000A00011010010110100101101001011010010C8
:1000B00011010010110100101101001011010010B8
:1000C00011010010110100101101001011010010A8
:1000D0001101001011010010110100101101001098
:1000E0001101001011010010110100101101001088
:1000F0001101001011010010110100101101001078
:100100001101001011010010110100101101001067
:10011000EFF30580103800BE00BE00BE00BE00BE7A
:1001200000BE00BEF2EB887198CB0010B8CB001077
:10013000A001001090A31AE7D3DEFFFF42012110B7
:10014000FF01000088E80000793512AB4FF0000095
:100150001E49086006C881F3088810474FF05040D8
:10016000006810B14FF00000F2E70DA40ECC00299A
:1001700002D000F012F8F9E71549164A002000E015
:1001800001C19142FCD11449884714498847144958
:10019000884700BEFDE701C901C29A42FBD3704700
:1001A000B8CB001010010020181F0020C0E900107B
:1001B0000000082000000820C0E9001000100820FE
:1001C00000100820000000007047000008ED00E06B
:1001D000181F00205C300020315300103502001041
:1001E000ED520010F8B500BF064B0749C91A891037
:1001F00048BF0131491003D0044B0BB101481847E7
:10020000704700BF181F0020181F002000000000CA
:1002100008B5054B1BB105490548AFF30080BDE8A3
:100220000840FFF7E1BF00BF000000008C2D002058
:1002300068C000102DE9F04F2DED048BB1B005F032
:10024000DDF9192001F052FE19234FF0010242ECB2
:100250004430C54800F02CFFC44801F0AFFA02F06A
:100260002BFE002900F099814FF47A7200230BF0E5
:10027000AFFE219040F2DC5002F01AFD02F01CFEAD
:100280004FF0FF366FF00042B94C4FF000090419EF
:1002900041F10005A64272EB05033CBF344615460A
:1002A0004FF0000800262746AA46DFF8DCB25EE0E1
:1002B0009DF8BA30002B00F0508119234FF0010255
:1002C00042EC403002F0F8FDCDE91A012B980BF01A
:1002D0007BFE9DF8B930CDE918012D981E930BF0E7
:1002E00073FE9DF8BA209DED268B1D929DED289BF7
:1002F00006460F469DF8B8A000F094FFDDE91D23E7
:10030000012808F1010500F04181022800F02A814E
:1003100098499DED187BCDE90A21CDE90867414652
:10032000CDE906A3DDE91A238DED047B8DED029B5B
:100330008DED008B904805F023FA2646A846DBF8A1
:1003400000308B4C986809F0CDFC02F0B5FD4FF001
:10035000FF326FF00043071941F1000ABA4273EB14
:100360000A013CBF17469A46012002F0A1FC00F0AA
:10037000FBFE01F025FC01F059FD002840F0E28071
:1003800002F09AFD381A6AEB0101012871F10001AF
:10039000EADA26A800F04CFF0446002888D1002E97
:1003A000CDD14FF0007320EE103002F085FD002912
:1003B00000F0EE804FF47A7200230BF009FE024643
:1003C00022A8209201F022FD00F020FF189000F0FA
:1003D00023FF1A9001F02AFD1D9001F033FD1E90BD
:1003E00001F02AFD1F9001F033FD044601F03CFDB1
:1003F000054601F03FFD074601F042FD824601F04F
:100400002DFD1F9BCDE909A005931E9B209A049307
:100410001D9BCDE9075703939DF8953006941693DD
:100420009DF8943055481593BDF8923014939DF87B
:10043000903013939DF88F3012939DF88E30119366
:100440009DF88D3010939DF88C300F939DF88B3074
:100450000E939DF88A300D939DF8893018990C936E
:100460009DF8883001910B9321991A9B009102937A
:100470004146002305F084F908F101085FE79DF883
:10048000B530002B63D002F017FDDDED278A9DED1E
:10049000268A68EEA87A9DED289AE8EE087ADDEDC6
:1004A000299AE9EE097AE9EEA97AF1EEE77A0446AB
:1004B00017EE900A0D460BF087FD02460B469DF89D
:1004C000B5C09DF8B4102C98CDE90E1CCDE91023D1
:1004D0000BF07AFD02460B462B98CDE90C230BF06E
:1004E00073FD02460B462A98CDE90A230BF06CFDFA
:1004F00002460B4619EE900ACDE908230BF064FD85
:1005000002460B4619EE100ACDE906230BF05CFDFE
:1005100002460B4618EE900ACDE904230BF054FD79
:1005200002460B4618EE100ACDE902230BF04CFDF3
:100530002246CDE900012B464946114805F020F935
:1005400009F1010926A801F045FC002897D1DBF844
:100550000030986809F0C6FB12E74FF0007320EEF8
:100560001030AFE60749D4E600800740000008409D
:1005700040420F0074C00010F4C0001070C10010A1
:100580007CC000106CC00010081D00200649C0E6A9
:10059000064BA3FB0032920912E74FF47A73B0FBCB
:1005A000F3F3219366E600BF68C00010D34D6210DC
:1005B0002DE9F0418846002109F010F90022134B83
:1005C00006460F4603F052F803F0D0F803F0AAF8FD
:1005D00000220E4B04460D4603F022F802460B465D
:1005E0003046394603F008F80022094B03F03EF884
:1005F0002B46224602F0ECFF08F0FB03532B02D1FE
:1006000001F100431946BDE8F08100BF00005940E8
:1006100000004E40000000002DE9F04FDFF8C892C6
:1006200089B0D9F800108B69DA064AD4DFF8BC82A9
:10063000A44DA54CDFF8B8A2DFF8A4B28A6912F085
:100640001002FBD10B68DBB2242B00F0A08098F8DD
:10065000001091B10D2B00F0C0800A2BBAF80010E9
:1006600000F0B480481C5F2899BFAAF800000BF87E
:10067000013088F80020AAF800202A78082A18D823
:10068000DFE812F0C400CA006B0078005E0044008E
:100690002A00220009008D4E32789A4200F05482DE
:1006A0008B4A8C4F002313708B4A3B802B70138036
:1006B0003370D9F8001023688A6901332360D306A8
:1006C000BCD509B0BDE8F08F814A1178994200F09D
:1006D000AF827E4E7F4FE5E77D4A7C4E92F800C0A8
:1006E0007C4F9C4482F800C03A8837787A48BC44F2
:1006F000018886F800C0794E0E4433714B1C9BB2C2
:100700009A420380D5D807232B70D2E77349704AE9
:1007100088786E4ECB70117840EA03200B44317814
:100720006C4F13707A280B4433703880BAD8002885
:1007300014BF0623072300222B70674B1A80B8E7EB
:1007400005222A70624A614E11781944117032787C
:100750001144624A31709370ABE703222A705C4AFD
:100760005A4E117819441170327811445B4A317035
:1007700013709EE704222A70554A544E117819448A
:10078000117032781144554A3170537091E701214C
:100790002A788BF8003088F80010AAF80010082A90
:1007A00087D801A151F822F0B30600102F0B0010DA
:1007B0005B07001075070010410700100D070010BF
:1007C000D9060010C9060010970600105F292ED91F
:1007D000002288F80020AAF800202A78013A072A87
:1007E0003FF667AF01A151F822F000BF2F0B0010B8
:1007F0005B07001075070010410700100D0700107F
:10080000D9060010C906001097060010B52B7FF41A
:1008100050AF01232B704CE7622B40F08581022200
:1008200000232A4E2A702A4A3370137041E72C485D
:1008300042540278242ACBD12A49CDE9013209F069
:1008400095FD019B002800F0F681029A02201146D6
:10085000234E2C2906D016F8011F002900F0118321
:100860002C290AD177780138711C002F00F0018300
:1008700038B12C2F00F008820E4616F8011F00290F
:10088000E7D1029124210320154E04E016F8011F40
:10089000002900F065822C2906D016F8011F0029D6
:1008A00000F059822C29F1D116F8011F01380029D6
:1008B00000F051820028F5D1059624210420084E2D
:1008C0001DE000BF573000202830002048300020B5
:1008D00047300020403000204230002074280020A3
:1008E0002C2D0020C8C20010F42800205130002018
:1008F0003E30002016F8011F002900F038822C2914
:1009000006D016F8011F002900F02C822C29F1D105
:1009100016F8011F0138002900F024820028F5D1C3
:10092000049624210520834E04E016F8011F0029B7
:1009300000F024822C2906D016F8011F002900F0AF
:1009400018822C29F1D116F8011F0138002900F076
:1009500010820028F5D1019624210626754804E06E
:1009600010F8011F002900F03A822C2906D010F857
:10097000011F002900F00F822C29F1D110F8011F6E
:10098000013E002900F00782002EF5D1242107271F
:10099000684E04E016F8011F002900F016822C2989
:1009A00006D016F8011F002900F00B822C29F1D186
:1009B00016F8011F013F002900F00382002FF5D136
:1009C00008272421DFF86CC104E01CF8011F00296E
:1009D00000F0BF812C2906D01CF8011F002900F06F
:1009E000B2812C29F1D11CF8011F013F002900F030
:1009F000AA81002FF5D1CDF80CC009214D4F04E09C
:100A000017F8012F002A00F0E4812C2A06D017F8ED
:100A1000012F002A00F0D1812C2AF1D117F8012FE3
:100A20000139002A00F0C9810029F5D1002800F021
:100A300002810278002A00F0FE800A22002106933B
:100A400008F0C6FF0028D3BF0021032101220022A5
:100A5000394B83F8201083F82220069B002E00F0EB
:100A60000682307830B130460A22002109F05CF865
:100A7000069BC0B2304A82F821000398002800F09B
:100A8000A6810278002A00F0A2810021039308F0D9
:100A9000A5FE02F039FE0246039B2749CA61002FDA
:100AA00000F099813A78002A00F0958138460021BB
:100AB000039308F093FE02F027FE0246039B1E4EAE
:100AC00002983261D0B10278C2B1059AB2B1117800
:100AD000A1B1049F97B13A7882B1019A72B11278AC
:100AE00062B10293FFF764FDC6E90001019A38463E
:100AF0001178FFF75DFDC6E90201029B022001218A
:100B00000E4A019310700E4A0A4811700D4909F0FF
:100B10002DFC019B00283FF45BAE064A11780029AA
:100B20003FF456AE0F4692E0B52B3FF4C2AD002322
:100B30002B70BEE52C2D00206821002054300020B1
:100B400055300020CCC20010A94B1A78012A01921E
:100B50007FF4A6AD5A78072A7FF4A2ADA54F3A8854
:100B60005B2A40F28C8193ED0A6AD3ED106A93ED13
:100B7000117A1A7EA049029281F82020DA7EB3F819
:100B800050C081F82120D3E907018DED076ACDED32
:100B9000066A8DED057ACDF810C0039102F0C2FD12
:100BA00091A3D3E9002302F03BFD934AC2E902017D
:100BB000039802F0B7FD8CA3D3E9002302F030FDC7
:100BC0009DED076ADDED066A9DED057ADDED047A9F
:100BD000DFED8A5AB8EEC66AF8EE666AB8EEC77AF2
:100BE000F8EE677ADFED864A9FED865A029B824ACD
:100BF000012B94BF00230123C2E9000126EE256AE0
:100C0000114666EEA56A27EE247A67EE857A82F8A9
:100C10002230019A7C4B81ED046A1A707B4BC1ED46
:100C2000056A1A7081ED067AC1ED077A784A39E5CE
:100C300008232B703DE577497748019309F096FB2F
:100C4000019B00283FF4C4AD734A11780F4602207F
:100C5000714A04E012F8011F002900F091802C294C
:100C600006D012F8011F002900F08D802C29F1D147
:100C700056780138511C002E00F0848000287FD067
:100C80002C2E04D00A46E5E7B11C0291FAE50232A7
:100C900039460726604804E010F8011F002900F0DB
:100CA0009C802C2905D010F8011F00296FD02C2919
:100CB000F2D110F8011F013E002968D0002EF6D1B4
:100CC0004FF0080C544E04E016F8017F002F00F09E
:100CD000A9802C2F05D016F8011F00295FD02C29E0
:100CE000F2D116F8011F0CF1FF3C002957D0BCF1DE
:100CF000000FF4D1002A3FF46BAD1278412A7FF443
:100D000067AD90B1027882B10021019308F066FDD1
:100D100002F0FAFC9FED427A07EE900A67EE877ABE
:100D2000354F019BC7ED057A3178002900F094809A
:100D300030460021019308F051FD02F0E5FC2E4EF3
:100D4000019BB06188E0002F614618BF0021CDF8FB
:100D50000CC0039151E60028314618BF00210596CA
:100D60000591AAE50028314618BF00210496049198
:100D7000D7E50028314618BF002101960191EBE527
:100D80000A4685E70A46002818BF002280E7002EA1
:100D900018BF002094E7002E18BF0020F6E5BCF134
:100DA000000F3FD1002A3FF413AD1278412A7FF49F
:100DB0000FAD002850D06146A4E7002918BF0027D6
:100DC00034E6002F18BF0026FAE50E46F8E5134A70
:100DD00063E617462AE6002271E6084670E70846F1
:100DE000D4E500BFAFF3008048AFBC9AF2D77A3E9B
:100DF0007428002040300020682100206F12833AC0
:100E0000ACC527370AD7233C54300020553000208A
:100E100047300020CCC200102C2D0020CDCCC74282
:100E20009AB2033F002A3FF4D3AC1278412A7FF4F0
:100E3000CFAC88B102787AB10021019308F0CEFCE2
:100E400002F062FC1FED0A7A07EE900A67EE877ADD
:100E50000D4E019BC6ED057A0C4A117801293FF42D
:100E6000B7AC022111700121094A1170B0E430467B
:100E700000E60291002818BF0021029102E5054A10
:100E800010E431460296F5E7682100205430002036
:100E900055300020473000202DE9F04FDFF8F0906A
:100EA00083B099F80030304C304F314EDFF8E4A079
:100EB0000090019300232F4A256813802E4A29466B
:100EC00013702E4A009813702D4A3B7013702D4AF0
:100ED0003380138089F8003002F03AF8142001F0D2
:100EE000E7FE01F0E9FF4FF0FF3E6FF0004C264BAC
:100EF00010EB030B41F10008DE457CEB08010AD240
:100F0000F346E04607E0FFF787FB99F80030A3B906
:100F1000052001F0CDFE01F0CFFFBBEB000068EB38
:100F20000101012871F100010CDBDAF80030002B1F
:100F3000E9D199F80030002BEAD0AB46584603B00F
:100F4000BDE8F08F019B043489F800300F4B9C42C0
:100F5000B0D14FF4165B4FF41651009801F0F8FF32
:100F6000584603B0BDE8F08FC0C5001057300020D0
:100F70004030002042300020473000204830002020
:100F8000513000203E300020C0270900CCC50010A1
:100F900055300020F4280020002310B50446424AB2
:100FA00086B004920593A3699A06FCD4B523236006
:100FB000A3699B06FCD462232360A3699806FCD432
:100FC00006232360A3699906FCD401232360A36947
:100FD0009A06FCD408232360A36913F02003FBD1F5
:100FE0000F222B2123600DEB02000DF1170E10F8DC
:100FF00001CFA3699B06FCD46244D2B2114486455A
:10100000C4F800C0C9B2F2D1A3699806FCD422602A
:10101000A36913F02003FBD132202160019301F07A
:1010200047FE224A019B0292ADF80C30A3699A0652
:10103000FCD4B5232360A3699B06FCD46223236000
:10104000A3699806FCD406232360A3699906FCD4FF
:1010500008232360A3699A06FCD406232360A369AE
:1010600013F02003FBD13C211422236002A80DF1D0
:101070000E0E10F801CBA3699B06FCD46244D2B2D9
:1010800011447045C4F800C0C9B2F2D1A3699806F2
:10109000FCD42260A3699B06FCD43220216006B0F8
:1010A000BDE8104001F004BE01070001E8030100A3
:1010B000F8B504461D4B282200211D481C6008F08D
:1010C00067FF00224FF416501A4B1B491A701B4B36
:1010D0001B4F1A601B4B1C4E1A701C4B1C4D1A8068
:1010E0001C4B0A701A801C4B02211A701B4B386073
:1010F0001A701B4B08201A701A4B32601A802A6033
:1011000000F0C4FE0221092000F0C0FE00220121EF
:10111000092000F0D9FE2046FFF7BEFE38602046C9
:10112000FFF73AFF33682B60F8BD00BFF4280020BA
:10113000682100205430002055300020FC2C002075
:10114000F8270020573000202830002040300020B1
:10115000FC2700204230002047300020483000208B
:10116000513000203E30002038B5214C2368002B40
:1011700033D0FFF751FA2368002B2ED01D4B1B787C
:101180005BBB1D4B1D4A1B6812689B1AB3F5006FB1
:1011900000D238BD01F090FE21BB194BA3FB0030FB
:1011A000800941F28731174A1368C31A8B42F0D97C
:1011B000154B106020681D68FFF76EFE124B18601B
:1011C0000C4B1B780BB9854202D02068FFF7E4FE78
:1011D000094B0A4A1B68136038BD074A074B12685F
:1011E0001A6038BD4FF47A7200230AF0F1FED8E796
:1011F000F42800205530002028300020FC27002053
:10120000D34D6210FC2C0020F8270020014B1868F9
:10121000704700BF28300020014B1868704700BF9E
:10122000F8270020014B1878704700BF5430002089
:1012300010B590B184460A4BDFF828E01C78BEE870
:101240000F00ACE80F00BEE80F00ACE80F009EE80E
:1012500003008CE80300204610BD0446204610BD64
:101260005530002068210020594A1388C3F30E032B
:10127000043B9BB25BB19178564892F804C0017070
:101280005548012980F800C002D003290ED07047CC
:10129000BCF1010FFBD1514B1B78042B02D0002273
:1012A0004F4B1A7001224F4B1A7070474E4910B5C0
:1012B00002F1040E0A6801320A60002230E0BCF13B
:1012C000040F40D102F10A0080B298423BD8024696
:1012D000B1F904009FED456A06EE900AB1F90600E7
:1012E000B1F9081007EE100A07EE901AF8EEE66A58
:1012F000B8EEC77AF8EEE77A66EE866A27EE067AE7
:1013000067EE867A3A4981F800C03A49C1ED046A2D
:1013100081ED057AC1ED067A934213D91EF802C019
:10132000BCF1050F0EEB020110D0C8D90CF106017B
:10133000C9B2012907D8511D89B28B4203D30A468D
:101340009342EBD810BD013292B2E5E702F10E00F4
:1013500080B28342F7D30246B1F90400DFED265A8A
:1013600006EE100AB1F90600B8EEC66A06EE900A5B
:10137000B1F90800F8EEE66A07EE100AB1F90A00C2
:10138000B8EEC77A07EE900AF8EEE77A887819493E
:1013900000F003040C7726EE256A4FF0010466EE98
:1013A000A56A27EE257A67EEA57A1448C1ED007A82
:1013B00081ED016AC1ED026A81ED037A4C77016823
:1013C000013101600E490C70094981F800C0A3E7A2
:1013D000EC2D00204D3000204E3000204A300020FF
:1013E0005330002049300020002800200000803BBE
:1013F0004F300020002D002000008038EC2F00200E
:10140000563000202DE9F04F4FF00009052742F239
:10141000107B89B0DFF80081DFF800A1CDF81690CD
:101420000190CDF80E90CDF81290CDF81990FD22D4
:1014300015238DF80C2002224FF05046A8F80030FA
:1014400001999AF80230314C8DF80D10ADF811B0B9
:1014500088F8033003AD01338AF8023088F802209F
:101460000FCD0FC42B6823707368DA022CD51623B6
:1014700049EC403001F020FD4FF0FF326FF00043A7
:10148000234C4FF05046041941F10005A24273EB82
:1014900005013CBF14461D4608E001F00DFD201A71
:1014A00065EB0101012871F1000129DB7368DB02A2
:1014B000F3D4012416234FF0010242EC4030C8203F
:1014C000002101F089FB94B1112449EC4040022035
:1014D000002101F081FB0F4B152218680E490AF01C
:1014E0009BFD4FF0010343EC404015280AD00A2031
:1014F00001F0DEFB013F9AD1384609B0BDE8F08F1C
:101500000024D7E7012009B0BDE8F08F08300020A3
:1015100020A10700F82F002004300020AC2D00206F
:101520004FF05043F0B55B680746DA0283B063D4EE
:1015300000234C4A1124136043EC40400220002158
:1015400001F04AFB484A04231068464A11460AF053
:1015500047FD4FF0010343EC4040042807D1414BC5
:101560001E88C6F30E06331FB3F5FE7F02D9002096
:1015700003B0F0BD01F0A0FC4FF47A7304464FF0C5
:10158000FF3C6FF00042E7FB0341A44572EB01030F
:101590000D463CBF644615464FF0504708E001F049
:1015A0008BFC201A65EB0101012871F10001DEDBE3
:1015B000796811F48011F2D132462A480191112440
:1015C00008F0E6FC019941EC40400220002101F0C6
:1015D00003FB244A24483346114600680AF000FD04
:1015E0004FF0010343EC4040B042C0D101201F4AFC
:1015F000136803441360BBE716234FF0000242EC6C
:10160000403001F059FC4FF47A7304464FF0FF3636
:101610006FF00042E7FB0341A64272EB01030D4667
:101620003CBF344615464FF0504608E001F044FCFC
:10163000201A65EB0101012871F1000110DB7368CC
:10164000DB02F3D4012416234FF0010242EC4030B8
:10165000C820002101F0C0FA002C7FF469AF86E7B2
:101660000024F0E7EC2D0020F82F0020F02F0020C0
:101670004FF05043F0B55B6883B0DA0262D40023C8
:101680004A4A1124136043EC40400220002101F03B
:10169000A3FA474A04231068444A11460AF0A0FC02
:1016A0004FF0010343EC4040042808D13F4B1B8816
:1016B000C3F30E031F46043BB3F5FE7F02D900209F
:1016C00003B0F0BD01F0F8FB4FF0FF366FF00042C1
:1016D000384C041941F10005A64272EB05033CBFEA
:1016E000344615464FF0504608E001F0E5FB201A5D
:1016F00065EB0101012871F10001E0DB716811F473
:101700008011F2D13A4629480191112408F040FC99
:10171000019941EC40400220002101F05DFA234A8A
:1017200023483B46114600680AF05AFC4FF001037B
:1017300043EC4040B842C2D101201F4A1368034421
:101740001360BDE716234FF0000242EC403001F079
:10175000B3FB4FF0FF366FF00042164C041941F115
:101760000005A64272EB05033CBF344615464FF018
:10177000504608E001F0A0FB201A65EB01010128AA
:1017800071F1000110DB7368DB02F3D4012416232E
:101790004FF0010242EC4030C820002101F01CFA59
:1017A000002C7FF46CAF8AE70024F0E7EC2D0020DA
:1017B000F82F0020A0860100F02F00202DE9F84F1F
:1017C0000024DFF830932022C9F800000021B84837
:1017D00008F0DEFBB74BB84DC3E90044B74BB84A3D
:1017E0001C70B84BB8491C70B84BDFF80CB31C60C8
:1017F000B74BB84F1C70B84B11201C70B74BC5E9E4
:1018000000441C700C601470CBF80040AC60AC81DC
:101810003C704FF0010600F069FB112346EC4430A8
:1018200046EC4030152000F061FB4FF0150846EC07
:10183000448046EC4080162000F058FB4FF0160A1A
:1018400046EC44A046EC40A0142000F04FFB1423CB
:1018500044EC443001211846224600F035FB0121BA
:10186000122000F013FB0121132000F00FFB0121D7
:10187000102000F00BFB22460121102000F024FB79
:101880009749D9F8000006F08FFB4FF0020ED9F807
:101890000020D9F8003002F5805052F8041F02F5FC
:1018A000405CCCF800E0D3F800C001EA0E018CF0F7
:1018B000C70C02F500520CF0CF0CC0F800C011604C
:1018C00046EC40A044EC4080142001F0F1F946ECD5
:1018D00040804FF4C87001F0EBF94FF05043C5E978
:1018E0000044AC60AC815A68C2F300526A705A6816
:1018F000C2F34052AA705A68C2F38052EA705A6822
:101900005968C2F34043C9022B7100F187804FF040
:10191000FF331124C5F805304FF0000343EC40407D
:101920000220002101F058F96E4A04231146D9F82B
:1019300000000AF055FB4FF0010343EC40404FF02C
:1019400050435A680428C2F300526A705A68C2F3BE
:101950004052AA705A68C2F38052EA705B68C3F3BF
:1019600040432B7146D002232B7016234FF0010504
:1019700045EC403015244FF0000343EC4040142068
:1019800001F096F945EC40404FF4C87001F090F931
:1019900001F092FA4FF0FF356FF00042524C0419FB
:1019A00041F10006A54272EB06033CBF2C461646E9
:1019B0004E4D12E0FFF75CFE60B1AB78012B07D112
:1019C0002B88C3F30E03042B02D02B79012B66D096
:1019D000FFF74AFC022001F06BF901F06DFA201AC2
:1019E00066EB0101012871F10001E3DA01233B708C
:1019F000BDE8F88FB5F80530B5F80720C3F30E033E
:101A00006B81043BB3F5FE7FAA8100F28980D2B2DC
:101A1000042A34BF042303232B70A6E744EC40A020
:101A200001F04AFA4FF0FF346FF00042304E861951
:101A300041F10008B44272EB08033CBF26469046D1
:101A40004FF0504408E001F037FA301A68EB01011A
:101A5000012871F1000161DB6368DA02F3D4012629
:101A60001623012444EC4030C820002101F0B4F8D2
:101A7000002E7FF44CAF4FF050432C705A68C2F3E5
:101A800000526A705A68C2F34052AA705A68C2F390
:101A90008052EA705B68C3F340432B7165E7052011
:101AA000FFF7B0FC50BB02233B70BDE8F88F00BFCE
:101AB000002D0020AC2D0020D42D0020533000201C
:101AC0005630002049300020F02F00200028002050
:101AD0004F3000204A3000204D3000204E30002092
:101AE000C0C62D00D92D002080841E00EC2D0020C2
:101AF00040420F00F82F0020EC2F00200824FFF7B1
:101B0000B7FD18B1FFF7B0FB013CF8D10420FFF797
:101B100079FC40B903233B70BDE8F88F00269FE7AE
:101B200003232B7021E70824FFF7A2FD18B1FFF76C
:101B30009BFB013CF8D101F0BFF9DBF8003063BB3F
:101B40004FF0FF346FF000421A4D451941F1000685
:101B5000AC4272EB06033CBF254616464FF050449C
:101B600008E01420FFF7DCFC08B1FFF77DFBDBF891
:101B7000003093B901F0A0F9281A66EB01010128A1
:101B800071F1000106DB6368DB02EAD5052001F094
:101B90008FF8ECE7DBF800302BB101220423064973
:101BA0003B700A7024E7052201233A70034A137040
:101BB0001EE700BFC0C62D00533000204930002072
:101BC0002DE9F84F744B1B68002B34D0DFF8FC81F3
:101BD00098F80030002B40F0CB8008256F4EDFF8DE
:101BE000E0A14FF050435C6814F4801423D13220FC
:101BF000FFF796FCF8B13388C3F30E03043B9BB2A6
:101C0000F3B1B2786648317902706648012A0170F2
:101C100013D06548032A90F800C015D0BCF1000F1E
:101C200007D1DAF8003023B10123037004235F4A9F
:101C30001370013DD5D1BDE8F88F012900F0A280D5
:101C4000594890F800C0E9E72246594C8346276876
:101C5000DFF87CE10137276031E0042941D102F14E
:101C60000A091FFA89F94B453BD3B4F904009FEDEB
:101C7000516A06EE900AB4F90600F8EEE66A07EE3D
:101C8000100AB4F90800B8EEC77A07EE900AF8EE29
:101C9000E77A66EE866A27EE067A67EE867A464C23
:101CA0004A46C4ED046A84ED057AC4ED067ADFF88D
:101CB000189189F80010934211D91EF802100529D5
:101CC0000EEB020410D0C8D90631C9B2012908D8D8
:101CD000511D89B28B4204D30A469342EDD858462F
:101CE0009CE7013292B2E6E702F10E091FFA89F988
:101CF0004B45F6D3B4F90400DFED305A06EE100A76
:101D0000B4F90600B8EEC66A06EE900AB4F9080007
:101D1000F8EEE66A07EE100AB4F90A00B8EEC77AE0
:101D200007EE900AF8EEE77A4A4626EE256A4FF06B
:101D3000010966EEA56A27EE257A67EEA57AA478F2
:101D40001F4804F003071C4CC4ED007A84ED016ABF
:101D5000C4ED026A84ED037A277784F81D90046845
:101D60004C440460174C84F80090174C2170A2E793
:101D70000023052088F80030FFF744FB0420FFF71C
:101D800041FB2AE7094B08481B7888F80010042B10
:101D90003FF457AF047044E7F82F0020EC2D0020EB
:101DA0004D3000204E300020533000204A300020BB
:101DB000002800200000803B002D0020000080381B
:101DC000EC2F0020563000204F30002049300020FA
:101DD000F02D002010B588B18446DFF82CE0BEE875
:101DE0000F00ACE80F004FF00002064B1C781A7091
:101DF0009EE80F008CE80F00204610BD04462046E8
:101E000010BD00BF56300020002D0020844650B188
:101E1000054B07CBCCF80000CCF80410CCF8082018
:101E20001B88ACF80C307047D42D0020014B18787B
:101E3000704700BF53300020014B1868704700BF47
:101E4000EC2F0020014B1878704700BF4A3000206B
:101E5000014B1868704700BFF02F0020014B187825
:101E6000704700BF4F300020014B1868704700BF1B
:101E700000280020014B1878704700BF4D3000202B
:101E8000014B1878704700BF4E3000204FF4807C23
:101E90000C4B00B553F8202003EB8003C00082F008
:101EA000400200F1804003F5805E02F0C00200F5C0
:101EB000203003F54053CEF800204160C3F800C045
:101EC00000BD00BF04800340DFF81CC0C90041EA28
:101ED00082015CF820200CEB8003514003F5805315
:101EE00001F00C0119607047048003404FF00003BB
:101EF00000B543EC440043EC40004FF0050E4FF4B6
:101F0000807C0C4BC20053F8201003EB800081F062
:101F1000400102F1804303F5203301F0C00200F5D7
:101F2000805100F540500A60C3F804E0C0F800C0DA
:101F300000BD00BF048003400FB400B5084883B063
:101F400003F0A0FB049B3BB105A91846019103F0E7
:101F500077F9044803F096FB012003F089F900BFEC
:101F6000D0C20010C4C2001070B51646EFF3108442
:101F700072B6DFF848E0DEE8CF2F0123002AFAD15D
:101F8000CEE8423F002AF6D1BFF35F8F012301F074
:101F9000070CCA0803FA0CF310F802C01CEA030588
:101FA00008D14CEA030C00F802C0CEE88F5F84F33E
:101FB000108870BD3046FFF7BFFF00BFEF23002041
:101FC000F8B50F461946EFF3108672B61C4DD5E8EA
:101FD000CF4F0123002CFAD1C5E8443F002CF6D1A5
:101FE000BFF35F8F8A421BD8012402E00132914285
:101FF00022D3D30810F803E002F0070C04FA0CFC1B
:102000001EEA0C0FF2D14EEA0C0E00F803E0104667
:102010000023C5E88F3F86F31088984207DBF8BDA0
:102020000023C5E88F3F86F310884FF0FF30002F64
:10203000F5D00698FFF780FF4FF0FF30E8E700BFCC
:10204000EF230020044A1078431CDBB2182B28BF72
:1020500010231370704700BFF815002000B5DFF89B
:102060001CC083B001461F231822CDF800C00248CF
:10207000FFF7A6FF03B000BD0C280020E0C200104F
:102080004FF0E022936843F000539360704700BF25
:102090000021044B03F12002C3E88F1F0133934258
:1020A000FAD17047E42300204FF0E0234FF0803254
:1020B000C3F80024C3F80424C3F80824C3F80C248C
:1020C000C3F81024C3F81424C3F81824C3F81C243C
:1020D000C3F82024C3F82424C3F82824C3F82C24EC
:1020E000C3F8302462B67047012300F01F0293400A
:1020F000400941B1800000F1604000F56140C0F846
:10210000803103607047024A203042F82030704727
:1021100000E100E00123064A410952F8212000F0C5
:102120001F008340134214BF01200020704700BFEE
:1021300000E100E001224309034900F01F00824052
:10214000403341F82320704700E100E0054A103099
:102150009268054B52F82000C01A2F288CBF00202F
:102160000120704700ED00E0FC15002010B582B0A2
:10217000EFF3108472B6164BD3E8CFCF0122BCF137
:10218000000FF9D1C3E84C2FBCF1000FF4D1BFF31D
:102190005F8F104A10309268DFF83CC052F8202060
:1021A000624508D0914206D0CDE9000101F0DCF88B
:1021B0000199074B0098074A926842F82010BFF334
:1021C0005F8F0022C3E88F2F84F3108802B010BD08
:1021D000ED23002000ED00E0110100102DE9F04F8B
:1021E00006468A46154683B0EFF3108872B6714FE3
:1021F000D7E8CF2F0123002AFAD1C7E8423F002AAF
:10220000F6D1BFF35F8F6C4991F90020002A7BDB88
:102210006A4802EB420400EB840393F806C01036D0
:1022200081F800C06649A40089684FEA420B51F862
:1022300026E0AEEB00012F292ED962498E4540F0F1
:10224000848043F0010E604B02340444043B1B1BAA
:10225000C3F34A036FEAC3434FF421416FEAD34308
:102260005A4420F8221000EB820253804BF60153AF
:102270009380FF23D571C2F808A09371504B9B68DF
:1022800043F826E0BFF35F8F0023C7E88F3F88F352
:10229000108803B0BDE8F08F2EF0010C9CF80710F9
:1022A000A9425AD9B14601941E4603E0CB79AB420C
:1022B00030D98C469CF9064004EB4401002C00EB1D
:1022C0008101F3DA00944BF6015433464E460CF18B
:1022D0000409043BA3EB0903C3F34A036FEAC343B6
:1022E0006FEAD343ACF80430384B0BEB02018CF8A7
:1022F000062040F82130009B00EB8102948093710E
:10230000D571C2F808A0B9E701F02EF82A4991F971
:1023100000207DE76FF007010094019C33460C1B01
:102320006146241A019431F8044F4E4644F30A04DE
:10233000023401EB4404894601990C44C4F34A0475
:102340006FEAC4446FEAD444C3E7CDE9002301F047
:102350000BF8DDE90023194873E71B4AA11CDD7166
:102360000144043A251D521A0544ACF10401491BED
:10237000C1F34A016FEAC141C2F34A026FEAC242A5
:102380006FEAD1414FF4214E6FEAD24299800F4952
:1023900020F804E05A804AF6AA256246121A5241F1
:1023A00055432D0DC3F808A09D7143F0010ECCF8E4
:1023B000001063E7ED2300204B300020FC150020C7
:1023C00000ED00E0110100102C16002001488047AC
:1023D0002DE9F041EFF30583DBB29E46EFF3108564
:1023E00072B62949D1E8CF2F0123002AFAD1C1E8DA
:1023F000423F002AF6D1BFF35F8FDFF89C8040F0A8
:102400000106D8F808704AF6AA2357F82E70044639
:102410001E4AA41A644163431B0DB7425BB21ED02F
:1024200092F906409C4220D092F912409C4227D05B
:1024300092F91E409C4225D092F92A409C4208BF46
:10244000032413D0124A002492F800C0137080F8BD
:1024500006C0C1E88F4F85F31088BDE8F081D8F839
:1024600008200C4C42F82E40ECE7002404EB440416
:1024700002EB8402FF2494714BF601549480E1E74F
:102480000124F3E70224F1E7ED230020FC150020EE
:102490004B3000201101001000ED00E000B5DFF826
:1024A00024C083B0014605230022CDF800C00448B3
:1024B000FFF786FD0028A8BFC0F1330003B000BDC0
:1024C00058300020FCC20010014B0B4403607047E1
:1024D000E423002070B5104C104DAC420ED2FF2604
:1024E000236863B1FFF7AEFD01462046FFF7ECFF1E
:1024F000A680BFF35F8F0834AC42F1D370BDFFF705
:10250000A1FD01462046FFF7DFFF2671BFF35F8F75
:102510000834AC42E4D370BD101F0020181F002007
:1025200010B50446FFF78EFD01462046FFF7CCFFAD
:10253000FF232371BFF35F8F10BD00BF10B50446AA
:102540000120FFF78BFD034B03442360BFF35F8F34
:1025500010BD00BFE4230020024B0B440360BFF317
:102560005F8F7047E42300200D4B1A68EFF3108152
:1025700072B6D2E8CFCF0120BCF1000FF9D1C2E88A
:102580004C0FBCF1000FF4D1BFF35F8F00221B682A
:10259000C3E88F2F81F3108840BF002000217047CF
:1025A000F42F0020000000002DE9F04F2DED028BEC
:1025B00085B0EFF30583DBB2103B9A0818BF012208
:1025C0004FF0010103F0030B18BFA94CA94B08BF42
:1025D000A94C0BEB820253F8225001FA0BF204F5DE
:1025E00041539FEDA18B02925A602FE0AB881904F2
:1025F00040F19480AB79002B40F0DE80B5F90860A3
:10260000002EC0F21C816B6906EB460603EBC60385
:10261000D3E90267B7F1FF3F08BFB6F1FF3F0ED025
:1026200004EB8B01A36A0A69D21AF31A934205D309
:102630000123226A03FA0BF3134200D10E612046F4
:1026400000F032FCB042B941C0F2F980B5F908603F
:10265000029B002EE363C9DBD5F8149006EB460A13
:1026600009EBCA07BB682046D7F80C80019300F03D
:102670001BFC019B984271EB0801B7DBB8F1000F1E
:10268000C0F2C080D7E904317C4A934200F0F88060
:102690007A88B5F9080092B242EA004098470246AB
:1026A0000B4652EA030100F0AD80002B80F2CD8092
:1026B0000199B1EB020E68EB030839F93A30C7E92A
:1026C00002E8002B92DB686903EB430200EBC202D5
:1026D000D2E90271BE4578EB010C4FEA430285DB7B
:1026E000AC462CF8083F06E003EB430100EBC101C8
:1026F0005A00D1E90271BE4578EB01011A4405DBAD
:1027000030F9323000EBC20C002BEDDA29F83A3008
:10271000ACF80060AB8819043FF56CAF2B69EFF3A0
:10272000108272B6D3E8CF0F01210028FAD1C3E896
:10273000401F0028F6D1BFF35F8F4FF6FF76A888C1
:102740000023296900B2AE80C1E88F3F82F3108870
:102750009842FFF64FAF0746A1466E6905F108089B
:10276000B5F9083007EB470E002BC44606EBCE0246
:1027700015DBD2E90240AA46019704E036F935306C
:102780009446002B09DB03EB430506EBC502D2E9B7
:102790000271BC4270EB0101F0DA5546019FACF8C2
:1027A000007036F93E7026F83E30002FD8DAAB794B
:1027B0004C46002B3FF422AF0023AB71B5F9086003
:1027C000721C33463BD0686905F1080E03E08E4663
:1027D0005A1C3FF415AF03EB430200EBC2014F88D4
:1027E0009C463F0430F93230F1D5664581ED028BCD
:1027F000EED0AEF800302989664620F83210A5F8F0
:1028000008C0E5E739F83A302B812B69EFF31082E5
:1028100072B6D3E8CF0F01210028FAD1C3E8401FD8
:102820000028F6D1BFF35F8F6B88296929F83A3009
:1028300000236E80C1E88F3F82F31088D6E640BF48
:1028400005B0BDEC028BBDE8F08F204603930192EA
:1028500000F02AFB019A039B10EB020E43EB0108E8
:102860002BE700BFAFF30080FFFFFFFFFFFFFFFF7D
:1028700000800B40B42D002000000B40A925001063
:1028800008460B69039198470028BBD00399D1E90A
:10289000002306E738B5384B1C692CB1BDE8384039
:1028A0000A213648FFF710BE0321354800F0EAFA46
:1028B000334D314BDD60FFF7C5FB324A4FF0504ED0
:1028C000024403202C4B4FF00F0C18701A61DEF8F5
:1028D00000204FF6FF715A705A69A3F802C01483A2
:1028E0004FF00204A2F848404FF00404A2F87840E8
:1028F0004FF00504A2F890404FF00604A2F8A8405B
:102900004FF00704A2F8C0404FF00904A2F8F040CD
:102910004FF00A04A2F808414FF00B04A2F820413E
:102920004FF00C04A2F838414FF0010414864FF028
:102930000804A2F8D840144C4FF00D0E4FF00E0CC6
:102940009C6008249980A2F850E1A2F868C1A2F81E
:10295000600011800D4A2C620D49D360FFF706FC20
:1029600001210320FFF7C0FB0A4B0A211C64034826
:10297000BDE83840FFF7A8BD44160020F42F002022
:1029800000000B40E4230020FFFF1000B42D0020C6
:10299000A925001000200B40004870474416002075
:1029A000F0B583B09DF828401D46034654B9CDE9E3
:1029B000000200F081FA019A009B824265EB01015E
:1029C000A1425BDB1969EFF3108072B6D1E8CF6FDB
:1029D0000124002EFAD1C1E8464F002EF6D1BFF3F4
:1029E0005F8FB3F902401F69002C3EDBD3F814C09F
:1029F00004EB440E3CF83E10002659800CEBCE014F
:102A0000C7E88F6F80F310884888C1E9022501303C
:102A1000C0F30E00012838BF0120089A48800A61DF
:102A2000099A40EA04404A611A69EFF3108172B6CC
:102A3000D2E8CF7F0125002FFAD1C2E8475F002FEF
:102A4000F6D1BFF35F8F9A882CF83E201A699C80DC
:102A5000C2E88F6F81F3108801211C78DA68A140E9
:102A600002F50153596003B0F0BD0023C7E88F3F62
:102A700080F310884FF0FF3003B0F0BD204603B064
:102A8000F0BD00BFF0B516461F4602690346EFF3DE
:102A9000108072B6D2E8CF4F0121002CFAD1C2E8E3
:102AA000441F002CF6D1BFF35F8FB3F902101D69EC
:102AB000002945DBD3F814E001EB41023EF8324037
:102AC0000EEBC20C5C800024C5E88F4F80F31088A9
:102AD00005983546CCF8100006983E46CCF8140010
:102AE000BCF80200CCE902560130C0F30E00012808
:102AF00038BF0120ACF8020040EA0140D3F810C012
:102B0000EFF3108572B6DCE8CF7F0126002FFAD1F3
:102B1000CCE8476F002FF6D1BFF35F8FB3F804C046
:102B20002EF832C099801A69C2E88F4F85F3108859
:102B300001211C78DA68A14002F501535960F0BD0B
:102B40000023C5E88F3F80F310884FF0FF30F0BDC1
:102B500003464089B0EB214F3ADD58690A1402EB75
:102B6000420210B5D3F810C000EBC200EFF3108E94
:102B700072B6DCE8CF4F0122002CFAD1CCE8442F0A
:102B8000002CF6D1BFF35F8F428889B292B28A429D
:102B900007D000221B69C3E88F2F8EF31088002016
:102BA00010BD6FEA42426FEA524242800121002288
:102BB00018699971C0E88F2F8EF3108893F800C0C0
:102BC000DA68084602F5015301FA0CF1596010BDAC
:102BD00000207047407870472DE9F04182B00446EC
:102BE0000D4600F069F94FF0FF326FF000432418F2
:102BF00045EB0105A24273EB05013CBF14461D469F
:102C0000A61F45F1FF37B44275EB07033CBF002612
:102C1000374600F051F9301A67EB0101012871F1D4
:102C2000000106DA2046294602B0BDE8F04100F076
:102C30007DB900F041F9864267EB010100290ADB0A
:102C40000021174B3246009316483B460191FFF78F
:102C500019FF0130E6D04FF0000C134A1349536AB4
:102C60009F4204D8906AB042DCD29F42DAD10B680E
:102C7000EFF3108072B6D3E8CF8F5FF0010EB8F19A
:102C8000000FF8D1C3E848EFB8F1000FF3D1BFF35C
:102C90005F8F0B68C3E88FCF80F3108820BFDEE71B
:102CA000692500104416002000000B40F42F00207E
:102CB0002DE9F04182B0064600F0FEF84FF47A7339
:102CC00004464FF0FF306FF00042E6FB0341A042A4
:102CD00072EB01033ABF044615460D46A61F45F1A7
:102CE000FF37B44275EB07033CBF0026374600F0C0
:102CF000E3F8301A67EB0101012871F1000106DAEF
:102D00002046294602B0BDE8F04100F00FB900F0BE
:102D1000D3F8864267EB010100290ADB0021174B3B
:102D20003246009316483B460191FFF7ABFE013057
:102D3000E6D04FF0000C134A1349536A9F4204D85F
:102D4000906AB042DCD29F42DAD10B68EFF3108078
:102D500072B6D3E8CF8F5FF0010EB8F1000FF8D153
:102D6000C3E848EFB8F1000FF3D1BFF35F8F0B68F2
:102D7000C3E88FCF80F3108820BFDEE769250010FD
:102D80004416002000000B40F42F0020EFF30582D2
:102D9000D2B282B1384B5A6A8A4202D2002210461D
:102DA000704714BF012200229B6A834228BF42F071
:102DB00001021046704770B584B003922F4A064650
:102DC000D368157818460C46029300F06DF8029B04
:102DD00005F1040C53F82CC0039AACEB000C301A2C
:102DE00064EB0101604571F100010FDB20BF224B54
:102DF000596AA14207D314BF012200229B6AB34241
:102E000028BF42F00102104604B070BD029200F0EB
:102E100053F8864264EB01010029029A1BDB184932
:102E20002346CDE9001215483246FFF72BFE011E5E
:102E300011DD114B5A6AA2421CD39B6AB34217D3CD
:102E40000E48FFF785FE0C4B5A6AA242D3D20022ED
:102E5000104604B070BD084B5A6AA242F7D3121B49
:102E600018BF01229B6AB34228BF42F00102CAE7A1
:102E7000A242E5D120BFE3E700000B40441600204A
:102E80006925001010B4054B054C064AA04214BF3A
:102E90001846581C10BCFFF767B800BF1028002068
:102EA00000800B4018C300100346416A0A46986A26
:102EB000596A8A42FAD17047034B596A0A46986A9E
:102EC000596A9142FAD1704700000B4000B58E4616
:102ED000154A536A9C46916A536A6345FAD1401871
:102EE00053EB0E034FF0000228BF0122BAB10E4B84
:102EF0005A6A531C08BF104608D04FF0FF331846DB
:102F000009494A6A9A42FCD39A4207D1064B02E029
:102F1000596A914202D1996A8142F9D300BD024AAD
:102F2000526A9342ECD8EFE700000B40074A536A1D
:102F30009942FCD8994207D1044B02E05A6A914267
:102F400002D19A6A9042F9D8704700BF00000B4046
:102F500070B5044682B006200E4600F0EFF8002857
:102F600044D0384A3848944214BF4FF080624FF042
:102F70000062364B364902601A608D6832EA0505F8
:102F8000FBD1304A4FF48070A21AB2FA82F2314972
:102F9000520921F81200062000F0D0F8C200B2FB5E
:102FA000F6F20132D10923D1402601236362A162E6
:102FB000256BEB0725D42346002153F82C2F062040
:102FC00003F5805211602563019200F0B7F840F2DA
:102FD000013503218000B0FBF6F0E36A019A83F02B
:102FE000700303F07E0313602563A16402B070BD1B
:102FF0004FF6FE7081421DD929464FF6FF73164EDB
:10300000D4E740F2013204F540531A63636AA26ABE
:10301000062002EB8312019200F090F80F4B019A08
:10302000A3FB00139002DB0AB0FBF3F00021FFF7D3
:103030004DFFC0E7C2F345020B4602EB8116114675
:10304000B4E700BF0080074000200240003002408B
:103050000000024024300020C0FF3F00757B2B8F12
:1030600000EB400C4FEA8C0C0CF1804C0CF5803CD2
:1030700070B51E46DCF80430041FB3F5803F38BF3E
:103080004FF48033E4B238BFCCF80430012C2ED991
:103090004FF40065284B0CF5405ECEF8005053F815
:1030A00020E0BEF1000F17D1DCF800E0012C8EEA21
:1030B000421202F0E0020CF5805ECEF800202BD91F
:1030C0004FF4006143F820604FF480330CF5005258
:1030D0001160CCF8043070BD5D69B5FBFEFE0EF1E9
:1030E000010E0EEB4E0EBEF1030EFCD2DCE7012901
:1030F000CED103240CF540531C60DCF80830DB070C
:10310000FBD5DCF800300CF5805E83EA421303F057
:10311000E003CEF80030084B0122DCF800404C40C0
:1031200004F00304CEF8004002FA01F1DCF80820B4
:103130000A42FBD0C4E700BF14280020014B53F81B
:10314000200070471428002010B5029C8E464FEADC
:10315000043C4CEA034C1C4BB3FBF1F30168B2FB9B
:10316000F3F4002920DB194A194B904214BF4FF4A5
:1031700080424FF4004217491A6003F580531A60E9
:103180008B6832EA0303FBD1212200F5405304335C
:10319000C0F800E084601A600268002AFCDA0822A5
:1031A000C0F80CC01A6010BD036803F03F037345FC
:1031B000D9D18368C3F30B03A342D4D1C36803F40A
:1031C000EE236345CFD110BD001BB7000080054042
:1031D00000200240000002404FF0804C214B00B51F
:1031E000C3F800C0002839D0DFF888C0A3F54053E9
:1031F000C3F81CC0DFF880C040F0010080EA0C0C6E
:10320000C3F820C0596298624FF0804E4FF0E061E1
:10321000144B1548DFF864C0C3F800E0C0F808C0DC
:1032200019602AB94FF00042A3F580531A6000BD1F
:103230004FF47A7303FB02F2B2F1807F2ABF6FF082
:103240007F4313461A464FF08041DFF834C00748E9
:10325000CCF80030064B4260196000BD034BD861CA
:10326000D2E700BF00B00D4000A0014000800D403B
:1032700000A00D40D3C007B02D3FF84FF3FFFF0172
:10328000242D0020012300EB4000800000F180404D
:1032900000F5841041600360704700BF10B5002442
:1032A00082B00B46E48A002141E800F1CDE9000339
:1032B0004B0254BF1021042144F25220A047DDE903
:1032C000002386460A214FF48170F44602B0BDE81F
:1032D000104060470023DB8A002242E800F25202DD
:1032E00001D4102118470421184700BF08B5034630
:1032F0000846191E02DB1AB140F03000FFF7CEFF7E
:1033000040F02000FAE700BF034AD2F82838002B2B
:10331000FBD0BFF35F8F704700000E400021044BCD
:10332000044ABFF35F8F43F8041B9342F9D17047FF
:103330000C080E402C080E404FF42A6C4FF48D7090
:10334000054A064B0649C2F800C0D06019605368B0
:10335000002BFCDA704700BF0080044000A004404E
:1033600000B0FA00704700BF08B50148FEF7E4FD61
:103370003CC3001038B5054C054DAC4204D254F89E
:10338000043B9847AC42FAD338BD00BF20C00010C0
:1033900060C000100648DFF828C0064B064A0749FF
:1033A000C0F800C01A608B6832EA0303FBD1704793
:1033B0000020024000300240F6FFF303000002400C
:1033C0007F3BEFEF044BDB6CB3F5004F03D14FF4C1
:1033D0008022024BDA647047000011500020115027
:1033E0004FF0E022044BD2F8881D0B43C2F8883D11
:1033F00010EE3004704700BF030330006FF06041EF
:10340000044B054A19609368DB4333F06043FAD1FB
:10341000704700BF003002400000024010B545F286
:103420005320FFF757FFBDE810400346042018471C
:1034300010B545F25320FFF74DFFBDE8104003469D
:1034400001201847FEF724BE1449154B70B55C1ACD
:10345000A610442E324628BF4422124D9200284620
:1034600007F064F8B4F5867F13D80F4A14D0C6F17C
:1034700044002B19410803EBC101C3E900220833C2
:103480009942FAD1C30704D520F00100304445F831
:103490002020064B9D6070BD4320F8E7000000101F
:1034A00010010010000000201101001000ED00E0EC
:1034B000002370B52B4C82B0C4F88430FFF73CFF7A
:1034C0000122294BDA63636C012BFCD10321264ACC
:1034D000244B11639C6B012CFCD10226052521464F
:1034E0000523224A22480096FFF72EFE21462B464E
:1034F000204A21480095FFF727FE0022042031468C
:103500001E4BFFF7ADFD2146284600221C4BFFF75E
:10351000A7FD0022082011461A4BFFF7A1FD00224B
:1035200009201146174BFFF79BFD0022062011468C
:10353000134BFFF795FD0022114B07201146FFF7B3
:103540008FFD0420FFF7FAFD00240F4BA3FB00358D
:10355000AD0CE0B229460134FFF794FE062CF8D1F9
:1035600002B070BD0000014000300140002F6859DA
:1035700000000540008C864700800540001BB70016
:1035800080D1F008006CDC0283DE1B4386B003B4FC
:1035900051FC0804CDE9020151FC0904CDE9040104
:1035A00051EC0A04CDE9060103BCF047BDE8005028
:1035B0004EEC00C4BDE800504EEC01C4BDE8005024
:1035C0004EEC02C400BD000000B5FFF7DFFF02E0D3
:1035D00010FE30F4F8D441EC100443EC112400EE5A
:1035E000010410EE010480EE200451EC1004704739
:1035F00000B5FFF7CBFF02E010FE30F4F8D441EC49
:10360000100443EC112400EE010410EE210480EEBE
:10361000200451EC3004704700B5FFF7B7FF02E01B
:1036200010FE30F4F8D410B541EC100443EC112432
:1036300051EC040453EC0524A0FB024C5FF0000E97
:10364000E0FB03CEE1FB02CE4CEC20440024E1FB86
:1036500003E444EC30E480EE200451EC5004BDE877
:103660001040704700B5FFF791FF02E010FE30F404
:10367000F8D441EC100443EC112451EC2104A0FBDC
:1036800001126FEA820252FB100052FB12F252FB4F
:103690001000A0EBD07C53EC04245CFB13F153EC42
:1036A0001524A1FB022001FB030053EC4424A2EBF0
:1036B000000050FB1CF24FEA111312EB017043EBB8
:1036C000E27140EA515020EA915020F0070053EC9B
:1036D0007524A0FB023C53EC752400FB03CC01FBDA
:1036E00002CC53EC0424ACEB824C40EA5C70A0F1B9
:1036F000010041EC400480EE200451EC700470475E
:1037000000B5FFF743FF02E010FE30F4F8D441ECBF
:10371000100480EE220410EEB204704700B5FFF7EB
:1037200035FF02E010FE30F4F8D440EC700400EEF7
:10373000010410EE210480EE200451EC30047047A7
:1037400000B5FFF723FF02E010FE30F4F8D440ECA0
:10375000600400EE010410EE210480EE200451EC20
:103760003004704700B5FFF711FF02E010FE30F49F
:10377000F8D441EC800400EE010410EE010480EE68
:10378000400410EE1304704700B5FFF7FFFE02E09F
:1037900010FE30F4F8D441EC800400EE010410EE89
:1037A000010480EE400410EE3304704700B5FFF7CB
:1037B000EDFE02E010FE30F4F8D441EC100443ECCE
:1037C000112400EE010410EE3004C0F300707047C5
:1037D00000B5FFF7DBFE02E010FE30F4F8D441EC58
:1037E000100443EC112400EE010410EE3004C0F389
:1037F0008070704700B5FFF7C9FE02E010FE30F49C
:10380000F8D443EC102441EC110400EE010410EE56
:1038100030F48CBF01200020704700BF00B5FFF7D7
:10382000B5FE02E010FE30F4F8D443EC102441EC75
:10383000110400EE010410EE30F42CBF0120002032
:10384000704700BF00B5FFF7A1FE02E010FE30F4A4
:10385000F8D441EC100443EC112400EE010410EE06
:1038600030F42CBF01200020704700BF00B5FFF7E7
:103870008DFE02E010FE30F4F8D441EC100443EC6D
:10388000112400EE010410EE30F48CBF0120002062
:10389000704700BF0022002950DA404261EB41012D
:1038A000C9B1B1FA81F30B3B17D4D3F1200C30FA34
:1038B0000CFC9840994051EA0C011A44524202F221
:1038C000324201EB025141F0004140F2FE739A4254
:1038D00038BF704721E011467EE003F1210310FA62
:1038E00003FCA3F1010301FA03FCC3F1200320FA56
:1038F00003F021FA03F140EA0C00A3EB020202F20A
:10390000324214D050F1000041EB025141F000412D
:1039100040F2FE739A4238BF70474FF00001A8BFD3
:10392000C7F6F0714FF00000704700217047EBD3ED
:1039300050F1000020F00100E6E70022B9B1B1FA31
:1039400081F30B3B16D4D3F1200C30FA0CFC9840D9
:10395000994051EA0C011A44524202F2324201EB00
:10396000025140F2FE739A4238BF704720E0114680
:1039700000F066B803F1210310FA03FCA3F1010380
:1039800001FA03FCC3F1200320FA03F021FA03F14A
:1039900040EA0C00A3EB020202F2324212D050F1D4
:1039A000000041EB025140F2FE739A4238BF70476B
:1039B0004FF00001A8BFC7F6F0714FF0000070474C
:1039C00000217047EDD350F1000020F00100E8E73E
:1039D000002880F235804042B0FA80F30B3B11D4CE
:1039E000984001EB0302524202F2124200EB0251F4
:1039F00041F000414FF0000040F2FE739A4238BFA0
:103A0000704713E0C3F1000330FA03FCC3F1200256
:103A10009040A3EB010202F212420CEB025141F082
:103A2000004140F2FE739A4238BF70474FF00041A8
:103A3000A8BFCFF6F0714FF000007047002170472B
:103A400060B3B0FA80F30B3B0FD4984001EB030254
:103A5000524202F2124200EB02514FF0000040F2DB
:103A6000FE739A4238BF704710E05B4230FA03FCA5
:103A7000C3F120029040A3EB010202F212420CEBD0
:103A8000025140F2FE739A4238BF70474FF0000176
:103A9000A8BFC7F6F0714FF00000704700217047D3
:103AA0000022A2F232425FEA215CACF10103A1EBF9
:103AB00003515B0513F5800F32D212EB535210D431
:103AC0000B2A36DA9140D2F1200330FA03F319437E
:103AD0009040BCF1000FA8BF7047404261EB41012C
:103AE000704720320EDD01FA02F3D2F12002D140FC
:103AF000D0401843BCF1000FA8BF7047404261EBB3
:103B000041017047524282F3050231FA02F000216E
:103B1000BCF1000FA8BF7047404261EB4101704704
:103B200002D000200021704750EA013118BF4FF049
:103B3000000C6FF0004101EBDC716FEAEC70704734
:103B4000704700BF2DE9F04F83B00F461146DDE905
:103B50000EB292079846DDE90C93064629D00D4631
:103B60009BB109EB030405EB040A01950D460D9387
:103B7000AAEB040214F8010D43463946B047A145AB
:103B8000F6D129460D9B019D1D440F9B9B070CD52B
:103B90006C1AA34509D92A464346394620200134E8
:103BA000B0475C4505F10105F5D3284603B0BDE8F3
:103BB000F08F5B4515D28A461C468946ABEB030560
:103BC0000D4452464346394620200AF1010AB047C7
:103BD000AA45F6D149462346DDF83090002CC0D1E5
:103BE000E3E70D46002BBCD1DFE700BF2DE9F04F26
:103BF0000F460F9906469DF82C008D079046DDE98B
:103C00000CA299468346099CDDF828C00E9B49D436
:103C1000002B42D1944545D201F0010504F1FF3E4D
:103C20003020E64405E00CF1010C62450EF8010F6E
:103C300002D9BCF1200FF6D1002D00F0878063453A
:103C400030D9601E4FF0300E604405E00CF1010CDD
:103C50009C4500F801EF25D0BCF1200FF6D1CD0630
:103C60000ED5480551D4624564D0634562D0BAF19F
:103C7000100F4DD0BAF1020F55D0BCF1200F2DD14D
:103C80002022CDE90B310A924B4642463946304656
:103C90000994BDE8F04FFFF755BF11F001052ED193
:103CA0009445BBD3CD061ED54805E0D4BCF1000F2A
:103CB000D9D1BAF1100F5FD0BAF1020F74D030220F
:103CC0004FF0010C2270BBF1000F12D1480742D512
:103CD0002B2204F80C200CF10102D2E762460CF111
:103CE000010C3020A054BCF1200FC9D0BBF1000F53
:103CF000ECD02D2204F80C200CF10102C1E798B39E
:103D0000944503F1FF3389D399E7BAF1100FB7D186
:103D10008D063DD5BCF1200FB2D0582204F80C20FE
:103D20000CF1010CA9E7BCF1200FA9D062460CF1FF
:103D3000010C08E0BCF10102BBD0BAF1100F35D084
:103D4000BAF1020FCDD16220A05496E7CD06CAD5B4
:103D5000480588D58BE70A0749BF2022624604F848
:103D60000C200CF101028CE711F00C0F00D0013B8C
:103D70009445FFF453AF62E78A0613D47822227089
:103D800030224FF0020C6270BBF1000F9ED0B0E702
:103D9000BCF1200F3FF474AF782204F80C200CF132
:103DA000010C6AE75822EAE76222E8E78D06ACF1E7
:103DB000020004D54FF0580E04F800E091E74FF0F0
:103DC000780E04F800E08CE700B9704701F018BCE9
:103DD00010B1D1E900311847704700BF0000000062
:103DE0002DE9F04F97B09DED207BDDE9225B804609
:103DF000894651EC170B9A46249B0C920793024676
:103E00000B468DED047BFFF7D5FC002840F0E381E5
:103E1000DDE904014FF0FF326FF48013FFF7EEFC91
:103E2000002840F0CB80DDE904014FF0FF32B24BB7
:103E3000FFF720FD002840F09F80DDE90467AAA37A
:103E4000D3E9002330463946FFF714FD002840F03F
:103E50008280A7A3D3E9002330463946FFF7CEFC82
:103E6000002878D13046394600220023FFF7C6FCEF
:103E7000002840F098800D90079B302113F4806F4C
:103E800008BF06250EAA2B46A5F1200605E0013B3A
:103E9000B34202F8011B00F06581092BF7D81E46DA
:103EA000ED1ADDE90401FFF761FC944B044603EBD6
:103EB000C60393ED007B8DED087BFFF733FC0246D4
:103EC0000B46DDE90401FFF797FBDDE90823FFF767
:103ED000A7FBCDE90A01FFF75BFC0746FFF734FCBF
:103EE00002460B46DDE90A01FFF786FB0022844B00
:103EF000CDE90A01FFF7BEFC002800F088800137F9
:103F00003846FFF721FC02460B46DDE90801FFF7C2
:103F100089FC08B100270134002E00F088800DF1E3
:103F20003703DFF8F0C158190DE0ACFB0721C908D1
:103F300001EB8102A7EB42023032092F00F8012F7A
:103F400040F2FB800F46202D06F1FF3605F10105FA
:103F5000EBD1202586E0079B9DED047BCDE923B3C3
:103F60004946534640460C9A8DED207B229517B06A
:103F7000BDE8F04F00F080B9079B494658074CBF99
:103F800004230323404621935346079A48BF5D4CC0
:103F9000CDE922B258BF5C4C0C9A209417B0BDE812
:103FA000F04FFFF7CFBD3B46324600200021FFF720
:103FB00023FB0123CDE904010D935DE7079B03F08B
:103FC00002029C07049200F0F4800C9F3D464F4E85
:103FD000341D14F8010D2A4653464946C047A642EF
:103FE00005F10105F5D1049B3C1D63B10C9D631BDC
:103FF0009B4508D922465346494620200134C047F4
:10400000631B9B45F6D8204617B0BDE8F08F002211
:10401000DDE90A013A4BFFF7F1FB00287FF47CAFA2
:10402000002F40F0C2800137002E7FF478AF204689
:10403000FFF778FB02460B46DDE90401FFF7DCFAE7
:1040400000222F4B06460F46FFF7D8FB40B93046FB
:10405000394600222A4BFFF70DFC002800F0A18012
:104060000DF137032A4859190EE080FB0476C2EBA4
:10407000A60202EB8206A4EB460630361446013552
:1040800001F8016F002A47D0202D4FEAE472ECD1ED
:10409000079A02F00302012A14D1BBF1000F11D0DC
:1040A0000D9A002A60D00BF1FF3BBBF1200F09D91C
:1040B00030222B4404E001355D4503F8012F31D255
:1040C000202DF8D1079B0EACCDE902B300945346E6
:1040D000494640460C9A0195FFF734FD04462046B8
:1040E00017B0BDE8F08F00BF0000000065CDCD41E6
:1040F0000000000065CDCDC1FFFFEF7F30C600108E
:104100000000E03F90C3001098C30010A0C300104F
:1041100067666666CDCCCCCC079A02F00302012A12
:1041200000F09680202DCDD00D9B3BB32D220DEBC2
:10413000050383F838200135C4E7202D3FF409AF8B
:1041400030212E445A1905E00135202D02F8011FB7
:104150003FF4FFAEAE42F7D12E226E44013586F811
:1041600038207FE720259CE6079A12F00C0F5AD0E2
:104170000BF1FF3BAB459BD8202DA3D0079B5A07E3
:1041800006D52B220DEB050383F83820013599E77E
:104190001B0797D520220DEB050383F83820013546
:1041A00090E7013424F001045AE7F9077FF5B4AE33
:1041B00039E7BBF1040F7FF608AF0C9B1D46043BAB
:1041C00003EB0B072A465346494620200135C047DA
:1041D000AF42F7D1FAE6079B03F002029D07049273
:1041E00025D00C9F3D46224EF41C14F8010D2A46A2
:1041F00053464946C047A64205F10105F5D1049B47
:10420000FC1C002B3FF4FFAE0C9D631B9B457FF60F
:10421000FAAE22465346494620200134C047631B6C
:104220009B45F6D8EFE6AB453FF642AF4AE7BBF118
:10423000030FD6D90C9B1D46033B03EB0B072A4605
:104240005346494620200135C047BD42F7D1C9E752
:10425000BBF1000F3FF466AF0D9A002A84D00BF13A
:10426000FF3B5D45FFF424AF202D7FF45FAF29E7CE
:104270009CC30010000000002DE9F04F9FB01E46C7
:10428000DDE928ABDDE92B982A9B04460D460B920D
:104290000A9352465B4650465946FFF78BFA002870
:1042A00040F0C680504659464FF0FF327B4BFFF737
:1042B000E1FA002840F0BC80504659464FF0FF32EA
:1042C0006FF48013FFF79AFA002840F0B18050464F
:1042D000594600220023FFF791FA002840F0DD81C3
:1042E000CDE908ABDDE9081218F480600B460F46F3
:1042F00008F400610C921491159040F0A8801343CB
:1043000040F0D080002940F0EC8106230A9318F099
:104310000202109240F0DD814B46042B38BF04238B
:104320000E920422043B12921493504659460022E6
:104330000023FFF763FA002840F02A829DED087BF6
:10434000149B0B9A03930A9B8DED007B029328F438
:1043500000630493294633462046FFF741FD024699
:1043600018F0200F334629460CBF6520452002F186
:104370000108A047129B0DF1580A03F1FF3B0E9B69
:10438000002283EAE37C5046DFF814E10B9FACEB9C
:10439000E37CD90FCDF8208002E0202AC44610D05B
:1043A000AEFB0C384FEAD80808EB8803ACEB4303AC
:1043B00001303033BCF1090F02F1010200F8013C79
:1043C000EBD805234FF0000C06930A23DDF820807C
:1043D000CDE90121CDE9033CCDF800A033464246AA
:1043E00029462046CDF814B0FFF700FC109B82460A
:1043F000D3B1A0EB0708C14516D907EB0802334635
:104400002946202008F10108A047C145F5D87B1EA8
:104410004B44C7F10102A3EB0A035244914538BF54
:1044200000230AF1010A9A4450461FB0BDE8F08FFC
:10443000334629462046CDE928AB0A9CCDE92B9886
:104440000B9A2A941FB0BDE8F04FFFF7C9BC57EA9A
:10445000020329D100293FF45AAF00230E930A9B8F
:104460000E9A934200F3BA81002750465946002223
:104470000023FFF7C3F9002840F015819DED087B6C
:1044800028F4006343F480632C938DED287B33463E
:1044900029462046CDE92A790B9AD3E7FFFFEF7F23
:1044A000CDCCCCCC06230A930C9BC3F30A50A0F2CC
:1044B000FF30FFF737F9B2A3D3E90023FFF7B0F8D5
:1044C000B1A3D3E90023FFF783F80C9BCDE90E01DC
:1044D000C3F3130343F07F5138460022A24B41F44B
:1044E0004011FFF789F894A3D3E90023FFF798F868
:1044F00002460B46DDE90E01FFF76AF8FFF736F9D1
:104500000E90FFF70FF98EA3D3E90023CDE90C013C
:10451000FFF786F80022954BFFF75AF8FFF726F9C8
:1045200089A3D3E900230746DDE90C01FFF778F8FA
:10453000CDE90C013846FFF7F5F885A3D3E9002350
:10454000FFF76EF802460B46DDE90C01FFF754F861
:1045500002460B46CDE90C23FFF762F8CDE91001C6
:10456000DDE90C0102460B46FFF732F80022CDE9E7
:104570001201DDE910017E4BFFF778F800227D4B38
:10458000FFF726F802460B46DDE91001FFF76EF84B
:104590000022794BFFF71CF802460B46DDE91001BB
:1045A000FFF764F8CDE91001DDE90C2300204FF09E
:1045B0008041FFF721F802460B46DDE91001FFF7C5
:1045C00007F802460B46DDE91201FFF74FF800221B
:1045D0006A4BFEF7FDFF07F2FF3C00224FEA0C5347
:1045E000FFF71EF802460B46DDE90801CDE90C2372
:1045F000FFF704F950B1DDE90C010E9B0022013BED
:104600000E935C4BFFF732F8CDE90C01DDE90C01AC
:104610000E9B02466333C62B08F002031093149BD3
:104620002DD8002B5FD0042312930A433FF417AF19
:10463000DDE9080148A3D3E90023FFF707F948B1F2
:10464000DDE9080146A3D3E90023FFF7D7F80028E6
:104650007FF405AF0A9B002B51D0159A002A00F079
:10466000AC80013B0A93129B994505D9109B002B06
:1046700000F0AF80022310930023149344E02BBB7F
:10468000B9F1050F4FD908F00203002B49D10523DA
:104690001293A9F1050314933AE00BF10043CDF80E
:1046A00020A009931EE628F4006343F480632046AB
:1046B000CDE92A792C933346DDE90867344629464B
:1046C00007F10045CDE928450B9ABBE60523129377
:1046D000ABE70222002310920422149312920E934D
:1046E00023E60527C1E6B9F1040F1FD9109B002B63
:1046F00077D104231293A9F10403149304E0129BCD
:1047000099455FD80A9B14930E9B002B3FF40DAE86
:10471000DDE90801DDE90C23FEF7A8FFCDE908017A
:1047200003E60223109305231293F1E70423129367
:10473000EAE700BFAFF3008061436F63A787D23F12
:1047400071A379094F930A401655B5BBB16B02406E
:10475000EF39FAFE422EE63F2D431CEBE2361A3FBC
:104760000000000080842E410000F83F0000E03F80
:1047700000002C4000002440000018400000F03FE2
:10478000FB799F501344D33FB3C8608B288AC63F40
:10479000149BDDE908A703930A9B07F1004B0293E2
:1047A00028F400630B9A0493294633462046CDE94A
:1047B00000ABFFF715FB0246D2E5129B994515D8D1
:1047C0001492A1E7109B23B10A9B14930223109328
:1047D0009AE7129BA9EB0303149395E79B1A5F1EBC
:1047E00043E604231293022310938DE7109B002BC2
:1047F000EFD002231492109386E700BF2DE9F04F0B
:1048000091469A4C9A4AB1F1000A9BB018BF834670
:1048100014601878974ADDF8908008BF9346002806
:1048200000F08A821D460026CDF8209008E032462E
:104830005146089BD84701362878002800F0C780E9
:10484000252805F10105F2D100222B4613F8011BA2
:10485000A1F1200010280AD8DFE800F03F09093B49
:104860000909090909090937093309092F00A1F1C3
:104870003000092840F289802A2900F0E9800024CC
:104880002E2900F094800027A1F1680012282CD86E
:10489000DFE810F04E012B0049012B0040012B00F6
:1048A0002B002B002B002B002B002B0027002B00B4
:1048B0002B002B002B002B0027001D4642F001028D
:1048C000C3E71D4642F00202BFE71D4642F0040264
:1048D000BBE71D4642F01002B7E71D4642F0080252
:1048E000B3E7697842F48072013367291D467ED8A8
:1048F000242940F2B880A1F12503422B00F2B380B5
:10490000DFE813F05101B100B100B100B100B10016
:10491000B100B100B100B100B100B100B100B1000F
:10492000B100B100B100B100B100B100B100B100FF
:10493000B100B100B100B100B100B100B100B100EF
:10494000B100B1001E013A011E01B100B100B10079
:10495000B100B100B100B100B100B100B100B100CF
:10496000B100B100B100B100B100B401B100B100BB
:10497000B100B100B100B100B100B100B100B401AB
:104980005801B4011E013A011E01002404EB840405
:1049900001EB440419781D46A1F130000928A4F167
:1049A000300403F10103F1D92E297FF46CAF69784B
:1049B0001846A1F13007092F42F4806240F22581A8
:1049C0002A2900F032811D46002701335CE7344676
:1049D000DDF82090B14501D809F1FF364B4632464B
:1049E00051460020D84720461BB0BDE8F08FA1F10A
:1049F0006903DBB20F2B36D8012049F2410C9840F5
:104A000010EA0C0040F0F4800A2B35D0072B2AD195
:104A100058F8041B002940F0108122F0100412F411
:104A2000806144F0210400F00A8112AA0823059352
:104A30001023CDE900203246069404970393002307
:104A4000029351465846089BFFF7D0F80646F3E616
:104A500058F8044B6978002C1D46BCBF42F0020296
:104A6000644201330CE70846E1E600BFFD47001051
:104A7000202D0020413B001058F8049B002F99F88E
:104A8000000014BF3B464FF0FF33002800F0828344
:104A9000494603EB090C04E011F8013F002B00F03C
:104AA00043818C45F8D1ACEB0901530540F12081DD
:104AB000B94228BF394612F0020300F08382022374
:104AC000CDE9094832468846089C37440B9307E0F5
:104AD00023465146D84719F8010F013610B1324626
:104AE000B742F5D10B9B4146099CDDF82880002B8D
:104AF0003FF4A2AE37468C427FF69EAE2644089C19
:104B0000761A3A462346514620200137D847B74205
:104B1000F7D191E669786C297FF4E4AEA97842F484
:104B20004072EB1CE1E6697842F400720133DCE686
:104B30006978682900F0FB8042F080020133D4E6F6
:104B4000672900F0C980472900F0CD80452900F091
:104B5000CC80CDE9034208F10708029728F0070846
:104B60003246F8E802675146CDE900675846089B8F
:104B7000FFF782FB06465FE6462908BF42F02002A7
:104B8000CDE9034208F10708029728F007083246EA
:104B9000F8E802675146CDE900675846089BFFF7E1
:104BA0001FF9064648E6324651462520089BD8475D
:104BB000013641E608F104039207099306F1010763
:104BC00040F1C3803246514698F80000089BD84710
:104BD000012C40F2B4812644089C3A4623465146B3
:104BE00020200137D847B742F7D1DDF8248023E6EB
:104BF0006F2974D040F24182782900F086814FF00D
:104C00000A0922F010024B4638E0002707EB87071D
:104C100001EB4701A1F1300710F8011FA1F13003AA
:104C2000092BF3D90546431C2EE658F8047BA978D6
:104C300002356B1C27EAE77726E642F0210412AA28
:104C4000944602E020283FF4F1AE01F00F03092B57
:104C500094BF303337330F298CF8003000F1010056
:104C60000CF1010C4FEA1111ECD8DFE6582966D09F
:104C7000622940F089804FF002094B4612F4806CA3
:104C800000F0D48022F00D02099212F4007140F07D
:104C90007B8112F4807008F1040940F038825106DB
:104CA00040F13A8198F80010002940F04A81099AB1
:104CB00022F010020992BCF1000F00F04281084678
:104CC00012AA0999CDE90337CDE9054101900023E6
:104CD000009202933246A1E042F4006239E74FF0BD
:104CE00008094B46CAE742F4006242F0200230E76E
:104CF00012F0020300F08C810223CDE909481F461F
:104D00008846089C324623465146D84719F8010F79
:104D100001360028F6D13B464146099CDDF8288043
:104D2000002B3FF489ADE5E6A1EB0901BDE6A978CA
:104D300042F0C002EB1CD8E5044606464AE64FF0B6
:104D4000100942F020024B4698E7012C40F2F18016
:104D5000374606F1FF39CDF82880DDF82080A144E0
:104D60003A464346514620200137D8474F45F7D1B0
:104D7000DDF828803A4698F800005146089BD8474D
:104D80002644DDF8248057E512F4806300F0C180EA
:104D90004FF4806322F0110010F4007E4AD110F429
:104DA000807C08F1040940F03781410600F1A980B8
:104DB000020640F1E381B8F9002082EAE271A1EB3A
:104DC000E2711FFA81FED10F0991002A00F05F8184
:104DD000734612AA9646DFF8A0830A9403E0BCF15A
:104DE000200F23460FD0A8FB0314E40804EB840132
:104DF000A3EB41010EF1010E3031092B0CF1010C36
:104E00000EF8011CEBD80A9C099B0092CDE901C366
:104E10000A233246CDE9054004970393514658468C
:104E2000089BFEF7E3FEC846064605E522F00C02A5
:104E300009922AE708F1070828F00708D8F80420A3
:104E400058F808CBD10F5CEA020E6CD0002A6346FA
:104E500002DA5B4262EB42029146099312AA94463F
:104E60004FF0000ECDE90A18CDE90C470E960F92CF
:104E700003E0BEF1200F3B4630D04FF0CC3213EBB5
:104E80000901BD4F41F10001A7FB014626F00304D3
:104E900004EB9604091B5C1A02FB04F63A4669F11E
:104EA000000802FB08660522A4FB077407F001084E
:104EB0002644A8FB024864180A2B0CF1010C4FEAA7
:104EC000570704F1300479F100090EF1010E0CF8D6
:104ED000014C47EAC6774FEA5609CAD27346DDE964
:104EE0000A18DDE90C470E9E0F9ACDF824E0CDE9B3
:104EF00001310A230092CDE905403246049703931D
:104F00009FE598F8002096465DE74FF010094B4664
:104F1000B4E622F010003FE711064CBFB8F80010CD
:104F2000D8F80010C0E6002B40F042819946099362
:104F300094E73246514698F80000089BD8473E4611
:104F400053E6099A0A9412F0200F14BF4FF041085B
:104F50004FF0610812AA9446A8F10A0802E020283E
:104F600071460FD0B1FBF3FE03FB1E14092C94BF56
:104F70003034444499428CF8004000F101000CF1B7
:104F8000010CECD20A9C9CE608F1070828F00708FF
:104F9000D8F8042058F8081B0A920A438E467BD1A1
:104FA000099A22F010020992BCF1000F74D000207F
:104FB00012AA0999CDE90020CDE905413246CDE993
:104FC00003373CE58C4298BF01317FF679AD4FF451
:104FD0008063CDE909949946A2190B97089F541A4A
:104FE00032463B46514620200136D847A642F7D1EB
:104FF000DDE90A474B46DDF8249099F800000028C7
:105000003FF41AAC611C002B3FF477AE002357E548
:105010008C42DED8013170E6D8F80020D10F002A8A
:1050200000F0B38082EAE273A3EBE27312AA944623
:10503000CDE90914DFF8408103E0BEF1200F2346DB
:105040000FD0A8FB0314E40804EB8401A3EB410197
:105050000CF1010C3031092B0EF1010E0CF8011C82
:10506000EBD8DDE909140A230092CDE90540324668
:10507000CDE901E104970393D0E6692922F01000FD
:1050800040F0918012F480633FF486AE80E6002BFE
:105090003FF49FAE12AAB7E6099ACDE90B8412F04D
:1050A000200F14BF41216121CDE90D76CDE90F3BE1
:1050B000CDF844A00027F0460A9C12AE0DF1480B33
:1050C000A1F10A0A03E0202F80460C4613D02146A6
:1050D0004A460023404606F07BFFD2B2092A94BF1D
:1050E00030325244C84574F10004327007F10107B0
:1050F00006F10106E7D23846DDE90B845A460E9EDA
:105100000D9F0F9BDDF844A0DDF840B051E7D8F8C3
:1051100000E0BEF1000F0DD122F010020992BCF1A7
:10512000000F07D012AA0998CDE90337CDE9054051
:105130000191CCE5099A12F0200F14BF41206120A3
:1051400012AA94460A92A0F10A0202E02029C64659
:105150000FD0BEFBF3F803FB18E0092894BF3030F2
:1051600080189E458CF8000001F101010CF1010C42
:10517000ECD20A9AD7E700BFCDCCCCCCD8F800202F
:1051800082EAE27EAEEBE27E1DE6002B3FF44EAFFC
:1051900012AA68E712F480610ED012F0020114D056
:1051A00001463746A7E44FF00A0902464B4665E53B
:1051B000002312AA09939AE612F002037FF49AAC34
:1051C000002C7FF406AFFFF737BB002C7FF4FFAE57
:1051D000FFF732BB8C4610B584B0009302901346A3
:1051E00002A94FF0FF320348CDF80CC0FFF706FBD1
:1051F00004B010BDD13D00100FB410B50E4B84B0FB
:1052000006A91C6851F8043B03915CB100914FF072
:10521000FF3202A90948A047012004B0BDE81040B0
:1052200004B07047184600F02DFA204604B0BDE8DF
:10523000104004B0704700BF202D0020C93D001071
:1052400010B5094A84B014684CB1034600914FF080
:10525000FF3203A90548A047012004B010BD00F0AB
:1052600011FA204604B010BD202D0020C93D0010C9
:1052700000BEFDE7074A0346106838B106490344FB
:105280008B428CBF4FF0FF301360704703490846D4
:105290001160F3E7F8280020000008205C300020AF
:1052A00038B9DFF814C008461146DCE9002300F0E5
:1052B00059B94FF0FF307047D0C50010431E012B85
:1052C00009D810B51446084601230022214600F0F3
:1052D000D3F8204610BD4FF0FF3070474FF0FF303D
:1052E000704700BF4FF0FF30704700BF08B5FFF7B1
:1052F000BFFF00BF00B50C468646194683B06AB1B1
:105300001046DFF824C00190234672460548CDF8C8
:1053100000C0FFF771FF0120FFF7AAFFDFF80CC004
:105320006046F0E7B8C30010A8C300106CC10010BD
:1053300038B5064C064DFEF71DF8AC4204D254F8C1
:10534000043B9847AC42FAD338BD00BF60C00010A0
:1053500068C00010036808461146184770B5054636
:105360000846697D82B000294FD0002A25DD0378E8
:1053700014460A2B064622D0012C4FF0000E0DD009
:105380003246012312F801CF1946BCF10A0F03F18E
:10539000010320D09C42F5D1744505DD2B68A4EBB8
:1053A0000E0106EB0E009847311911F8013CA3F1EC
:1053B0000D03B3FA83F35B092B7502B070BD2B7D2F
:1053C000002BD9D102212B6813489847012CEBD030
:1053D0004FF0010ED4E712F8010C0D28DAD08E45FB
:1053E00006EB0E00A1EB0E0105DACDE900322B68C9
:1053F0009847DDE90032CDE9003202212B680648EA
:105400009847009B019A9E46C4E711462B6802B05C
:10541000BDE87040184700BF80C6001070B50B682B
:105420000C46802B054682B005D05A1C23442260CE
:105430001D7102B070BD0E4B186878B900230122AF
:10544000234422601D7102B070BD2268211D0190AD
:10545000FFF784FF019800690028EFD00368002B54
:10546000F9D0044B1B68002BEFD08342F3D1ECE75B
:1054700064280020702800202DE9F04782B0904673
:105480001C460D460746FDF717FD4FF0FF3C6FF039
:1054900000462E4A821841F10003944576EB030141
:1054A0003CBF624633462A4806F0AAFD6B1C824682
:1054B00040D00CB3274E284B1C68B4B1B8F1000F94
:1054C0001CD1DFF89C8001E0246974B12368002BB3
:1054D000FAD0D8F800300BB19C42F5D120462A46CC
:1054E0003946B0472469002CF0D1BAF1000F26D11B
:1054F000284602B0BDE8F087184EDCE74FF00A09F5
:10550000DFF85C8002E02469002CEED02368002BD9
:10551000F9D0D8F800300BB1A342F4D12A4639466D
:105520002046B047012220460DF107018DF8079073
:10553000B047E8E7384605F06FF80546B9E7044894
:1055400006F04AFD284602B0BDE8F08740420F0051
:10555000101F00205D5300106428002055530010D8
:10556000702800202DE9F84F06460D4693469946CF
:10557000DFF85880DFF858A0134FD8F8004014B96E
:1055800010E0246974B1DAF800300BB1A342F8D10D
:10559000A368002BF5D02946304698470028F0DD57
:1055A000BDE8F88F7B6A994508D8BA6A5A4503D393
:1055B0006FF00100BDE8F88F9945F9D10120002175
:1055C000FDF784FCD9E700BF00000B4064280020F1
:1055D00070280020084A136823B90AE003F110027A
:1055E0001B6933B18342F9D129B918691060196177
:1055F000704701B1106070476428002000F0E2BAE3
:10560000F0B583B006468DF80700FDF755FC4FF066
:10561000FF356FF00044174A821841F100039542AC
:1056200074EB03013CBF23462A46134806F0E8FC0E
:10563000124B07461C689CB1114D01E024697CB1F6
:105640002368002BFAD02B680BB19C42F6D1204680
:1056500001220DF10701FFF781FE2469002CEFD133
:1056600017B9304603B0F0BD034806F0B5FC30462C
:1056700003B0F0BD40420F00101F0020642800203E
:105680007028002038B5044604F0C6FF0123054603
:105690001A4620462946FFF7EFFE084B1C682CB13E
:1056A00063682BB198472469002CF9D1284638BD8E
:1056B0002469002CF4D1284638BD00BF642800209E
:1056C0002DE9F041A2B00E460546FDF7F5FB4FF07F
:1056D000FF3C6FF00044254A821841F100039445D5
:1056E00074EB03013CBF23466246214806F088FC68
:1056F0000024334607462A461E4801A90194FFF7B5
:1057000069FD1D4E019B80463468BBB1002C2AD038
:105710001A4D01E0246974B12368002BFAD02B687C
:105720000BB1A342F6D12046019A02A9FFF716FE5B
:105730002469002CF0D12346346801932CB16368AE
:1057400043B198472469002CF9D12FB9404622B0C3
:10575000BDE8F0812469F1E7054806F03DFC4046CC
:1057600022B0BDE8F0810194EFE700BF40420F0096
:10577000101F00201D5400106428002070280020F5
:105780000FB400B583B004A951F8040B0191FFF7E1
:1057900097FF03B05DF804EB04B07047704700BF9B
:1057A0000022014B1A7070474C3000204B79FF2BC0
:1057B0000BD1887948B9CB79012B07D1082A05D9B3
:1057C000034B8A7809201A7070470020704700BF89
:1057D0004C30002001207047012901D00120704782
:1057E00008B5104B91881B78994201D0002008BD64
:1057F0005378012B08D0022BF8D1002164220846EF
:10580000FDF7EAFC012008BD5188CB0548BF480AD6
:10581000C1F3402258BF4FF0FF3001F07F01FDF788
:1058200065FD00BF4C300020004870474CC7001099
:10583000012907D15378012B02D19388072B03D07C
:1058400000207047012070471146A623014A01F04D
:105850008DBA00BFA4C600100346012201481A7089
:10586000704700BF84C6001008B50B68B3F5966F8B
:1058700000D008BD00224FF0FF301146FDF736FD85
:10588000024A034B10601960704700BF04280020D3
:1058900008280020184B70B51A68002A28D0EFF3AA
:1058A000108172B6D2E8CF4F0120002CFAD1C2E8A5
:1058B000440F002CF6D1BFF35F8F00220F4C186805
:1058C00059602270C0E88F2F81F3108800240025D2
:1058D0000B4E3078FCF71EFC20B900240025204632
:1058E000294670BD3078FCF725FC2046294670BD5E
:1058F0004FF47A740025EBE7A42D002052300020ED
:1059000050300020014B1878FCF714BC50300020B8
:1059100038B5044600200D4601F062FBA8B3002014
:1059200001F074FB88B3FDF7C7FA4FF0FF3E6FF04C
:10593000004C174A821841F1000396457CEB0301A5
:105940003CBF72466346134806F05AFBE8B100209C
:1059500001F046FB58B901464FF0FF3000F02AFD38
:105960006FF002040B4806F037FB204638BD0020DC
:1059700001F04CFB0028EED021462A46002001F021
:105980004FFB04460028EDD1EAE76FF00204ECE794
:1059900040420F00FC2F002008B5FDF78DFA4FF0B4
:1059A000FF3E6FF0004C0F4A821841F1000396450C
:1059B0007CEB03013CBF724663460B4806F020FBBC
:1059C00070B14FF0FF30002100F0F4FC002001F036
:1059D0006DFB0028F5D1BDE80840034806F0FCBA8D
:1059E00008BD00BF40420F00FC2F00202DE9F04110
:1059F00007460E46FDF760FA4FF0FF356FF00044A2
:105A0000324A821841F10003954274EB03013CBF16
:105A10002A4623462E4806F0F3FA08B9BDE8F0817D
:105A2000002001F0DDFA002845D0002E3EDD0025E3
:105A3000DFF8A48012E02246002001F081FB002163
:105A400005444FF0FF3000F0B5FC002001F02EFBC4
:105A5000FDF732FAC8E90001AE4227DD002001F06F
:105A60008DFB741B8442A8BF04467919002CE2D137
:105A700021464FF0FF3000F09DFC204601F016FB60
:105A8000204601F0ADFA88B1204601F077FB0028EE
:105A9000E2D1FDF711FA0F4AD8F800309B18D8F878
:105AA000042042F1000283428A41D5D20848BDE871
:105AB000F04106F091BA0020BDE8F0410021064B0C
:105AC000C3E90001024806F087BA00BF40420F0058
:105AD000FC2F002020A107006021002010B500212C
:105AE00084B0324806F090FA28BB314B1A6802B3F2
:105AF000EFF3108172B6D2E8CFEF5FF0010CBEF188
:105B0000000FF8D1C2E84ECFBEF1000FF3D1BFF3C2
:105B10005F8FDFF8A8C0D3F800E09CF80020596040
:105B2000D3B201228CF80020CEE88F0F81F31088C9
:105B3000CBB104B010BD00214FF0FF3000F03AFCB3
:105B4000002001F063FA0446184806F045FA002CDC
:105B5000EFD0184B1B68002BEBD0174A106804B02D
:105B6000BDE810401847FCF717FF0446FDF7A4F9FD
:105B70004FF0FF3E6FF0004C10F57A7241F10003D8
:105B800096457CEB030138BF63464FF000014FF0B0
:105B9000010C38BF7246DFF828E02046CDE9011C31
:105BA000CDF800E0FCF7FCFE04B010BDFC2F002097
:105BB000A42D0020042800200828002052300020B6
:105BC000955800104FF0504330B585B01C68FCF775
:105BD000E3FEFCF7FFFFA04202D0002005B030BD7D
:105BE00000212C4B08461B7801F0ACFD2A480368C5
:105BF000002B4BD00120FCF751FC0346274C2849D1
:105C0000C0B22370FCF7B2FA20780121FCF76CFADD
:105C10000E20FCF79BFA60BB224B6FF00044C3E9F7
:105C20000000FCF7B9FE0546FDF746F94FF0FF3CD2
:105C300010F57A7241F10003944574EB030138BF0B
:105C400023464FF000014FF0010438BF6246DFF8F1
:105C500060C02846CDE90114CDF800C0FCF7A0FED5
:105C60000028BADB01211048FFF7B4FC012005B081
:105C700030BD0120FCF7F2F901460A48FCF76CFC44
:105C800000220E200949FCF7A9FAEBE7FCF748FCD3
:105C9000B0E700BFB4CB0010FC2F00205030002034
:105CA000DD5A0010A42D00205C16002005590010BC
:105CB0009558001000487047E8C70010004870472A
:105CC00094C7001000B51C4A0346117883B031B365
:105CD00063B940F209424FF44173DFF860C0ACF899
:105CE00002201648ACF8003003B000BD052B20D8C8
:105CF000134ADFF848C052F82310604600230139E8
:105D000003E0132B20F8022F10D011F8012F0133DC
:105D1000DBB2002AF5D15B0043F44073E1E7019068
:105D20001121104600F024F8019BD1E74FF44A738B
:105D3000D7E70020D8E700BF2C3000203C28002007
:105D40007CC7001000B545F247308BB0FDF7C2FAB2
:105D500001220346092101A89847DDE903320349DE
:105D600012BA1BBAC1E900230BB000BDE42D00201C
:105D7000012900F0BB80614A013913784FEA231CE6
:105D8000BCF1090FCCBF0CF1370C0CF1300C012920
:105D900080F800C000F0AD8003F00F03092B8CBF2A
:105DA000373330330229437000F0A38053784FEA31
:105DB000231CBCF1090FCCBF0CF1370C0CF1300CDB
:105DC000032980F802C000F0948003F00F03092B30
:105DD0008CBF373330330429C37000F08A80937846
:105DE0004FEA231CBCF1090FCCBF0CF1370C0CF1AE
:105DF000300C052980F804C07BD003F00F03092B79
:105E00008CBF373330330629437172D0D3784FEAD1
:105E1000231CBCF1090FCCBF0CF1370C0CF1300C7A
:105E2000072980F806C064D003F00F03092B8CBF4C
:105E3000373330330829C3715BD013794FEA231C01
:105E4000BCF1090FCCBF0CF1370C0CF1300C092957
:105E500080F808C04DD003F00F03092B8CBF3733F7
:105E600030330A29437244D053794FEA231CBCF1E2
:105E7000090FCCBF0CF1370C0CF1300C0B2980F85A
:105E80000AC036D003F00F03092B8CBF37333033F1
:105E90000C29C3722DD093794FEA231CBCF1090F52
:105EA000CCBF0CF1370C0CF1300C0D2980F80CC074
:105EB0001FD003F00F03092B8CBF373330330E296B
:105EC000437316D0D3791A11092ACCBF3732303236
:105ED0000F2982730DD003F00F03092B94BF3033C9
:105EE00037331029C37318BF103002D0002303705A
:105EF0007047002308440370704700BFE42D002062
:105F000010B500F039F90C231C4CFF22A3670E20BA
:105F10001B49FCF763F9402200211A4804F038F8C5
:105F20004FF0800C0120174A0023A2F822C05070C5
:105F300010464022144902830287144A816043605C
:105F4000C2F88430C2F8803080F8213080F83B30CD
:105F500043620F4BC360C362803B836206F058F814
:105F60004FF0005C4FF4803201200A490A4B206454
:105F7000C4F84CC0C4F89010DA6410BD0000115091
:105F800099030020FC2800208400105000001050CD
:105F90000001105010D001000020115001210E20EE
:105FA000FCF7A2B800220248114600F005B900BF74
:105FB0001C290020044B197021B14FF40032034B0F
:105FC000C3F89020704700BF4530002000201150DA
:105FD0000B785B0600D070474B78052BFBD14B88C4
:105FE000014ADBB21360F6E700001150CB7803F0F2
:105FF000030CBCF1010FC3F3010062D02DE9F041A5
:10600000002691F802E0364C0EF07F02530089889A
:10601000984603EBDE1304EB43134FEADE15D87604
:10602000C1F30A0185F0010083F802E0198358707A
:10603000DE70D300002D32D12A48043304EB821ED7
:106040001F18CEF808701E5092B3274B03EBC20303
:10605000CEF804303F318909BCF1020F14BF8B0127
:10606000CB01224908EB05060A6804EB46161344E7
:106070000B601F49F2608B422DD808EB050304EB3F
:106080004314E17E82F0A04282F48012636842EA07
:10609000816242F0004201201A60BDE8F08111489F
:1060A00004EB821E0344CEF8283040F8326052B927
:1060B0001346104A04EB45140120E2606360BDE81A
:1060C000F08100207047D20002F1A04202F5801258
:1060D000CEF82420BEE7FDF747F9F268CDE700BF10
:1060E000FC2800208000105004001050282D0020B3
:1060F000FF0F10500001105005F08ABF08B59646FA
:10610000DFF81CC001F07F02C80900EB42000CEB75
:1061100040101A46714600F04FF8012008BD00BF3C
:10612000FC28002011F07F0205D100290CBF0220BD
:106130000120064B9866C909054B01EB420003EBB1
:1061400040104FF40062002105F056BF00201150AE
:10615000FC28002011F07F0300D170470022054881
:106160005B0003EBD11300EB43106FF40061C270CE
:1061700005F042BFFC2800204FF0805209480A4930
:1061800008B50A4B02600A609968C94311F0805152
:10619000FAD14FF48052064803F0FAFE0922054B6B
:1061A0005A6708BD00200240003002400000024053
:1061B000000010500000115000234FF0010C10B5EA
:1061C000016180F81AC08282C382044605F010FF84
:1061D00020B14FF40032074BC3F89020204605F061
:1061E00003FF10B10123237710BD2046BDE8104006
:1061F00005F0E6BE002011502DE9F04100241C4DB1
:10620000064623462A78DFF878801A4F0DE03B686F
:1062100013EB441323D0DB68304698472A780134C7
:10622000E4B2511CA142234606DBA242A3EB0203C7
:10623000EDD808EB4313EEE7542200210E4803F09B
:10624000A7FE4FF0FF330C4C2022C4E90133C4E910
:106250000333FF21BDE8F041084803F099BE4FF039
:10626000E023D3F8F03DDB0700D500BEBDE8F081A8
:106270004430002008230020102400202424002083
:10628000FCC70010704700BF704700BF0020704778
:1062900000207047704700BF704700BF704700BFC5
:1062A000704700BF024B5878003818BF0120704774
:1062B00010240020024B1878C0F38000704700BF04
:1062C000102400202DE9F047DFF8E48098F8003032
:1062D000FF2B53D100293CD054228A46814600210D
:1062E000284803F055FE0022274C284B20461A7000
:1062F000FCF716F9264B27481C60274CFCF71EF9C3
:10630000204601F017FE254A254B146023B125488D
:10631000FFF7A2FA244B18600024224D23462A7866
:10632000224F214E0DE0336813EB441311D05B680C
:106330007BB198472A780134E4B2511CA14223462C
:1063400011DBA242EFD89B1A07EB43135B68002BCB
:10635000EFD14FF0E023D3F8F03DDB0700D500BECE
:106360000020BDE8F0875146484688F80090FFF7C6
:10637000C7FD0028EDD04846FFF710FE0120BDE81C
:10638000F08700BF102400200824002046300020A1
:106390006424002088160020741600206824002041
:1063A000595800104430002008230020FCC700107A
:1063B00090160020954B1B78FF2B00F019812DE9DA
:1063C000F04F934C934DDFF86082934F8BB026686B
:1063D0007369EFF3108272B6D3E8CF0F0121002862
:1063E000FAD1C3E8401F0028F6D1BFF35F8FB26136
:1063F000304607A901F0E4FB00237269C2E88F3F31
:10640000B36983F31088002800F0CA809DF81D301E
:10641000013B072B00F29E83DFE803F0A5AF939BBF
:106420008C350A04089B002BD1D009989847CEE7F9
:106430009DF8201001F07F0605EB460000EBD1101F
:1064400090F8343023F0010380F8343090F8343081
:1064500023F0040380F83430002E00F0A480037D84
:1064600098F80020934280F091806C4A126812EBF9
:10647000431300F08E809E699DF82120099B9DF8B2
:106480001C00B047A3E73B78002B00F082803B78EC
:10649000013B3B703B7803F0FF00002B97D1DFF806
:1064A00074A19DF81CB09AF8003043F001038AF8FB
:1064B00000309AF8343060F300038AF834309AF8E8
:1064C000343060F382038AF834309AF8353060F360
:1064D00000038AF835309AF8353060F382038AF881
:1064E000353000F0A7FC9DF8203003F06002602AF0
:1064F0006CD0402A7DD003F01F03012B00F0C38035
:10650000022B00F09380002B60D1202A00F0028241
:10651000002A5BD19DF82130092B57D8DFE813F012
:10652000BF01AF015600D1015600A001760156000F
:106530006A01F9002B78D9077FF549AFFFF7B0FE64
:1065400045E7EB78DA077FF542AF0898FFF79CFE46
:106550003DE72B78D8077FF53AAF2878C0F3C00025
:10656000FFF79CFE33E79DF81C00FFF745FE00F0A7
:1065700057FC9DF82030AB7029E79DF81C00FFF711
:106580003BFE00F04DFCFFF787FE20E7501C9842D1
:1065900011DA4FF0E023D3F8F03DDC0700D500BE60
:1065A0000BB0BDE8F08F099B9DF821209DF81C00E1
:1065B00000F054FC0BE79B1A194A02EB43135AE70D
:1065C000FFF77CFB0246002840F094814FF0E02367
:1065D000D3F8F03DDE0700D500BE9DF81C00002179
:1065E000FFF7A0FD80219DF81C00FFF79BFDEEE664
:1065F00070470C4800F01EFC0121584608AAFFF71E
:1066000017F900287FF4E3AEE7E700BF90160020FB
:106610006824002010240020463000200823002099
:10662000FCC7001031580010443000209DF82410A1
:1066300011F0700FCAD1B44801F07F0390F800C088
:106640000AEB430000EBD110007D60454DD30CF107
:10665000010E8645C0F27081A0EB0C00DFF8ACC2E1
:106660000CEB40100090002A00F06A81009E7069D7
:1066700000F0E0FB01215846736908AA98470028FA
:106680007FF4A5AEA9E79DF824300F2BA5D89E4A2C
:1066900053441B791278934235D3511C99429CDBA9
:1066A0009A4E9B1A06EB4316706900F0C3FB01215A
:1066B0005846736908AA984700287FF488AE9DF869
:1066C000203013F0600688D19DF821300A3B012B61
:1066D00083D800F0AFFB9DF821300A2B00F0138225
:1066E000584608A900F026FB71E6DFF824C2DCF862
:1066F00000C00CEB40100090002A00F0218100281F
:106700003FF46BAFB2E7824A166816EB4316CBD163
:1067100063E79AF801209DF82230934200F06481EB
:106720009AF80120002A40F0D8818AF80130002B25
:1067300000F05881013BD8B2FFF7C0FA002800F002
:1067400074814378022B40F07081C2799AF800106E
:10675000C2F340131B01C2F3801221F0300143EA5F
:1067600042130B438AF80030438800F10901C31833
:106770000293029B8B4240F2C3814B780B2B00F0BB
:10678000CC810120042B40F050810022029B00921A
:106790005B1A1FFA83F95C4B01921B7803901FE090
:1067A0005B4B1B6813EB421300F03F814A461E69A6
:1067B000584605910493B0470246009B082A059964
:1067C00003F1010003D99145049B80F012814E4BE7
:1067D000C0B21B7800905A1C9042019000F32581B2
:1067E000009A01989342A0EB0303D9D8474A02EBE1
:1067F0004313DBE79AF8013058468DF81A300DF153
:106800001A02012308A900F0B1FAE0E5BDF8220060
:10681000030A5A1EC0B20E2A3FF6DFAE01A151F89C
:1068200022F000BF5D6A0010E3680010996A001052
:10683000DB650010DB6500107B6A0010E368001068
:10684000DB650010DB650010DB650010DB65001008
:10685000DB650010DB650010DB6500104F6A00107F
:1068600008A800F0EDFA58469DF82210FFF79AFBB1
:106870009AF8003043F002038AF80030A7E5BDF82B
:106880002230012B7FF4A9AE9AF80030584623F04D
:10689000080308A98AF8003000F04CFA97E558463A
:1068A0009AF800309A0802F00202C3F3401313432F
:1068B000ADF81A300DF11A02022308A900F056FAB9
:1068C00085E5BDF82230012B7FF487AE9AF80030C1
:1068D000584643F0080308A98AF8003000F02AFA65
:1068E00075E5022B3FF46CAEFFF7D2FC02460028A0
:1068F0003FF473AE5846538808A900F037FA0028D1
:106900007FF465AD69E600BF44300020FCC700108D
:10691000082300209DF824300F2B3FF65EAE924AEC
:1069200053441B79127893421ED2904A166816EB94
:1069300043167FF49CAE50E6002A7FF44EAE0092E0
:106940009DF821C00CF0FD02012A16D0BCF1000F09
:106950007FF43CAE0AEB430303EBD11393F83430DE
:106960005846C3F34003A3E7511C9942FFF635AEE6
:106970007F4E9B1A06EB431679E6BDF82220DAB962
:106980007C48BCF1010F007800F08E80CDE9011346
:10699000FFF7C8FB029B01990AEB430303EBD113FA
:1069A00093F8342042F0020283F8342093F8342024
:1069B00042F0010283F83420009B002B3FF407AD26
:1069C0001E46586900F036FA7369012108AA584634
:1069D0009847002000F02EFA9AF83530DB073FF593
:1069E000F6AC7DE6FFF758FC584608A900F0A2F97E
:1069F000EDE40398012800F0A680002800F09280C2
:106A0000002391F802E007E0009E8CF804605FFA32
:106A100083FC604540F286800EEB030C5AFA8CFC36
:106A20009CF804600133FF2EEED04FF0E023D3F842
:106A3000F03DD90700D500BE4FF0E023D3F8F03D7C
:106A4000DA0700D500BE00238AF80130C5E5FEF75D
:106A5000EBFE024600287FF44DAFBEE5FFF72AF9B2
:106A6000024600283FF4B2AD5846122308A900F0B0
:106A70007DF900287FF4ABACAFE5FFF707FC0246D9
:106A800000283FF4AAAD5846137808A900F06EF923
:106A900000287FF49CACA0E5BDF82410FFF712F9A4
:106AA00002460028EFD198E5CDE902320191FFF7C7
:106AB00051FB029B01990AEB430303EBD11393F8BB
:106AC0003410039A62F3410183F8341093F83410C0
:106AD00062F3000183F834106EE7002158460193F9
:106AE000FFF768FA5846FFF707FB9AF80220584666
:106AF0000092FFF781FB009A019B8AF8022014E6BE
:106B0000FFF7C8FB70E75846012308A90DF11A02E8
:106B10008DF81A6000F02AF959E40B78C878194406
:106B20004B782FE6009B14480392009100F0BCFEC6
:106B30000D4B039A00991B781144019A013393423B
:106B4000BFF617AE71E7D3F810C00C4B9C4508BFD9
:106B5000022055E74FF0E023D3F8F03DDB077FF547
:106B600036AC00BE33E400BF4430002008230020D0
:106B7000FCC700109016002024240020857200100D
:106B80002DE9F84F0A9F002A40D00C461E461546B4
:106B90004FF0000BDFF88090DFF8808016E0204691
:106BA00098F8021099F800A000F04EFED0B12146EE
:106BB0005046FFF71BFAE0B1A3780BF1010BDA099D
:106BC00020D1AB453B7021D023781C446378052B42
:106BD0000FD1E17801F00301B1420AD1A37813F09B
:106BE000700FDCD04FF0E023D3F8F03DDA0700D58A
:106BF00000BE4FF0E023D3F8F03DDB0709D40020BE
:106C0000BDE8F88F0B9AAB451370DDD10120BDE8CC
:106C1000F88F00BEF3E700BF90160020102400207C
:106C20008B7813F0700F08D04FF0E023D3F8F03DCD
:106C3000DA0700D500BE0020704710B582B00846C4
:106C400001910C490C4A8978147800F0FDFD48B98F
:106C50004FF0E023D3F8F03DDB0700D500BE002065
:106C600002B010BD2046019902B0BDE81040FFF708
:106C7000BDB900BF10240020901600200A46064B24
:106C800006481968D309343302F07F0203EB42034C
:106C9000184400F08DBD00BF6424002010240020A3
:106CA0000A46064B06481968D309343302F07F02BE
:106CB00003EB4203184400F0ABBD00BF6424002086
:106CC0001024002010B5194801F07F0400EB4400A7
:106CD00000EBD11090F834C01CF0010F08D04FF039
:106CE000E023D3F8F03DDA0700D500BE002010BD48
:106CF00000F1300494F804C00D484CF0010C007809
:106D000084F804C0FFF7FAF90028F0D14FF0E02131
:106D1000227960F300022271227960F382022271EB
:106D2000D1F8F03DDB07E1D500BEDFE710240020FD
:106D300090160020DFF830C00023624610B58E4662
:106D4000044608684968CCF80C3003C29EF800106D
:106D50002046BDE8104081F0FF011A4601F0800195
:106D6000CCF80830FFF7AEBFD0230020DFF8ACC06E
:106D700070B51546624600248E4606460868496886
:106D800082B003C2CCF80850ACF80E40BEF8062022
:106D9000934228BF1346ACF80C308AB133B3DDB14F
:106DA0009CF90020402B28BF4023002A29DB2146E4
:106DB0003046194AFFF786FF70B1012002B070BD5E
:106DC0009EF80010134681F0FF01304601F080016B
:106DD000FFF778FF0028F0D14FF0E023D3F8F03D23
:106DE000DB0700D500BE002002B070BD1A469CF83B
:106DF000001001F080013046FFF764FF0028DCD16D
:106E0000EAE71A4629460448019303F08FFB8021E4
:106E1000014A019BEFE700BF90230020D023002010
:106E20000022034BC3E90022C3E902221A61704722
:106E3000D0230020014B1861704700BFD0230020F1
:106E40000146054A4FF0000C134600684968C2E944
:106E500002CC03C3704700BFD023002030B53E4CA6
:106E6000C90922780546B1EBD21F83B017D053B1C0
:106E70004FF0E023D3F8F03DDB0702D4002003B04D
:106E800030BD00BEFAE72146FFF7A2F823691BB127
:106E90002246032128469847012003B030BD94F9CB
:106EA0000020002A08DBA0680028E7D01A462B49FA
:106EB000019303F03BFB019BE089A168E288184441
:106EC00080B219448242E081A16016D03F2B14D9D0
:106ED000A28994F90040131A9BB2402B28BF40238B
:106EE000002C28DB90424FF0000132D01B4A28468C
:106EF000FFF7E8FE0028CFD1BAE7236923B10221CA
:106F00002846154A984768B100232178284681F021
:106F1000FF011A4601F08001FFF7D4FE0028A7D038
:106F20000120BAE701462846FFF7FCF880212846F1
:106F3000FFF7F8F8B0E7904208D01A4607480193E7
:106F400003F0F4FA8021054A019BD0E7802100225A
:106F5000CDE70A46CBE700BFD023002090230020D6
:106F600070B582B00446FFF79DF908B902B070BD54
:106F7000FFF7A0F902460028F8D1C82304FB03F369
:106F800015492546CC18E0780028EFD010335E185C
:106F90003046019200F002FE3F28E7D9E1780198DF
:106FA000FFF76CFE0028E1D0304600F0F7FD3F28E7
:106FB000E1780AD94023DFF824C001980CEBC51210
:106FC00002B0BDE87040FFF77DBE019802B0BDE899
:106FD0007040FFF765BE00BF181F00200C23002083
:106FE00010B50446FFF75EF908B9002010BDFFF7A1
:106FF00061F90028F9D1C822034B02FB0433187948
:1070000000F0010010BD00BF181F0020C82208B505
:10701000024B02FB003000F0A7FD08BD281F002036
:107020004FF6FF732DE9F041C8249A4228BF1A4653
:1070300000FB04F41B4D04F1100382B0804692B2B1
:1070400058195F1900F00AFE0646FFF72BF918B928
:10705000304602B0BDE8F081FFF72CF90028F7D1E7
:107060002544EA78002AF3D00190384600F096FDD6
:107070003F28EDD90198E978FFF700FE0028E7D016
:10708000384600F08BFD3F28E97807D9064A4023AF
:10709000019802EBC812FFF715FED9E70198FFF738
:1070A000FFFDD5E7181F00200C230020F0B583B0AA
:1070B0000546FFF7F7F810B9002003B0F0BDFFF761
:1070C000F9F804460028F7D1C82305FB03F31A4A50
:1070D00003F124018F183846009300F045FD002885
:1070E000EAD0154A009B2046D618B178FFF7C6FDB6
:1070F0000028E1D01149384601EBC511402200912A
:1071000000F0ACFD96F802C0034670B101906146F4
:107110002046009AFFF7D6FD58B94FF0E023D3F888
:10712000F03DDB07C8D500BEC6E76146FFF7B8FDF6
:10713000C2E70198C1E700BF181F00204C230020C0
:1071400070B505464FF6FF70C823824228BF02463D
:10715000094C92B203FB0544204600F043FE06466C
:10716000204600F001FD3F2801D8304670BD28467A
:10717000FFF79CFF304670BD3C1F0020C82208B5B9
:10718000024B02FB003000F009FD08BD3C1F00204F
:1071900070B5002482B0C8220021184802F0F8FE21
:1071A000FF234FF4E131082215480470134800947E
:1071B000064643718160827300F138010123402249
:1071C000103000F0A1FC0123402206F17801009369
:1071D00006F1B80506F1240000F096FC2846FBF7FE
:1071E0009FF906F1C000FBF79BF906F1C000C6E964
:1071F0000745C6E90C0402B070BD00BF181F00208F
:107200008C2300200A4B196B1A6A61B13AB1002233
:10721000C3E90C22DA6100221A62012070470120C2
:10722000C3E90C227047002AF7D0D961F3E700BF09
:10723000181F00200022104908B510480B78026082
:107240000271DA0707D59B070CD5BDE8084001217C
:107250000B4800F08BBE103000F06CFE06490B7836
:107260009B07F2D4064800F065FEBDE80840012106
:10727000034800F07BBE00BF8C230020181F0020B5
:107280003C1F002070B54B7984B0022B02D18B7962
:10729000022B03D00024204604B070BD2B4B9B78FA
:1072A0003BB14FF0E023D3F8F03DDB07F2D500BE51
:1072B000F0E78B780546254803700B78194491F860
:1072C00001C0BCF1240F08BF092409D03BE00B78B2
:1072D000194491F801C02344BCF1240F9CB207D19A
:1072E0009442F4D90020FFF73BFE204604B070BD65
:1072F0006346BCF1050F16D0042BF3D14B790A2B52
:10730000F0D1134B0A780193013300930223164600
:10731000114428461A46FFF733FC0028C1D00E342A
:1073200033199CB2DEE728460391FFF779FC0399F5
:107330000028B6D08B78054A53700B781A19194477
:107340004B7894B2D8E763460924D2E7181F00208F
:107350001A1F0020137803F06003202B0BD100B517
:10736000DFF8BCC093889CF800E083B09E4504D051
:10737000002003B000BD002070475378203B032B52
:10738000F6D8DFE803F02C270D02012933D00329BA
:1073900022D11E4B03B300205188AFF300801BE0C5
:1073A000012928D0032917D15288194802F0010376
:1073B00083F0010101938CF80420009200F0D6FDC7
:1073C000144949B1009A00200199C2F34002AFF379
:1073D000008001E0012912D0012003B000BD012985
:1073E0000DD00329F8D10C4B002BF5D000200B4910
:1073F000FEF73AFAF0E71146FFF79CFCECE711467E
:107400000723064AFFF7B2FCE6E700BF00000000D2
:107410003C1F00200000000069580010201F0020C1
:10742000181F00202DE9F041354C0D46E278074643
:107430008A421E4682B02FD0A3788B4209D04FF0EB
:10744000E023D3F8F03DDB0724D4002002B0BDE8F0
:10745000F0812C4B13B10020AFF300800020FFF728
:1074600025FE002847D1284800F07EFB002842D1A5
:10747000002E40D016F03F053DD13846A178FFF7E9
:10748000FDFB002837D02B462A463846A178FFF767
:1074900019FC30E000BED8E79AB21C4904F1100094
:1074A00000F0A0FC1A4BD3B16279FF2A17D0B6B115
:1074B000164B03EB060802E0434510D0627913F83F
:1074C000011B9142F8D11348019300F05DFB019B31
:1074D0000028F1D16179AFF30080019BECE70E4BFE
:1074E0001BB10C4800F050FB38B10020FFF738FD0D
:1074F000A378AB42ADD00120A8E7AFF30080F4E75A
:10750000181F0020000000003C1F00200C2300205A
:1075100000000000281F002000000000F0B54FF41C
:10752000137285B00021124802F032FD402600237C
:107530004FF480750E4F0F4C07F5A6721946CDE932
:107540000246009201951A4607F5947000F0D6F9AC
:10755000002307F128013444009101221946CDE9A6
:1075600002460195381D00F0C9F905B0F0BD00BF15
:10757000AC2500202C25002008B5044800F0EAF9CD
:10758000034800F0E7F9012008BD00BFD426002021
:10759000B025002038B50025064C04F598702570FC
:1075A00000F0C8FC04F10C0000F0C4FC84F8295180
:1075B000657138BDAC2500202DE9F8434B79FF2BD0
:1075C00005D1354F7E7997F829311E4302D000202E
:1075D000BDE8F8838B780C783B700B798146884640
:1075E0000C44002B34D0A51803E0AC4230D22378F1
:1075F0001C446378052BF8D1AC4229D22146484679
:10760000FFF70EFB00283ED0A378DB0925D12348E5
:1076100000F090FCA37897F8282187F82931A388F7
:107620004846C3F30A03A3F50073B3FA83F35B0977
:1076300063F341021A4987F8282100F0FDF910B3DD
:10764000237898F8042001361C44F3B29A42D0D82B
:10765000A4EB080080B2BDE8F883124800F06AFC91
:10766000A3783A797B71A3880F49C3F30A03A3F582
:107670000073B3FA83F35B0963F3410200203A71AC
:1076800000F0A0F9DCE74FF0E023D3F8F03DDB0792
:107690009DD500BE9BE700BFAC250020DC26002066
:1076A000D4260020B8250020B025002010B5DFF832
:1076B00090C004469CF8292182B08A421AD09CF8D6
:1076C00005208A4202D0002002B010BD174A2AB11C
:1076D00099B200200193AFF30080019B204614492A
:1076E000019300F06FF998B92046019A104900F013
:1076F00033F90DE0BCF834216AB90E4A22B10020FA
:107700000D499AB2AFF3008020460C4900F094F97D
:10771000012002B010BD9AB2DCF82C110CF5987063
:10772000019300F05FFB019BE7E700BF0000000052
:10773000B0250020000000002C250020D4260020C9
:10774000AC25002000B583B0D9B101280ED80B7844
:1077500063B1DFF858C0012B0CF8003002D00120D3
:1077600003B000BDFEF7AEFD0028F8D14FF0E023D6
:10777000D3F8F03DDB0702D4002003B000BD00BE0B
:10778000FAE70122084601A9ADF80420FEF79AFDA8
:10779000012238B94FF0E023D3F8F03DDA07ECD5F9
:1077A00000BEEAE7014B1A70E7E700BF042400209F
:1077B000037813F001031ED130B50246007883B080
:1077C0000446400702D5184603B030BD08460D46B2
:1077D0004FF0FF31019204F0EFFB019A137813F0A0
:1077E00001030BD1117849070AD41178012341F024
:1077F0000401117004E0002318467047C4F38003AD
:107800002846019304F0E8FB019B184603B030BD05
:1078100070B50D4604464FF0FF31284604F0CCFB0E
:107820002378C3F380065B0708D5237813F00103A0
:1078300011BF0026227863F382022270284604F0EA
:10784000CBFB304670BD00BFC378828803F00300D5
:107850000228C2F30A0215D003280AD001281CD13D
:10786000022940F2FF3308BF4FF4806393420DD3E7
:107870007047022914BF40234FF48063934205D31D
:107880000120704702290AD0402AF9D94FF0E0239D
:10789000D3F8F03DDB0700D500BE00207047B2F5FD
:1078A000007FEDD0F2E700BF0A44914225D291F863
:1078B00001C0BCF1050F05D091F800C061448A42B7
:1078C000F5D8704700B591F802C00CF07F0E00EBC0
:1078D0004E0E4FEADC1C0EF80C3091F800C06144EB
:1078E0008A4209D991F801C0BCF1050FEBD091F89B
:1078F00000C061448A42F5D800BD704770B584B0BD
:10790000009390F800C0164661F3000CBDF82420E7
:1079100004460123089900F808CBBDF82C500392C7
:1079200000F0F2F8089B0BB1039A2AB901200A9BD8
:107930006580636004B070BD04F11C000390FAF729
:10794000EFFD03981EB93346C4E90530EEE7034660
:107950000020F9E70120704770B50646084640F25E
:10796000FF130C4610F8081B82B011F0020F0192B1
:107970000CBF3F251D4600F0F7F8019A28B922B147
:10798000154202D12378DA0702D5002002B070BD7B
:1079900030466178FFF772F90028F6D0237813F0AB
:1079A000010307D04FF0E023D3F8F03DDB07ECD51F
:1079B00000BEEAE71A4630466178FFF783F90028EF
:1079C000E4D1EFE770B5054682B001F108000C463E
:1079D00000F0CAF810B12378DA0702D5002002B00F
:1079E00070BD28466178FFF749F90028F6D0628813
:1079F000616804F1080000F031F92278034602F0D2
:107A0000010240B172B14FF0E023D3F8F03DDB0743
:107A1000E4D500BEE2E7002AE0D128466178FFF70E
:107A20003FF9DBE70190626828466178FFF74AF981
:107A30000028E8D00198D2E72DE9F0418A890C4668
:107A400005460B7882B02AB9DE0737D5002002B090
:107A5000BDE8F081990704F1080047BF4FF47E4864
:107A60004FF400764FF6C078402600F097F8864233
:107A700004F10807EAD82378DA07E7D428466178C2
:107A8000FFF7FCF80028E1D0384600F087F82378AB
:107A9000864203F001032ED8C3B9638808EA0002C6
:107AA000934228BF13466178002B2BD0626828468A
:107AB0000193FFF707F948B10198C8E74978FFF744
:107AC000DDF80028C2D02378D80707D54FF0E0238F
:107AD000D3F8F03DDB07B9D500BEB7E7638861781E
:107AE0003BB162682846FFF7EDF80028EED06088C9
:107AF000ADE71A46F6E7002BA8D128466178FFF7D4
:107B0000CFF8A3E71A46D2E72DE9F041B2F5004FCE
:107B10009DF8185024D80446C06898460F4616466B
:107B200018B14FF0FF3104F047FA206918B14FF057
:107B3000FF3104F041FA0022C8F30E03E06843EA83
:107B4000C53362812760A680E380228108B104F0FA
:107B500043FA206908B104F03FFA0120BDE8F08142
:107B60000020BDE8F08100BF038942899BB292B238
:107B70008088934236BFC2EB40029B1A9B189BB28F
:107B8000984228BF184670470289438990B29BB239
:107B9000C01AB0FA80F04009704700BF03894289DB
:107BA0009BB2808892B2934236BFC2EB40029B1ACE
:107BB0009B189BB2984286BFC01A80B200207047C3
:107BC00030B5044600690D4683B018B14FF0FF315F
:107BD00004F0F2F92289618992B289B2A3888A42BB
:107BE00036BFC1EB4300501A801880B268B383429D
:107BF00009D29A422CBFD21AD21891B28B4261811B
:107C000003D8C91A89B28B42FBD9E2882368C2F330
:107C10000E0202FB0131284602F088FC6289A3882B
:107C200092B2511C89B28A424FF0010210D9002150
:107C300003FA02F0091A2069618118B1019204F077
:107C4000CBF9019A104603B030BD0246618989B272
:107C5000B1EB430F4FEA4300EDDBEBE72DE9F041D9
:107C600005460069884682B028B14FF0FF31009286
:107C700004F0A2F9009A29896B8989B29BB2AC8879
:107C8000994236BFC3EB4406CE1A7618B6B2002E20
:107C90004BD0B44241D3B24228BF32469C4296B246
:107CA00003D81B1B9BB29C42FBD9B5F806C0E01A57
:107CB000296880B2CCF30E028642174602FB0311FC
:107CC00025D910FB02F2404692B20193009202F0D5
:107CD0002DFC019B009A341B234408EB020013FB8C
:107CE00007F2296892B202F021FC6A89AC8892B24C
:107CF00093199BB29A421AD962009B1A28696B8128
:107D000008B104F069F9304602B0BDE8F0814046A0
:107D100006FB02F202F00AFCE7E7A1422CBF091BB6
:107D200009198BB226466B81B5E76B899BB2B3EB21
:107D3000440F4FEA4402E1DBDFE700BF70B50446C1
:107D4000C0680E4682B018B14FF0FF3104F034F92C
:107D50002589238961899BB289B2A2888B4236BF6B
:107D6000C1EB42015B1A5B189BB29A42ADB20BD8D1
:107D7000E179C90908D1E06818B1019104F02CF942
:107D80000199084602B070BD954228BF2B4617D313
:107D90009B1A9BB29342FBD2E2882068C2F30E0288
:107DA00002FB0300314602F0C1FB6B1C9BB29D42FB
:107DB000A28811D9002351005B1A01212381DAE73F
:107DC000E2882068C2F30E0205FB0200314602F091
:107DD000ADFB0135A288ABB2B3EB420F4FEA4201D3
:107DE000EBDBE9E72DE9F047154682B0002A4AD0DF
:107DF0000446C068884618B14FF0FF3104F0DCF843
:107E0000E17926896389C909A288B6B29BB23ED1BD
:107E10009E4236BFC3EB4203F31A9B199BB29342B7
:107E200053D2D31A9BB2AB4228BF2B469DB27319D3
:107E3000B4F806C01FFA83F9A5EB020A964233464E
:107E400003D39B1A9BB29342FBD2D21A91B2206801
:107E5000CCF30E02A942174602FB030052D341465F
:107E600005FB02F202F062FBA3884E454FEA430293
:107E700002D8B9EB430F01DBA9EB0209E0682A46FF
:107E8000A4F8089028BB104602B0BDE8F0879542E0
:107E900027D29E4236BFC3EB4201F11A891989B23B
:107EA00050002944AF1A8142BA4608DB991889B2BA
:107EB0004E1BB6B2B342894638D9301A86B2AB19D6
:107EC0001FFA83F9B4F806C0B8E70022E06800287A
:107ED000D9D0009204F080F8009A104602B0BDE8B4
:107EE000F087002AF2D0B4F806C0AD1A99181E46E1
:107EF000CCF30E0303FB05884FF0000A15461FFA6A
:107F000081F99BE711FB02F2414692B20193009284
:107F100002F00CFB019B009A534413FB07F308EBA0
:107F2000020120689AB202F001FB9DE7B042C4DD75
:107F3000C8E700BF10B50446C06818B14FF0FF3164
:107F400004F03AF8206918B14FF0FF3104F034F82A
:107F50000023E0686381238108B104F03DF82069C3
:107F600008B104F039F8012010BD00BF38B504464F
:107F7000C0680D4618B14FF0FF3104F01DF82069BC
:107F800018B14FF0FF3104F017F8E379E06865F3BA
:107F9000C713E37108B104F01FF8206908B104F0B9
:107FA0001BF8012038BD00BF3A4B2DE9F043984241
:107FB00014BF4FF400234FF480230546364E374C50
:107FC000374A83B033602360946833EA0404FBD1FA
:107FD0004FF0020906200191FBF7B0F8AE464A4681
:107FE0005EF8046F01990EF540574FEA4128434669
:107FF0004FEAD15C1640C7F8009008E013EB080385
:1080000002F102024CEBD15CB2F5807F03D09842C2
:1080100074EB0C09F2D24FF48073C2EB022C01E036
:10802000012B34D0B0FBFCF841459946ACEB020C77
:1080300003F1FF33F4D209FB02F91C0202212B46A3
:10804000B0FBF9F04FF0030C2A612A680EF5005ED0
:10805000624005F5805802F47F42C8F80020CEF84F
:1080600000606C68396053F8242B0C4082F00702E2
:1080700002F0CF0203F50053C8F80020CEF800400C
:10808000C3F800C0CEF8001003B0BDE8F0839146FD
:10809000D4E700BF0000084000200240003002404A
:1080A0000000024010B5A1FB021482B054BB00F0E6
:1080B00037F8034650B350F8042C22F00302043A78
:1080C000242A0CD8132A12D91B2AC0E9004416D935
:1080D000242AC0E902441DD000F1100108E0214625
:1080E000019001F055FF019B184602B010BD0146FA
:1080F00000221846C1E900228A6002B010BD00F1DA
:108100000801F5E702F0F6F90C2303600023184696
:1081100002B010BD00F11801C0E90444E8E700BF57
:1081200001F10B03162B2DE9F04F804685B02CD8BA
:10813000102922D800F0C8FA18214FF0020E1022A0
:10814000B64C21444D68A1F10800854200F05F81E2
:108150006A68404622F00302D5E902412A44E16000
:108160008C6005F10804516841F00101516000F094
:10817000B1FA204605B0BDE8F08F0C23C8F80030F6
:108180000024204605B0BDE8F08F002B23F0070245
:10819000F3DB9142F1D8009200F096FA009AB2F522
:1081A000FC7FC0F09F81530A73D0042B00F26481DE
:1081B000930903F1390E03F138064FEACE03974CC9
:1081C0002344A3F108055F68BD4207D10DE00028F4
:1081D000FB6880F20B819D421F4606D0796821F032
:1081E0000301881A0F28F2DDB64623698C498B42B9
:1081F00000F0E9805E6826F00306B11A0F2900F34B
:10820000838187480029C4E9040080F27081B6F5B3
:10821000007F676880F01081F10801207609013144
:10822000B04054F83150074304EBC1000838676090
:10823000C3E9025044F83130EB604FEAAE03012647
:108240009E40BE422BD83E4206D12EF0030E760051
:108250000EF1040E3E42FAD004EBCE0AF14604EBD6
:10826000CE07F9680CE048680B46C96820F0030C9B
:10827000ACEB02050F2D00F30C81002D80F2228162
:108280008F42F0D109F10103083798079946E8D1E8
:1082900074E14FF400734FF0400E3F268FE7A7685C
:1082A000796821F003069642A6EB020002D30F285C
:1082B00000F38B805B490820096810311144CDE937
:1082C000001202F01DF9009903468246481E5D42E5
:1082D0001844554B05401868B0F1FF3F18BF2946B8
:1082E0004046009102F0F4F8411C0546DDE9001219
:1082F00000F0278107EB060C844500F22081DFF8AF
:1083000034910AF1FF3ED9F800000844C9F8000092
:1083100000F08381444B1B68013300F08881A5EB9A
:108320000C0C6044C9F8000015F00703CDE90129E1
:108330009B4600F03F81C3F1080005440AEB000CA6
:1083400040466B1803EA0E019A46ACEB010101EAC4
:108350000E031946009302F0BBF8421CDDE9012927
:1083600000F08081411B009BD9F80000A74219440E
:10837000A560184441F00101C9F80000696016D0F9
:108380000F2E40F25781A6F10C01052621F0070CB3
:10839000796801F00101BCF10F0F41EA0C0179602D
:1083A00007EB0C01C1E9016600F2638169681F4BAC
:1083B0001E68864238BF18601D4B1E68864200D278
:1083C00018602F46BFE0676837E7BD1842F001022A
:1083D00040F0010140467A60A56007F10804696039
:1083E00000F078F9204605B0BDE8F08FBA6839444E
:1083F00007F108044046D3609A604A6842F00102DF
:108400004A6000F067F9204605B0BDE8F08FCD68FE
:10841000A9427FF49DAE0EF1020EE6E6A016002002
:10842000A8160020C821002094160020C02100209A
:10843000C421002098210020B6F5206F4FEA562075
:1084400077D3142800F2CC8000F15C015B30C900C6
:1084500065186158083D8D4203D1A4E089688D42BA
:1084600004D0486820F00300B042F7D8CD68C3E9D3
:108470000215AB60CB60E0E6142B71D9542B00F2EF
:10848000B780130B03F16F0E03F16E064FEACE03B4
:1084900095E69E1842F001029F6840465A60874A5E
:1084A000F9608F600093C4E90466C6E9022245F0D2
:1084B0000102726043F80C5000F00CF9009B03F1CC
:1084C00008045EE69C441C464046DCF8043043F059
:1084D0000103CCF8043054F8083FD9608B6000F0F9
:1084E000F9F84EE64FEAD20E02F1080128E61E44E2
:1084F00040460093726842F00102726000F0EAF8B0
:10850000009B03F108043CE69D1842F0010240463E
:1085100000935A60694AC4E90455C5E9022241F052
:1085200001026A60995100F0D5F8009B03F108043C
:1085300027E6B00900F139013830C90088E7A742C1
:1085400061D0A768796821F003019142A1EB020094
:1085500002D30F283FF739AF404600F0BBF80FE6D3
:1085600003F15C0E03F15B064FEACE0327E65146AA
:1085700051F808398B428A4640F09E801EF0030F66
:108580000EF1FF3EF3D1636823EA060363607600D1
:10859000711E994203D382E6760009F104091E4256
:1085A000FAD0CE4658E68010012606FA00F00743BE
:1085B00067605CE76B18404603EA0E010393AAEB81
:1085C000010101EA0E031946009301F081FF431CEB
:1085D000DDE901297FF4C6AE0398CDF800B0C1E60D
:1085E00054282AD8300B00F16F016E30C9002FE7F4
:1085F000B3F5AA7F2AD8D30B03F1780E03F17706DF
:108600004FEACE03DBE5DFF8BC900AF1FF3ED9F874
:1086100000000844C9F800007CE615EA0E0F7FF45C
:1086200079AE3144A56841F001016960BFE6244B91
:108630001D6079E601236B608EE7B0F5AA7F27D82D
:10864000F00B00F178017730C90001E740F2545196
:108650008B4227D8930C03F17D0E03F17C064FEA81
:10866000CE03ACE5ABF1080100230AEB0100009357
:1086700078E607F108014046CDE9002902F056F8F6
:10868000A568DDF804906968D9F80000009A8EE6C4
:1086900040F2545188420BD8B00C00F17D017C307F
:1086A000C900D5E64FF47E734FF07F0E7E2686E537
:1086B0004FF47E717E20CBE6636868E7A816002041
:1086C0009416002098210020014801F02BBF00BF24
:1086D00090210020014801F027BF00BF9021002019
:1086E0002DE9F04F0024A1B00546934618461C948E
:1086F0000023002489460A46CDE9043490461B92A3
:1087000012F8013B2D2B5FD801A151F823F000BFD7
:108710005B880010C9870010C9870010C987001046
:10872000C9870010C9870010C9870010C9870010C9
:10873000C9870010FD860010FD860010FD86001020
:10874000FD860010FD860010C9870010C987001043
:10875000C9870010C9870010C9870010C987001099
:10876000C9870010C9870010C9870010C987001089
:10877000C9870010C9870010C9870010C987001079
:10878000C9870010C9870010C9870010C987001069
:10879000FD860010C9870010C9870010C987001026
:1087A000C9870010C9870010C9870010C987001049
:1087B000C9870010C9870010C9870010638B00109B
:1087C000C98700107B8B001000220792302B00F02D
:1087D000B88000220892A3F13002092A00F209842D
:1087E0000026404637463446082C06EB860300F147
:1087F000010007EB8701C8BF02EB430604F1010447
:108800001B90D8BF02EB41070378A3F13002092A7D
:10881000EAD90122A2490B9301F0FEFB0A9040BB6A
:108820001B98034601301B905B78A3F130010929A6
:1088300040F2118123F02003452B40F0A181012358
:108840000A9A21460B930A9BA6460C460D9341EAD1
:10885000020308990B4340F0338100260027BBF147
:10886000000F01D0CBF800903046394621B0BDE86A
:10887000F08F0B9B23F02003452B00F01D8100237C
:10888000A6460D93CDE90A33A14674464B463846B9
:10889000102BA8BF10239A46FAF756FFB9F1090F1B
:1088A00002460B46CDE9042316DD7E4B03EBCA03DB
:1088B00053E91223FAF7B4FECDE904013046FAF782
:1088C00043FF02460B46DDE90401FAF781FEB9F1E8
:1088D0000F0FCDE9040147DC0B9B002B00F0C28396
:1088E0000B9B40F3A582162B40F3E884C9F12503C6
:1088F0000B9A934238DBC9F10F056A4C04EBC501B2
:10890000DDE90423D1E90001FAF78AFE0B9B5D1B28
:1089100004EBC504D4E90023FAF782FE06460F46AD
:10892000BBF1000F02D01B9BCBF80030079B002B44
:108930009AD007F1004330461F46394621B0BDE8C2
:10894000F08F98F8013003F0DF03582B00F0E78335
:10895000424601321B921378302BFAD09046002BFE
:1089600076D00122089236E7A9EB0A030B9A13444A
:10897000002B40F3128113F00F0123F00F0A40F097
:108980004384BAF59A7F00F3A784BAF1100F4FEA37
:108990002A1600F022860897DFF80CA1424FDDE985
:1089A00004230494002416F0010F1046194605D044
:1089B000DAE90023FAF734FE02460B46761001345A
:1089C0000AF1080A012EEED1BC46089F2146049CFC
:1089D000CDE90423059B0CEBC10CA3F15473059363
:1089E000DDE90423DCE90001FAF71AFE2F4B0A4601
:1089F0000B40CDE904012E498B4200F26D84A1F5B4
:108A000080118B4240F270854FF0FF32294BCDE947
:108A10000423C4E01B994B1C1B934878302840F07A
:108A2000A2848B1C1A461B93013310783028F9D08E
:108A3000521A013AA0F13103082B40F2EF8220F0E4
:108A40002000452800F0AA83089B1A433FF405AF95
:108A50000026002764E7A6460A9A82468C46501CE8
:108A6000002900F08A860A9B012803440A9300F03B
:108A70007F86224453460B9104E04FEA4A07944212
:108A800000F05F8606EB8600082C07EB870A04F1EE
:108A900001044FEA4000F0DD102CD8BF0646EEE797
:108AA00084C40010C8CA0010A0CA00100000F07FE3
:108AB0000000A07CFFFFEF7F0022A6460D920B92E4
:108AC000DDF86C9009F101031B9399F801302B2B11
:108AD00000F083822D2B41D101230C9309F1020375
:108AE0001B9399F80230A3F13001092900F2368274
:108AF000302B1B9840F0E28201301B900378302B22
:108B0000FAD0A3F13101082940F2D68200210A915E
:108B1000002C38D1089911439AD10B9A002A7FF47E
:108B20009CAE692B00F0868300F37F83492B00F015
:108B300081834E2B7FF491AE2D491BA802F046FA9B
:108B400000283FF48AAE1B9B1B78282B00F0D184B1
:108B5000284801F08FFD06460F46E1E600210C9102
:108B6000C1E70023079308F101021B9298F8013036
:108B7000002B3FF472AE904628E601230793F2E7FC
:108B80000A9BA6460D930A9B0D9A9B1A0B93BEF166
:108B9000000F7FF479AEA14678E640F069830023A8
:108BA0000C934B46224641462846009702F0B2FB02
:108BB0001490002800F090830A9A00240D9BA04690
:108BC0000A949B1A0B9ACDF864B0002AA8BF002320
:108BD0000D930C9B002B22EAE273139314BF012325
:108BE000234615930CBF012323461893DFE000BFF3
:108BF00094C400106CC10010A149D21A8B42A4EB9E
:108C00000204C0F2B08101234FF0000B03FA02F618
:108C1000A14454440C9BA24599445346A8BF234603
:108C20004B45A8BF4B46002B04DDE41AA9EB030912
:108C3000AAEB030A0D9B002B00F33081002C00F3FC
:108C400048810B9B002B00F37F81B9F1000F00F3EB
:108C50006C81BAF1000F08DD41465246284602F009
:108C600065FD8046002800F069813A461C99284637
:108C700002F0EEFD0A90002800F060810A9A0023BD
:108C8000D168D3601291414602F0C2FD0028C0F2C3
:108C90006784059C00F0A38341460A9802F074FFA4
:108CA00000224FF0804382468B46FAF7BBFD002836
:108CB00000F0D080129B002B40F06181049B002BC0
:108CC00040F05B82C4F31303002B40F08981002243
:108CD0006C4B50465946FAF791FD002840F05E83F0
:108CE0000022694B50465946FAF79AFC0A4601465B
:108CF0000E9002F10043CDE910120F93DFF890912E
:108D0000624B04EA09099945DDE90EAB00F03E81AA
:108D1000B9F1D46F22D8159B03B357A3D3E900232D
:108D2000DDE91001FAF77EFDA0B1DDE91001FAF7E7
:108D30002FFD012838BF0120FAF706FD129BCDE96F
:108D40001001002B40F0398201F100431690179377
:108D5000DDE916AB0BF1D663A3EB090BDDE90801E6
:108D600002F03AFE02460B4650465946FAF758FCC6
:108D7000DDE90823FAF72CFC0C46CDE90401444B4D
:108D800023404B4503D1189B002B40F06E811C996A
:108D9000284602F061FA3946284602F05DFA41465B
:108DA000284602F059FA0A99284602F055FA149C0E
:108DB0002846616802F02AFA0746002800F0BE80C3
:108DC000226904F10C010C300232920001F0AEFB7A
:108DD0001EAB284601931DAB9DED047B009353EC25
:108DE000172B8DED087B02F073FE1C90002879D0C4
:108DF0000121284602F04CFB8046002800F09E80AE
:108E00001D9B002BC0F28B800D9ADDF84C9003EB7C
:108E1000020A0C9A1E9C9B1A1E4A2344C4F1360473
:108E2000013B9342FFF6E8AE4FF0000B0126EFE660
:108E30001633FFF699AD0D9B0A9A9A1A164B03EB5F
:108E4000C203DDE90401D3E90023FAF70FFC06466B
:108E50000F4665E50C4B504659460022FAF7E0FBF9
:108E6000129BCDE91001002B40F0848001F10043FA
:108E70000E900F9342E700BF0000C0FFFFFFDF41ED
:108E8000E3FBFFFF0000F03F0000E03F0000E07F59
:108E90000000F07F02FCFFFFC8CA001041461A46DE
:108EA000284602F0E7FB1C9A8046002800F03B832E
:108EB0000146284602F01AFB002800F02E8312908B
:108EC00028461C9902F0C8F9129B002C1C937FF7CE
:108ED000B8AE22461C99284602F028FC1C900028B7
:108EE0007FF4AFAEBA4644460146DDF864B02223B3
:108EF0000026BF4F2B60284602F0AEF951462846A7
:108F000002F0AAF92146284602F0A6F9149928464B
:108F100002F0A2F90A99284602F09EF900E5139A98
:108F2000DDF834A0A2EB030973E739464A46284628
:108F300002F0FCFB074600287FF48BAEBA4644469D
:108F4000DDF864B01C99D2E73946139A284602F03E
:108F500091FB074600287FF478AEEFE70021CDF8BB
:108F60006C900A91D4E5A34AD21A012303FA02FBBA
:108F70001E464DE69DED107B8DED0E7BBEE69FED12
:108F8000927B8DED0E7B8DED107BB7E6A4F15473D3
:108F90000593DDE904AB5046594602F01DFDDDE9BD
:108FA0000E23FAF73DFB52465B46FAF711FB904B56
:108FB0000A460B40CDE904018F498B4240F2F9800B
:108FC0008E4BDDE90801994201D10130B6D04FF056
:108FD000FF338A4CCDE90434D9E600230C937DE5B8
:108FE0009FED7B7B8DED0E7B9FED777B8DED107B79
:108FF00084E60122824940460A9301F00DF80446B6
:1090000000283FF407AD0A9B23F02002452A00F018
:10901000AD81089A002A3FF484AD19E5531CDDF8B0
:109020006C800022A0F1300C0121C24616460A9342
:109030000CEB0207A64600220C460AF101001B9029
:109040009AF80130A3F1300109297FF606AD23F02B
:109050002001452940F09A830123214674460B9351
:10906000FFF7F1BBDDE904675AE4DDE9109AC4F3C8
:10907000130451464846FAF713FDFAF70BFC024673
:109080000B4648465146FAF7B7FA129B049A8246B5
:109090008B46134323435ED14FA3D3E90023FAF752
:1090A000ADFB00283FF473AEBA464446DDF864B029
:1090B000DDE904671C991EE7A3F1300100F1010C02
:1090C0000A91CDF86CC04378A3F13001092900F270
:1090D000C7809A460A996346D446013301EB810161
:1090E0001B930CEB410193F800C03039ACF1300A0E
:1090F000BAF1090FF1D9E246A3EB000C0A91BCF1D9
:10910000080F534640F3AC8044F61F610A910C9956
:1091100000293FF4FDAC0A9949420A91F8E4079B03
:109120001BA90290284601931CAB364A00931DAB45
:1091300001F05CFC10F00F0604463FF489AC062EEB
:1091400040F0CD8008F1010300220026002707929D
:109150001B93FFF7E5BB22A3D3E90023FAF74EFBED
:109160000028A1D1504659461FA3D3E90023FAF79E
:1091700081FB00283FF40BAE96E7049B012B7FF4A4
:109180002FAF002C7FF42CAFBA464446DDF864B014
:1091900022231C99002600272B60ACE64FF0000E1E
:1091A00001211346764677460B91CDF834E0FFF760
:1091B00050BB02F154740594E1E59DED107B8DEDFB
:1091C000167BC5E5AFF30080000000000000F03F13
:1091D000000000000000F0BF9535A094FFFFCF3FD6
:1091E0009535A094FFFFDF3F35E5AF350000E03F48
:1091F0000000F07FE2FBFFFFFFFF9F7CFFFFEF7FA0
:1092000084C4001050C80010AF4800EBC101DDE974
:109210000423D1E90001FAF703FACDE90401BAF118
:10922000000F3FF4BCACFFF7ACBB6E2B3FF484AC3B
:10923000FFF713BBA5491BA801F0C8FE00283FF4A7
:109240000CAB1B9B1BA8A249013B1B9301F0BEFE6C
:1092500010B91B9B01331B9300269E4FFFF760BB89
:109260000A9944F61F608142A8BF01460A914EE761
:109270005B421E1113F00F0340F081801F2E00F39C
:10928000158116F01003DFF858A218BF6A23DDE934
:1092900004010C9302E076100AF1080AF20704D4E4
:1092A00076100AF1080AF307F5D5DAE90023FAF790
:1092B000B7F976107BD00AF1080AF4E70B988249D7
:1092C00001EBC001DDE90423D1E90001FAF7A8F9B7
:1092D00006460F46FFF724BB22232B60BCE71C9AEF
:1092E0003AB135211EA802F07DFC28461C9901F0F8
:1092F000B3FF013E042E00F26582DFE806F0032E84
:109300002B2003001E9B04931D9B03F233421F9BE3
:1093100023F4801343EA02530593E40502D543F096
:10932000004305936B4A1A40DDE90467002A7FF485
:10933000F7AA01F0DFF822230360FFF7F1BA4FF03C
:10934000FF326FF00043CDE90423E3057FF58AAED9
:10935000059BE4E75F4B0593F7E7DDE91E121F9BD2
:10936000CDE90412D9E72246FFF764BB0024264664
:109370002746224621460A940B94FFF764BA524AC4
:1093800002EBC303DDE90401D3E90023FAF76EF928
:10939000CDE90401002E3FF402AC6FE79FED467B60
:1093A0008DED0E7B9FED467B8DED107BA6E40C9B37
:1093B000CDE90401002B72D0C1F30A52C2F16B0354
:1093C000002B6CDD1F2B62DD342B049640F35D8196
:1093D0004FF05C7305936A230C93FFF7E2BB2346BF
:1093E0001299BA46B446DE464446DDF864B0984663
:1093F000394AC3F31303DDE90867002900F09980B7
:10940000934200F02081BEF1000F00F038811EEA87
:10941000080F38D03046394602F0DEFA0C9BCDE911
:109420000401002B00F06D81C8F30A5CCCF16B0CD9
:10943000BCF1000F40F3B281DFF8A8E000220EEB90
:109440000C53FAF7EDF802460B4630463946FAF768
:10945000BFF806460F4630463946204B0022FAF741
:10946000DFF81C4B06460F460B40002B7FF422AE64
:1094700022232B601EE6BEF1000F00F0B8801EEA2A
:10948000080F40F0B8800C9B002BE4D112E64FF09F
:10949000FF3202FA03F303400493DDE904010022E2
:1094A0000023FAF799F900283FF47BAB222300262A
:1094B00000272B60FFF734BA000000000000E0BF77
:1094C000000000000000E03FC8CA001088C400107F
:1094D0008CC400100000F07FFFFF0F000000503927
:1094E00068C800100000F03F02F154730593FFF7C5
:1094F00056BB1BA81EAAAE4901F08CFD05287FF4BF
:1095000027AB1F9B43F0FF4343F4E00305931E9BEF
:109510000493DDE90467FFF703BABA4644461C9991
:10952000DDF864B0E3E4BA4644461146DDF864B0C1
:10953000DDE4002B56D1DDE904120B4600299AD157
:109540000C9B002B00F0AB80DFF8689208EA090959
:10955000B9F1D66F34D8B9F15C7F3FF67CAF17E62E
:10956000129BBA464446DDF864B0DDE90401DDE94A
:109570000867034387D1C1F313038846002B82D1C8
:1095800021F000494FEA19594FEA0959B9F1D66F4C
:109590007FF679AF0A9A53691BB91369012B7FF7DC
:1095A00072AF0A990122284602F0C0F821460A90BB
:1095B00002F02EF900287FF766AF0C9B002B6ED0CF
:1095C000A9F580196FEA19536FEA035305934FF019
:1095D000FF330493DDE904673DE70021DFF8DCC1D8
:1095E000FFF7F8B9BEF1000F7FF449AF049B1CEA06
:1095F000030F3FF448AF3046394602F0EDF90C9BBB
:10960000CDE90401002B5BD0C8F30A5CCCF16B0CF4
:10961000BCF1000F40F3AE80DFF8A4E100220EEBB6
:109620000C53F9F7FDFF02460B4630463946F9F771
:10963000E3FF0022002306460F46FAF7CDF8002884
:109640003FF409AFA4E50C9BDDF81090002B63D02C
:10965000584908EA0101B1F1D46F41D80A0D4FF021
:10966000FF33C2F16B029340994500F08880BEF150
:10967000000F5CD01EEA080F3FF4EDAECAE6049B73
:109680001CEA030F3FF4FFAEC4E6C2F14B024FF0F9
:10969000FF3393400B400593DDE90401FFE6454BA2
:1096A0001C9908EA0303A3F580136FEA13536FEACA
:1096B000035305934FF0FF330493DDE904671AE485
:1096C000DDE9042330463946F9F796FF00220023EE
:1096D00006460F46FAF780F800283FF4EBAC57E552
:1096E000B9F1FF3FC3D1344B98455AD0013308EA52
:1096F000030303F58013059300230493DDE9046756
:10970000C1E630463946DDE90423F9F761FF0F462B
:1097100006461C99FFF7EFBB049B0133E3D0BEF173
:10972000000F09D01EEA080F3FF4C4AC72E619EA34
:109730000C0F3FF490AE6DE619EA0C0F3FF4BAAC93
:1097400068E6DDF82CC09A46082A02F1010409DD1A
:10975000102C05DC06EB8606002201EB46066CE4C5
:1097600000226AE40A222146744607FB02F25FE403
:109770002246E9E7DDE9042357E702465DE401F507
:109780008013CDE90403DDE9046764E60A9901204A
:109790000D910021CDE90A10FFF7BAB9DDE90423E4
:1097A00053E622231C990026024F2B60FFF7A3BB30
:1097B0003CC800100000F07FFFFFEF7FA0CA001040
:1097C0000000F03FE50505D54FF000430593DDE9C6
:1097D0000467AEE500260027ABE500BFDFF814C044
:1097E0000A46034B0146DCF80000FEF779BF00BFD4
:1097F000B41A0020081D00202DE9F04F90460E46B7
:109800008E4683461A46704970461EF8019B11F831
:10981000093013F00803F7D1B9F12D0F22F010052C
:1098200061D0B9F12B0F10D0ADB9B9F1300F00F004
:109830009080002A00F0888010226FF078440F2575
:10984000174600236FF0004A0DE09EF8009000F1EB
:10985000020E002D63D06FF000451746B5FBF2F401
:10986000AA4602FB1455002108460EE0A9F1370C68
:1098700094451DDA013104D0A04202D825D1AC456F
:1098800023DD4FF0FF311EF8019BA9F1300CBCF134
:10989000090FEDD9A9F1410CBCF1190FE6D9A9F1D5
:1098A000610CBCF1190F03D8A9F1570C9445E1DB09
:1098B0004A1C0ED003B14042B8F1000F03D000297A
:1098C00058D1C8F80060BDE8F08F07FB00C0012147
:1098D000D9E72223CBF80030B8F1000F4CD00EF1BD
:1098E000FF365046EDE79EF8009000F1020E65B994
:1098F000B9F1300F43D0002A50D10A22334C082549
:10990000012317464FF0004AADE74FF000411746DC
:1099100001238A46B1FBF2F402FB1415A3E7B9F167
:10992000300F86D1837803F0DF03582B1ED110222D
:1099300090F8039000F1040E17466FF00045B5FB58
:10994000F7F407FB14557CE70A22204C072517463D
:1099500077E79EF8003003F0DF03582B06D1102282
:109960009EF8019000F1030E1746E6E72ABB082295
:109970001746E2E78246B2E75046BDE8F08F8378AB
:1099800003F0DF03582B11D0D2B1102217464FF04D
:1099900000410123B1FBF7F48A4664E710224FF03F
:1099A000006401234FF0004A17465CE7102290F84C
:1099B000039000F1040E1746E9E710221746BCE7B2
:1099C00008221746E3E700BF91C80010CCCCCC0CAE
:1099D000242A0AD8012A08D0DFF81CC013460A46F8
:1099E0000146DCF80000FFF707BF10B500F082FD6C
:1099F00016230360002010BD081D00202DE9F0474C
:109A000016461C4682460D460A46454B114612F83C
:109A100001EB13F80EC01CF0080CF7D1BEF12D0FAE
:109A200062D0BEF12B0F3AD0634634F010013DD026
:109A30004FF0FF37A146B7FBF4F704FB07F86FEAD6
:109A40000808002108460EE0AEF1370C64451DDD24
:109A5000013104D0B84202D832D1C44530DD4FF0D4
:109A6000FF3112F801EBAEF1300CBCF1090FEDD96A
:109A7000AEF1410CBCF1190FE6D9AEF1610CBCF1AD
:109A8000190F03D8AEF1570C6445E1DC4C1C23D010
:109A900003B140420EB129BB3560BDE8F08792F8B2
:109AA00000E08A1C34F010016346C1D1BEF1300FD2
:109AB0001FD054B90A244FF005081A4FA146C0E739
:109AC00009FB00C00121CCE714B310244FF00F08AC
:109AD0006FF07047A146B4E722230846CAF8003069
:109AE000002EDAD0551ED7E792F800E001238A1C39
:109AF0009BE7117801F0DF015829E5D1102492F895
:109B000001E04FF00F0802326FF07047A14698E76E
:109B100008244FF007086FF06047A14691E700BFA7
:109B200091C8001099999919DFF810C013460A4698
:109B30000146DCF80000FFF761BF00BF081D0020F0
:109B4000B1F90C202DE9F041804610070C4650D4A5
:109B5000496842F400630029A38164DDA66A002EEF
:109B600044D0002112F48052D8F80050C8F80010F8
:109B700065D1E16901234046B047411C02466CD0E3
:109B8000B4F90C30A66A5B0705D56368D21A236B5B
:109B90000BB1E36BD21A0023E1694046B047471C82
:109BA000B4F90C304DD1D8F800101D2940D8304AF6
:109BB000CA40D6073CD523F40062D904A2814FF0F5
:109BC000000262602269226003D5D8F80030002BC1
:109BD00041D0216BC8F8005041B104F140039942D3
:109BE00002D0404600F0A2FD002323630020BDE820
:109BF000F0810E69002EF9D092070D680E600CBF3F
:109C00004B690023AD1B8B600AE02B463246E169AD
:109C10004046676AB8470028A5EB0005064406DD04
:109C2000002DF2DCE2E7E16B002997DCDEE7A38997
:109C300043F040034FF0FF30A381BDE8F081226D77
:109C4000A1E723F40062DB04A2814FF0000262600E
:109C500022692260BDD52065BBE7D8F80030002B13
:109C60008ED01D2B01D0162BE1D1C8F80050BDE7D6
:109C70000100402000B5034683B008B1426B52B3E7
:109C8000B1F90C0098B14A6ED20701D4820512D501
:109C900018460091FFF754FF009903464A6ED0071B
:109CA00002D48A8992050ED5184603B000BD03463A
:109CB000184603B000BD886D0193009100F032FC9E
:109CC000DDE90013E4E7886D009300F02DFC009BB4
:109CD000184603B000BDCDE9000100F0EFF8DDE962
:109CE0000031CDE7002838D01E4B01461B6800B577
:109CF00083B00BB15A6BD2B1B1F90C0098B14A6E76
:109D0000D20701D482051AD518460091FFF718FF33
:109D1000009903464A6ED00702D48A89920516D567
:109D2000184603B000BD0346184603B000BD0190BD
:109D30001846009300F0C2F8DDE90031DCE7886DD9
:109D40000193009100F0EEFBDDE90013DCE7886D84
:109D5000009300F0E9FB009BE2E7034A0349044853
:109D600001F084BF081D0020A81A0020759C001077
:109D7000101D0020024A0349034801F077BF00BFCD
:109D8000A81A0020D1BC0010101D00200C4B416807
:109D9000994210B5044601D001F09AFFA168094B21
:109DA000994202D0204601F093FFE168064B9942A8
:109DB00004D02046BDE8104001F08ABF10BD00BFAE
:109DC000CC210020342200209C2200202DE9F843E1
:109DD000314A0025314C04233149DFF8D89004F191
:109DE0005C00DFF8D4802F4F2F4E116029460822E7
:109DF00025606566C4E90335C4E90155C4E9055524
:109E000000F0C6F804F15800E662C4E90749C4E965
:109E1000098700F083FB254B2946082204F1C40082
:109E200063672567C4F8CC50C4F88050C4E91A555C
:109E3000C4E91E5500F0ACF804F1680304F1C00059
:109E4000C4F88430C4E92298C4E9247600F066FBA3
:109E5000174B294604F596700822C4F8DC30C4F884
:109E6000D850C4F83451C4F8E850C4E93455C4E9B2
:109E7000385500F08DF804F1D00304F59470C4F85F
:109E8000F090C4F8FC60C4F8EC30C4E93D87BDE84C
:109E9000F84300F043BB00BF04230020CC21002086
:109EA000759D0010F9BD001021BE001009000100D1
:109EB0001200020095BD0010B9BD001010B5044697
:109EC0000A4800F02FFB636B23B9094B094A1B6852
:109ED000626323B10548BDE8104000F025BBFFF7E1
:109EE00075FF0248BDE8104000F01EBB9421002021
:109EF000042300208D9D0010014800F013BB00BF1B
:109F000094210020014800F00FBB00BF94210020E5
:109F1000032A10D8D2B3013A431E0139024401E0AA
:109F20009A4233D013F8010F11F801CF6045F7D0F2
:109F3000A0EB0C00704710B541EA000484460B46C4
:109F4000A4070FD0013A431E0139024401E09A42AE
:109F50001AD013F8010F11F801CF6045F7D0A0EB2C
:109F60000C0010BDDCF800401946D3F800E0604654
:109F700004330CF1040C7445E4D1043A032AF1D8FB
:109F800060461946002ADDD1002010BD0020704730
:109F900030B584078646034606D0A2B303F8011BFA
:109FA000980702F1FF32F8D1032A26D95FFA81FC23
:109FB0000F2A0CEB0C2C0CEB0C402AD922F00F0CC6
:109FC0009C44C3E90000C3E9020010336345F8D1A3
:109FD00012F00C0F02F00F0517D04FEA950C1A463D
:109FE0000CF1FF3403EB8C0C42F8040B6245FBD1FF
:109FF000043305F0030203EB840322B11A4403F88F
:10A00000011B9A42FBD1704630BD2A46002AF5D189
:10A01000F9E71546E1E700BF82B340EA01039B0779
:10A0200030B504468E4617D1032A07D814E0043A07
:10A0300022D01CF0803F1FD1032A23D92368714608
:10A04000DEF800502046A3F1013C0434AB420EF18F
:10A05000040E2CEA030CEAD003780C78A3420FD14B
:10A06000013A024406E03BB110F8013F11F8014FFC
:10A07000A34205D19042F6D1002030BD1046704772
:10A08000181B30BD20467146E6E700BF01292DE9C7
:10A09000F04115465DD94FF0010800224FF0FF3422
:10A0A000C646434608E0A3EB04081A464FF0010EEB
:10A0B00002EB0E03994210D900EB040CC75C1CF8AC
:10A0C0000E60B742EFD332D04FF001081446C646B7
:10A0D000424402EB0E039942EED8012700224FF0D2
:10A0E000FF36C5F80080BE463B4607E09F1B1A4678
:10A0F0004FF0010E02EB0E03994210D900EB060C53
:10A1000010F803801CF80EC0E045EFD814D00127EA
:10A110001646BE463A4402EB0E039942EED801368B
:10A12000601C864201D330462F60BDE8F081C645F1
:10A1300007D00EF1010EBBE7BE4506D00EF1010EB1
:10A14000D8E772444FF0010EB2E772444FF0010EAF
:10A15000D0E701270026E6E72DE9F04F9346ADF260
:10A160001C4D0746894605AA194658461C46FFF766
:10A170008DFF05AB82460DF2144143F8044F8B422C
:10A18000FBD174B1601E0BF1FF32584412F8011F6D
:10A1900006AEA31A824203F1FF335B4446F8213036
:10A1A000F4D1059B524658460BEB03010293FFF78F
:10A1B000AFFE002877D144F400638046A9EB040188
:10A1C000661E05460393A94213D307EB050E06AAA4
:10A1D0001EF8063052F82330D3B1B8F1000F03D087
:10A1E000029A9A4288BFA31A1D444FF00008A94260
:10A1F000EBD2039907EB090001F07EFE8144A9EB45
:10A200000401A942E1D200200DF21C4DBDE8F08FFF
:10A21000D045434638BF5346B3421AD20BF1FF3004
:10A220000EEB03020195184402E00133B3420FD054
:10A230001578013210F801CFAC45F6D09E42019D51
:10A2400007D9CAF101024FF000082A44D518BAE72D
:10A25000019DD04580F0878007EB0A020AF1FF33A9
:10A260000BEB0A0001952A4402E0984511D0013B0E
:10A2700010F801CD12F8015DAC45F6D0019D013317
:10A2800008F10108984509D8029B1D44A4EB030876
:10A2900099E708F10108019D9845F5D970460DF23E
:10A2A0001C4DBDE8F08FA4EB0A03661E0025A9EB48
:10A2B0000401534507EB060838BF534601330293A8
:10A2C00044F400630193A94208D306AB18F80520B3
:10A2D00053F822309BB11D44A942F6D2019907EBF5
:10A2E000090001F009FE8144A9EB0401A9428AD3C7
:10A2F00006AB18F8052053F82230002BEBD1564559
:10A3000018D90BF1FF3007EB0A03524650442B4497
:10A3100002E0013296420DD093F800C0013310F8EC
:10A3200001EFE645F5D0964204D9CAF101032B446A
:10A330009D18C8E7BAF1000F10D007EB0A000BEB2D
:10A340000A02284401E05A4508D010F801CD12F85D
:10A3500001EDE645F7D0029B1D44BDE778190DF2EB
:10A360001C4DBDE8F08F53468AE700BF2DE9F04150
:10A370000D7890B00446002D49D04A78002A6AD062
:10A380008B78002B47D0C878002879D00B79002B28
:10A3900067D008460E4600F03FF90546204645F4D2
:10A3A000007101F0A9FD854244D8FE2D00F286809F
:10A3B000401B4022691C27186846FFF7E9FD5DB184
:10A3C000721EA81812F8013F03F03F03B11A904221
:10A3D0006B4429441970F5D1013C635D03F03F03E0
:10A3E0006B441B781C44A74203D228E04444A74294
:10A3F00025D314F805C02A46314620460CF03F0C00
:10A40000EC449CF80080FFF783FD0028EED1204645
:10A4100010B0BDE8F081007860B142EA054240EA40
:10A420000343214614F8010F9A4242D00028F6D186
:10A430009A423ED00024204610B0BDE8F0817B5DFA
:10A440007819002BF6D04FF4006101F055FD074458
:10A45000A742C1D2EEE7294610B0BDE8F04101F0B5
:10A46000E3BC2278002AE5D0096809BA42EA03234E
:10A47000204614F8012FF2B19942F7D1C41EC6E765
:10A480002678002ED6D01204014642EA056242EA3E
:10A49000032300E04EB146EA0102204614F8016FA2
:10A4A000B3EB022F4FEA0221F4D18B42C2D1841EBA
:10A4B000ADE74C1EABE79942BCD1DFE701462B4626
:10A4C0003246204610B0BDE8F041FFF745BE00BF60
:10A4D00038B50023064C054608462360FAF7CAFE45
:10A4E000431C00D038BD2368002BFBD02B6038BD47
:10A4F0006C280020014B1868704700BF081D002021
:10A50000082802D14FF48050704708B5FFF7F2FFDA
:10A51000162203464FF0FF301A6008BD704700BF97
:10A52000704700BF704700BF704700BF844641EAD4
:10A53000000313F0030349D1403A23D30B680360AF
:10A540004B6843608B688360CB68C3600B690361B1
:10A550004B6943618B698361CB69C3610B6A036299
:10A560004B6A43628B6A8362CB6AC3620B6B036381
:10A570004B6B43638B6B8363CB6BC3634030403166
:10A58000403ADBD230320BD30B6803604B68436038
:10A590008B688360CB68C36010301031103AF3D2FF
:10A5A0000C3205D351F8043B40F8043B043AF9D28D
:10A5B000043208D0D2071CBF11F8013B00F8013B60
:10A5C00001D30B8803806046704700BF082A13D36D
:10A5D0008B07B1D010F00303AED0C3F10403D21A3D
:10A5E000DB071CBF11F8013B00F8013BA4D331F895
:10A5F000023B20F8023B9FE7043AD9D3013A11F815
:10A60000013B00F8013BF9D20B7803704B784370A3
:10A610008B7883706046704720F0030110F00300D0
:10A62000C0F1000051F8043B00F1040C4FEACC0CDF
:10A630006FF000021CBF22FA0CF213434FF0010C22
:10A640004CEA0C2C4CEA0C4CA3EB0C0222EA030261
:10A6500012EACC1204BF51F8043B0430F4D0C2F12A
:10A66000000102EA0102B2FA82F2C2F11F0200EB1B
:10A67000D200704700200149704700BF0000F87FFA
:10A68000F8B5064608200C46FFF73AFF0746304665
:10A69000FEF71AF8224A93685D6825F00305A5F1D4
:10A6A00011031C1B3C44B4FBF7F4013C07FB04F40E
:10A6B000A74208DC00213046FFF70AFF184A9368DA
:10A6C0002B44984204D03046FEF704F80020F8BD31
:10A6D00061423046FFF7FCFE0130114A0DD02D1BC0
:10A6E00010499368304645F001055D600B681B1BFF
:10A6F0000B60FDF7EFFF0120F8BD00213046FFF7AA
:10A70000E7FE074A9268831A0F2BDCDD43F0010352
:10A7100004495360044B1B68C01A0860D3E700BFAC
:10A72000A01600209821002094160020002962D055
:10A730002DE9F0410C460746FDF7C6FF7A4954F86B
:10A7400004ECA4F1080C8D682EF001030EF0010654
:10A750000CEB03025068954220F0030000F0878064
:10A76000151850606D6805F00105A84696BB54F8B1
:10A77000084C01F1080EACEB040C2344DCF8084053
:10A78000744567D0DCF80C50E560AC60B8F1000FA0
:10A7900000F0888043F00100CCF804001360B3F5AA
:10A7A000007F32D25809DA08012383404868013219
:10A7B000034351F832004B6001EBC203083BCCE984
:10A7C000020341F832C0C0F80CC03846BDE8F04181
:10A7D000FDF780BF85B9034401F1080E906843F08E
:10A7E0000104704577D0D268C2609060CCF8044014
:10A7F0004CF80330D3E770474EF00102B3F5007F09
:10A8000044F8042C4CF80330CCD3B3F5206F4FEA56
:10A81000532249D29A0902F1390002F13804C200E8
:10A8200088188A580838904203D15DE092689042B7
:10A8300004D0516821F003019942F7D8D068CCE9DF
:10A840000220C0F808C03846C2F80CC0BDE8F0418C
:10A85000FDF740BF9DBB1844D2E90223D3609A6044
:10A8600040F00103CCF804304CF80000ADE7184488
:10A8700046B954F8083CACEB030C1844DCE902235D
:10A88000D3609A6040F00103CCF80430274BC1F844
:10A8900008C01B68834298D8254B38461968FFF7D3
:10A8A000EFFE92E7034499E7142A0ED9542A22D8DE
:10A8B0001A0B02F16F0002F16E04C200B0E743F020
:10A8C0000101CCF8041013607FE702F15C0002F193
:10A8D0005B04C200A4E7C1E904CCCCE902EECCF8E9
:10A8E00004404CF8033070E7A4100123A3404C68E7
:10A8F00023434B60A3E7B2F5AA7F06D8DA0B02F137
:10A90000780002F17704C2008AE740F25450824294
:10A9100006D89A0C02F17D0002F17C04C2007FE7A8
:10A920004FF47E727E247BE7A0160020981600204C
:10A93000C82100202DE9F041D0F810E0BEEB611FE6
:10A9400005DC0023036100234361BDE8F08100F1D1
:10A9500014044E1111F01F0C04EB8E0504EB86035A
:10A9600027D0043354F826109D4221FA0CF137D930
:10A97000CCF1200827461A6802FA08F20A4347F881
:10A98000042B53F8041B9D4221FA0CF1F3D8AEEBD3
:10A99000060E231D4FEA8E0EAEF1050E4FEA9E0203
:10A9A0002EF0030E43F822109E4481B10EF1040EE6
:10A9B0000DE09D42C5D900F1100253F8041B9D42E1
:10A9C00042F8041FF9D8AEEB060E04EB8E0EAEEB88
:10A9D0000403A6454FEAA3030361B4D0BDE8F081A8
:10A9E00041610029ADD0A646E0E700BF2DE9F04F58
:10A9F000884685B0096802938B78302BCDE900201A
:10AA000040F01582CA1C137814460132302BFAD05C
:10AA1000611AA1F1020AA54EF35C002B00F0D78069
:10AA200023784FF00009F35C4D46002B00F06B815A
:10AA3000274617F8013FF35C002BFAD101229C490D
:10AA40003846FFF7E9FA8346002846D03B78002DC8
:10AA500000F0C581A5EB070B4FEA8B0B03F0DF037A
:10AA60003D46502B46D0C8F80070B9F1000F56D1C2
:10AA70002B1B4946013B072B03DD5B100131072BE4
:10AA8000FBDC019800F0C2FB8146002800F09382B5
:10AA900000F1140AAC424FF00008574653D2A146C9
:10AAA000039000240BE0214604342A784D45B25C23
:10AAB00002F00F0202FA01F248EA020841D015F84A
:10AAC000012D2E2A01D14D4532D2202CEBD100216F
:10AAD00047F8048B04248846E7E7002D00F09A81AC
:10AAE0003B78A5EB070B3D4603F0DF034FEA8B0BEA
:10AAF000502BB8D16B782B2B00F06F812D2B40F0B1
:10AB0000D9800122AB78AF1CF15C4B1E182B40F2B0
:10AB1000D8802F46C8F80070B9F1000FA8D0BAF15C
:10AB2000000F0CBF06240024204605B0BDE8F08FBE
:10AB300001225F492846FFF76FFA0028C5D14D452D
:10AB4000BDD1DDF80C9047F8048BA7EB0A0740460F
:10AB5000BB10C9F8103000F031FC009BC0EBC700FF
:10AB60001D68A84255DCC0F23C81009A93685B45A1
:10AB7000C0F22A8153689B4580F2BA80A3EB0B0B8D
:10AB8000AB4570DA0BF1FF34002C40F09281264681
:10AB9000631104F01F04A5EB0B0559465AF8232056
:10ABA00001234846A340134200F09281FFF7C2FE02
:10ABB000009BDC68D3F804B0022C00F04B81032C1E
:10ABC00000F0A281012C00F09B81122491E001226F
:10ABD00037492046FFF720FA8146002840F095804B
:10ABE0006378651CF25C002A00F09180302B2C46C3
:10ABF00040F08C8114F8013F302BFBD0F35C4FF018
:10AC0000010AB3FA83F94FEA5919002B7FF410AF08
:10AC100079E0441B4846214601F00AF8064670B127
:10AC2000621E012653115AF8231002F01F0306FA80
:10AC300003F30B4203D0B24200F3418102262146C6
:10AC40004846FFF777FE009BA3449B685B45C0F234
:10AC5000BB80009B5B685B4540F3ED80A3EB0B0B77
:10AC60005D4500F31781009AD268022A57D0032A63
:10AC700000F03A81012A55D1AB4553D1BBF1010F08
:10AC800008D00BF1FF31484600F0D2FF002849D030
:10AC9000009B5B680299012262240B600E9BC9F83D
:10ACA0001020CAF80020C3F800903DE794C90010B6
:10ACB00084C40010F15C6F1C00224B1E182B3FF661
:10ACC00028AF7B7810390137F35C581E18280BD851
:10ACD00001EB810103EB4103A3F1100117F8013FE0
:10ACE000F35C581E1828F3D902B149428B44BAE6E6
:10ACF00001240E9B2046C3F80090029BC3F800B0CD
:10AD000005B0BDE8F08F274698E62378254603F086
:10AD1000DF03502B00F0E380C8F80050FFE60F9AE5
:10AD2000002AB7D050240198494600F095FA002334
:10AD30000E9A2046136005B0BDE8F08FD9F80830B0
:10AD40009E4280F2E680701C012209EB8606022CEE
:10AD5000C9F81000D046726100F0CB80002840F3A3
:10AD6000FE8008EB800009F11801D9F81430884200
:10AD70004FEA530340F2138144460A6843EAC27320
:10AD800044F8043B51F8043B88424FEA5303F4D89B
:10AD9000A0EB090208F10401193A900822F003021D
:10ADA00041F820300A4403B10432A2EB08034245C3
:10ADB0004FEAA303C9F8103000F0D480009B0BF1D8
:10ADC000010B9B685B4563DA4946019800F044FA41
:10ADD00000230E9AA3241360A6E6002292E6AB4657
:10ADE0003CE62C1A494601982246ABEB040B00F0D6
:10ADF0009DFC009A814693689B45E5DC53689B4522
:10AE0000BFF676AFA3EB0B0B00F1140AAB45BFF610
:10AE10002AAFB7E67B787D1CF25C2F46002A3FF410
:10AE20001DAE17F8013FF25C002AFAD112E68C1C25
:10AE30004FF0000AEFE50124002E3FF45AAF009BCB
:10AE4000DB68022B06D0032B08D0012B29D044F05D
:10AE500010044EE70F9BC3F101030F930F9B002BD0
:10AE6000F5D0D9F81060D046534600200AEB860191
:10AE700004E043F8040B99427FF660AF1A68571C50
:10AE8000F7D00132022C1A6033D015F01F056DD1B6
:10AE900021242EE70BF1FF34002E3FF475AE01267E
:10AEA00076E6B207D3D5DAF800301E43F307D8D4DC
:10AEB000CDE72146484600F0BBFE064668E6A11EE7
:10AEC000484600F0B5FE00283FF4B8AE0326B6E6CB
:10AED000FFF730FD009B0224D3F804B0ACE74FF03D
:10AEE000000B4FF0010905E60F9A002A7FF4D2AE5D
:10AEF00018E7009B1B68013BAB4244D02224F8E6D4
:10AF000046F002060224CEE70224A7E74FF0010A2A
:10AF10008EE5D9F804100198013100F077F9074661
:10AF2000002842D0D9F8103009F10C010C3007F19B
:10AF3000140802339A00FFF7F9FA49460198B94616
:10AF400000F08AF93A690121022C02EB010007EBBB
:10AF5000820238615161CCD0864296DAFEE6002347
:10AF6000C9F810300023C9F8143027E708EB86062B
:10AF7000C5F1200556F8040C00F020FAA84287DA43
:10AF8000D9F81000EAE66B1105F01F0558F82320E8
:10AF90000123AB40134214BF21242224A9E6C8F8A0
:10AFA0000030002BDBD04246FEE60246054B8421F2
:10AFB0000548FAF79FF90246024BE4210248FAF7E6
:10AFC00099F900BFDCC40010F0C400100139036817
:10AFD00011F8012F03F1010CB2B100B502E011F834
:10AFE000012F62B11CF8013BA3F1410EBEF1190F14
:10AFF00098BF20339342F2D00023184600BD0123AE
:10B00000C0F800C0184600BD0123C0F800C01846B3
:10B01000704700BF2DE9F04F16460A6885B0844698
:10B02000531112F01F0206EB8303029240F09D8041
:10B03000181F1A460024DCF8001042F8044C4B7824
:10B04000002B00F0AA80A1460192044686464D4698
:10B05000624FCA464A4601F101088346CDF80CC04A
:10B06000F85C00285FD1202B00F29180954222DD10
:10B07000A6451CD2B9F1070F19DCC9F1080CDEF89E
:10B0800000307046CDF800E04FEA8C0C9646CCF1CB
:10B090002009426802FA09F1194322FA0CF301600F
:10B0A00040F8043FA042F4D37246DDF800E0764554
:10B0B00052D34FF0080918F8013F002BD0D1019A64
:10B0C0005846002D69D0A64502D2B9F1070F68DDB8
:10B0D00076454DD2311F734653F8044B834241F8F5
:10B0E000044FF9D9A0EB0E03411C0EF1010E002410
:10B0F00023F003038E4588BF0023311D0B441946FE
:10B10000043383420C60FAD952F8041C19B106E0EA
:10B1100050F8043D1BB98642FAD101233360052063
:10B1200005B0BDE8F08F09F101090135B9F1080F4B
:10B1300008DCDEF800301B0100F00F001843CEF8E9
:10B140000000B8E77645B6D24EF804AC0023AEF165
:10B15000040E4FF00109EFE7AEF104044EF804AC21
:10B160002A464FF00009A646A5E71A1D184661E7D2
:10B17000029B52F8041C002BC8D0C3F120034FF0EF
:10B18000FF3424FA03F3194042F8041CBEE7292BCC
:10B19000019A5846DDF80CC01BD0042005B0BDE86C
:10B1A000F08FC9F10803DEF8001077469B000D46CA
:10B1B000C3F120089C467B6803FA08F1294323FA6F
:10B1C0000CF5396047F8045FA742F4D3764581D384
:10B1D000CEE708F10101CCF8001072E794C9001025
:10B1E00082B049B15AB16BB113780B601278101E5E
:10B1F00018BF012002B0704701A9002AF3D1104600
:10B2000002B070476FF00100F4E700BF38B5436C3F
:10B2100005460C464BB153F8240080B1026843F850
:10B2200024200023C0E9033338BD21220421FCF788
:10B2300039FF034668640028EDD1002038BD0121A4
:10B24000284601FA04F56A1D9200FCF72BFF00283E
:10B25000F3D0C0E90145E4E731B1436C4A6853F8E3
:10B260002200086043F82210704700BF2DE9F0412A
:10B2700017460E461C460D6901F114024FF0000EF0
:10B2800011680EF1010E8BB275454FEA114107FBB3
:10B2900003434FEA134C9BB207FB01CC03EB0C4377
:10B2A0004FEA1C4442F8043BEADC3CB1B368AB42D1
:10B2B00007DD06EB850301355C6135613046BDE88D
:10B2C000F081716880460131FFF7A0FF0746B0B1F9
:10B2D000326906F10C010C3002329200FFF726F9B8
:10B2E000D8F84430726853F82210316043F8226075
:10B2F0003E4606EB850301355C613561DEE70246BB
:10B30000024BBA210248F9F7F5FF00BFDCC4001078
:10B310005CC50010092B2DE9F843089C1E46054624
:10B32000884617463BDD03F10802214B0021A3FBB1
:10B330000232012352085B0001319A42FBDC2846AD
:10B34000FFF764FF014660B30123092F44610361E5
:10B3500013DC08F10A040927BE420BDDF61B264464
:10B3600014F8013B0A222846303BFFF77FFFB44226
:10B370000146F5D10846BDE8F88308F10904B84450
:10B38000A14614F8013B0A222846303BFFF76EFF26
:10B3900044450146F5D109EB0704083CDCE70021F0
:10B3A000CDE70246034BD3210348F9F7A3FF00BFC3
:10B3B000398EE338DCC400105CC50010B0F5803F66
:10B3C000034610D203041020B3F1807F01D208306D
:10B3D0001B02B3F1805F08D3B3F1804F10D29A0003
:10B3E00013D4033070470020EEE71A010430B2F1A5
:10B3F000804F06D29B0108D45B00F2D42020704716
:10B400001A46002AFBDB013070470230704700BF4C
:10B410000368590708D0DA071FD499072AD55B08B3
:10B4200001220360104670479AB282B91B0CDAB24F
:10B43000B2B11022190701D104321B09990714D0A7
:10B44000D90701D401325B08036010467047DAB2B5
:10B450004AB11A0717D10422EFE7002210467047BD
:10B4600018221B0AE6E70822FBE7590707D5023234
:10B470009B08E9E79B080222036010467047DB083F
:10B4800004D12022CEE7DB080322DDE70332DBE72D
:10B4900038B5436C04460D464BB15868B0B10268EC
:10B4A0005A60002201234561C0E9032338BD2122EF
:10B4B0000421FCF7F7FD034660640028EDD1094B39
:10B4C000002240F245110848F9F714FF1C2201211F
:10B4D0002046FCF7E7FD0028F1D001220223C0E955
:10B4E0000123DEE7DCC400105CC500102DE9F04F3D
:10B4F0000F6985B015690E469046AF4205DB2A46B6
:10B5000043463D46884617461E46EC19D8E90113C6
:10B51000A342B8BF0131FFF779FE8446002800F04E
:10B520009D80143000EB840E704505D20346002147
:10B5300043F8041B9E45FBD8143606EB870296425F
:10B540007DD208F1140708F115039146E34607EB95
:10B550008505A5EB0808AB42A8F11508CDE902E482
:10B560004FEA980A8CBF0024012405E0090C35D16C
:10B57000B14500F104005FD956F8041B8AB2002AD5
:10B58000F4D0B84686460023CDE9009058F8041B55
:10B59000DEF800001FFA81F945454FEA114C81B2EF
:10B5A0004FEA104002FB091102FB0C00194400EBAA
:10B5B000114089B24FEA104341EA00414EF8041BA2
:10B5C000E4D8002C4FEA8A02DDE9009008BF00228F
:10B5D0000244536056F8041C090CC9D003688E4617
:10B5E000BC46804600221946CDF80090BCF8009079
:10B5F0009BB20EFB092909EB114943EA094348F8BC
:10B60000043B5CF8043BD8F800101B0C65458AB27B
:10B610000EFB032303EB19434FEA1342E6D8002C39
:10B620004FEA8A02DDF8009008BF0022B1450244CB
:10B6300000F1040053609FD8DC46DDE902E4002CF1
:10B6400002DC05E0013C03D05EF8043D002BF9D09C
:10B650006046CCF8104005B0BDE8F08F0246034BC1
:10B660004FF4B1710248F9F745FE00BFDCC4001089
:10B670005CC50010F8B512F00303144607462FD13D
:10B680000E46A4102AD03D6C002D32D004F00103E8
:10B6900064103BB92868B8B1054604F00103641092
:10B6A000002BF7D02A4631463846FFF71FFF36B148
:10B6B0007B6C716853F82120326043F8216074B1CB
:10B6C000064628680028E7D12A4629463846FFF76B
:10B6D0000DFF0023286005460360DEE73046F8BD15
:10B6E000013B0F4A52F823200023FFF7BFFD064617
:10B6F000C7E701213846FFF789FD054640B1012320
:10B7000040F27122C0E90432002338640360BDE7CF
:10B710000246044B40F245110348F9F7EBFD00BF28
:10B7200094CA0010DCC400105CC500102DE9F0477D
:10B730000D46914607464FEA62182E69AB6806EB44
:10B7400062164968741C9C4203DD5B0001319C4217
:10B75000FBDC3846FFF75AFD00284ED0B8F1000F49
:10B7600000F1140C0BDD08F105016346002200EB2B
:10B77000810143F8042B8B42FBD10CEB880C05F1C3
:10B780001403296919F01F0803EB810E2CD0C8F1AE
:10B79000200962464FF0000A196801FA08F141EAEF
:10B7A0000A0142F8041B53F8041B9E4521FA09FACA
:10B7B000F2D8AEEB050305F11502153B23F00303A8
:10B7C000964538BF002304334CF803A0BAF1000FAC
:10B7D00000D134467B6C6A68046153F822102960FA
:10B7E00043F82250BDE8F087ACF1040C53F8042B69
:10B7F0009E454CF8042FF9D8EBE70246024B4FF474
:10B80000EF710248F9F776FDDCC400105CC500104A
:10B8100003690A6900B5B3EB020E12D100F1140CF2
:10B8200014310CEB820301EB820101E09C4508D24C
:10B8300053F8040D51F8042D9042F7D003D24FF085
:10B84000FF3E704600BD4FF0010E704600BD00BFC8
:10B850002DE9F04F17460A6983B00C463B69A2EB0D
:10B860000308B8F1000F15D1143107F1140505EBE9
:10B87000830501EB830302E0994280F0878053F84F
:10B88000046D55F8042D9642F6D080F08C804FF070
:10B89000010805E0FBDB3B464FF000080F461C4665
:10B8A0007968FFF7B3FC002800F08A803A6907F155
:10B8B0001001C0F80C80834607F11408266900F1D6
:10B8C000140704F1140008EB820E944600EB860680
:10B8D0000023B946C2460A46019450F8041B52F8A8
:10B8E000045F8CB286421FFA85F84FEA1141A8EB3B
:10B8F0000408C1EB1541984401EB28411FFA88F870
:10B900004FEA214348EA014449F8044BE5D8A146EF
:10B91000019C6246DC46311B1534153921F00301C8
:10B92000A64238BF00210AEB0105CC190435AE450B
:10B9300028463CD9A7EB0A07043400EB070850F867
:10B94000041B1FFA81F9CE18090C86454B44B6B288
:10B9500001EB234146EA01464FEA2143C8F8006063
:10B96000EBD80EF1FF33B1465B1B23F003032344F6
:10B97000B9F1000F04D153F8041D013A0029FAD09F
:10B980006046CCF8102003B0BDE8F08F0021FFF72F
:10B990003DFC844668B101220023C0E904236046CF
:10B9A00003B0BDE8F08F3B4627461C4678E72346A8
:10B9B000DEE70246064B40F237210648F9F79AFCCB
:10B9C0000246034B40F245210248F9F793FC00BFC1
:10B9D000DCC400105CC50010114B0B40A3F1507388
:10B9E000002B03DD00221946104670475B42B3F17D
:10B9F000A07F4FEA235106DA4FF4002300220B41C7
:10BA000010461946704714391E2904DD012200230F
:10BA10001046194670474FF00042CA40F7E700BF92
:10BA20000000F07FF8B5046900F1140606EB840409
:10BA300054F8047C251F3846FFF7C0FCC0F12003F2
:10BA40000A280B602CDDAE42A0F10B0218D254F88C
:10BA5000083C02B3C2F120059740A4F1080023FA84
:10BA600005F193408642194A47EA010747EA020274
:10BA700013D254F80C0C1146E84003431846F8BDA5
:10BA80000B2807D007FA02F0104A00230243184699
:10BA90001146F8BD00230D4A3A4318461146F8BD39
:10BAA000C0F10B03094AAE4227FA03FC4CEA02023A
:10BAB00008D3002400F11503114607FA03F32343CA
:10BAC0001846F8BD54F8084CDC40F3E70000F03F9E
:10BAD00030B585B00121CDE90023FFF797FB05467E
:10BAE000DDE90023002844D0C3F30A54C3F3130153
:10BAF0000CB141F48011002A039114D103A8FFF77F
:10BB000087FC039B012120306B6129610CB3A4F2F7
:10BB10003344089BC0F13501044428461C60099B4E
:10BB2000196005B030BD02A80292FFF771FCDDE993
:10BB3000022328B1C0F1200103FA01F1C3400A43F6
:10BB4000002B0CBF01210221C5E905232961002C2E
:10BB5000DDD105EB8103089AA0F23240106018692C
:10BB6000FFF72CFC099BC0EB41112846196005B07A
:10BB700030BD0246024B40F20F310248F9F7BAFBE2
:10BB8000DCC400105CC500102DE9F04983B08B4681
:10BB900080466946FFF746FF04460D46584601A910
:10BBA000FFF740FFD8F81030DBF81020A3EB020CB1
:10BBB000DDE900329B1A03EB4C13002B0BDD05EB88
:10BBC00003573D4602460B4620462946F7F74EFDF1
:10BBD00003B0BDE8F089C3EB033301EB035C6146BE
:10BBE000F0E700BF02F11403013910B514461269E1
:10BBF000491103EB820C0131634500EB81010FD247
:10BC0000A0F1040E53F8042B9C454EF8042FF9D8EC
:10BC1000ACEB040C0430ACF1150C2CF0030C6044BC
:10BC2000814204D9002340F8043B8142FBD810BD77
:10BC300003694A111430934209DA00EB830302E0EE
:10BC400053F8042D82B98342FAD80020704700EBE4
:10BC50008203F8DD11F01F01F5D050F822C02CFA54
:10BC600001F28A409445EED0012070472DE9F84357
:10BC7000074688464FF0000916467568013D10D406
:10BC8000B468A389012B08D9B4F90E30214638468F
:10BC9000013302D0C04749EA0009013D68346B1CFA
:10BCA000EFD13668002EE8D14846BDE8F88300BFE2
:10BCB00059B1FF2A03D801230A70184670478A2217
:10BCC0004FF0FF330260184670470B461846704726
:10BCD00070B5002941D006460C4610B1436B002BCD
:10BCE0003ED0FEF709F9636EB4F90C20DD0730D4BD
:10BCF000900538D521463046FDF722FFE36A054618
:10BD000033B1E169304698470028B8BF4FF0FF359E
:10BD1000A3891A0639D4216B41B104F14003994239
:10BD200002D03046FEF702FD00232363616C21B18F
:10BD30003046FEF7FBFC00236364636E0022DB07E2
:10BD4000A2811ED5A06DFEF7EBFBFEF7DBF82846BF
:10BD500070BD002ACED1FEF7D5F80025284670BD6B
:10BD6000FEF7ACF8BDE7A06DFEF7DCFBB4F90C30D4
:10BD7000002BBFD1636ED907EDD4A06DFEF7D4FBC5
:10BD8000E9E7A06DFEF7D0FBDCE721693046FEF75E
:10BD9000CDFCC0E710B50C46B1F90E1000F0E2F88A
:10BDA000002803DB236D0344236510BDA38923F41E
:10BDB0008053A38110BD00BF2DE9F0411F46B1F9AA
:10BDC0000C3016460C46DA0505460BD423F4805198
:10BDD00032463B462846A181B4F90E10BDE8F04139
:10BDE00000F0D4B802230022B1F90E1000F0A6F83A
:10BDF000B4F90C30EAE700BF10B50C46B1F90E10EB
:10BE000000F09CF8421CB4F90C3004D043F4805389
:10BE10002065A38110BD23F48053A38110BD00BF12
:10BE2000B1F90E1000F078B811F0FF01034600F0F0
:10BE300003023AD092BB01EB0123026803EB0343F8
:10BE400010B583EA020C1C46A2F1013323EA020377
:10BE5000ACF1013222EA0C02134313F0803F0FD100
:10BE600050F804CF8CEA040EACF10133AEF101328C
:10BE700023EA0C0322EA0E02134313F0803FEFD0B3
:10BE8000037823B936E010F8013F002B32D09942F5
:10BE9000F9D110BD8A4228D09A0729D01A781846BD
:10BEA0000133002AF6D110467047CAB90268A2F1E0
:10BEB000013323EA020313F0803F08D150F8042F26
:10BEC000A2F1013323EA020313F0803FF6D0037896
:10BED0005BB110F8013F002BFBD17047990705D0EB
:10BEE0001A7818460133002AF8D170471846DDE762
:10BEF0001846A0E7184610BD59B1034600EB010CE7
:10BF000002E001339C4504D01A78002AF9D1181AAE
:10BF100070470846704700BF38B50023064C0546F9
:10BF200008462360F9F7DAF9431C00D038BD2368CE
:10BF3000002BFBD02B6038BD6C28002038B5084C96
:10BF40000546084611461A4600232360F9F7CAF948
:10BF5000431C00D038BD2368002BFBD02B6038BDBC
:10BF60006C28002038B5084C0546084611461A468C
:10BF700000232360F9F794F9431C00D038BD2368EF
:10BF8000002BFBD02B6038BD6C28002038B5084C46
:10BF90000546084611461A4600232360F9F78EF934
:10BFA000431C00D038BD2368002BFBD02B6038BD6C
:10BFB0006C280020F8B500BF5FF800F035020020C3
:10BFC0005FF800F0F90A00205FF800F0A5110020EA
:10BFD0005FF800F0551200205FF800F06D020020BD
:10BFE0005FF800F0B10D00205FF800F07D0A00203E
:10BFF0005FF800F0550A00205FF800F0B10A002059
:10C000005FF800F0CD0100205FF800F01101002082
:10C010005FF800F0A90200205FF800F04D0E00204C
:10C020001D34001095330010C5330010B1340010DA
:10C03000FD3300101D33001045340010093300108B
:10C04000D5240010493400109528001065330010E5
:10C0500031340010E133001081200010A9200010BD
:08C06000455D00101102001003
:10C06800756278006E6D6561000000006E6F6E6528
:10C078000000000056494749415F494D5520736506
:10C08800713D256C752074696D657374616D705FA1
:10C0980075733D256C6C752071773D252E346620AF
:10C0A80071783D252E34662071793D252E34662021
:10C0B800717A3D252E34662061783D252E33662021
:10C0C80061793D252E336620617A3D252E33662021
:10C0D80063616C3D25752076616C69643D2575202A
:10C0E800716E6F726D3D252E34660A0056494749B8
:10C0F800415F475053207365713D256C7520746905
:10C108006D657374616D705F75733D256C6C75201A
:10C118006C61743D252E3766206C6F6E3D252E3779
:10C12800662073706565645F6D733D252E326620E9
:10C138006669785F747970653D25752073617465EB
:10C148006C6C697465733D25752068646F703D2556
:10C158002E32662076616C69643D257520737263A2
:10C168003D25730A0000000056494749415F504980
:10C178004E47207365713D256C7520757074696D27
:10C18800655F6D733D256C6C7520626F6F745F6DB4
:10C19800733D256C752066773D6770732B696D75E7
:10C1A80020756172745F72783D256C7520626175C7
:10C1B800643D256C7520696D755F72656164793DB4
:10C1C800257520696D755F73746167653D257520F8
:10C1D800696D755F73616D706C65733D256C752055
:10C1E800696D755F706B74733D256C7520696D752D
:10C1F8005F6368333D256C7520696D755F63683DC5
:10C20800257520696D755F62303D3078253032784C
:10C2180020696D755F7269643D3078253032782009
:10C22800696D755F70726F62653D257520696D7502
:10C238005F696E743D257520696D755F7273743D15
:10C24800257520696D755F77616B653D257520697A
:10C258006D755F63733D257520696D755F68303D49
:10C2680030782530327820696D755F68313D3078D7
:10C278002530327820696D755F68323D3078253019
:10C28800327820696D755F68333D307825303278B3
:10C2980020696D755F6C656E3D257520696D755FEC
:10C2A80070726F62655F63683D257520696D755FA3
:10C2B80070726F62655F7365713D25750A000000D5
:10C2C80047474100524D43000A2A2A2A2050414E2E
:10C2D8004943202A2A2A0A004E6F207370696E6C1F
:10C2E8006F636B732061726520617661696C61624E
:10C2F8006C6500004E6F207573657220495251734A
:10C308002061726520617661696C61626C6500000C
:10C31800486172647761726520616C61726D202575
:10C328006420616C726561647920636C61696D6514
:10C338006400000048617264206173736572740060
:10C3480052656C6561736500626F6F74325F773236
:10C358003571303830000000322E322E30000000A7
:10C368007069636F3200000076696769615F7069A0
:10C37800636F5F68656C6C6F000000004A756E2023
:10C388003136203230323600666E692B00000000EC
:10C39800666E69006E616E00666E692D00000000B1
:10C3A8002C2066756E6374696F6E3A200000000079
:10C3B800617373657274696F6E202225732220661B
:10C3C80061696C65643A2066696C65202225732270
:10C3D8002C206C696E65202564257325730A00007E
:10C3E80055534220737464696E202F207374646FF0
:10C3F80075740000526173706265727279205069B9
:10C40800000000005069636F00000000426F617215
:10C4180064204344430000005265736574000000C3
:10C42800556E68616E646C6564204952512030789D
:10C4380025780A00657020253032582077617320EE
:10C44800616C726561647920617661696C61626CA6
:10C458006500000043616E277420636F6E74696E17
:10C4680075652078666572206F6E20696E616374E9
:10C478006976652065702025303258002E0000004E
:10C488006E660000696E697479000000616E0000D4
:10C498004C435F434F4C4C41544500004C435F4371
:10C4A80054595045000000004C435F4D4F4E4554D1
:10C4B800415259004C435F4E554D45524943000087
:10C4C8004C435F54494D45004C435F4D45535341E0
:10C4D8004745530042616C6C6F63207375636365F5
:10C4E80065646564000000002F566F6C756D657398
:10C4F8002F646174612F6A656E6B696E732F776F35
:10C50800726B73706163652F474E552D746F6F6C36
:10C51800636861696E2F61726D2D31352F73726397
:10C528002F6E65776C69622D63796777696E2F6EF8
:10C5380065776C69622F6C6962632F7374646C69C8
:10C54800622F6764746F612D6765746865782E6300
:10C55800000000002F566F6C756D65732F64617451
:10C56800612F6A656E6B696E732F776F726B73706C
:10C578006163652F474E552D746F6F6C63686169F1
:10C588006E2F61726D2D31352F7372632F6E657743
:10C598006C69622D63796777696E2F6E65776C6950
:10C5A800622F6C6962632F7374646C69622F6D709B
:10C5B8007265632E6300000080250000009600006D
:10C5C80000C2010000000000FFFFFFFFFFFFFF7F28
:10C5D80006005250D3F0754248C30010060052506E
:10C5E800E182887F50C3001006005250ABB36053FD
:10C5F80060C3001006005250BBFF3CB668C3001071
:10C6080006005250861C030270C3001006005250E8
:10C618005422A29D84C3001005005250DE65F468C0
:10C62800D4E9001000000000000000000000F03F06
:10C6380000000000000024400000000000005940F5
:10C648000000000000408F40000000000088C34048
:10C6580000000000006AF8400000000080842E41BD
:10C6680000000000D01263410000000084D7974109
:10C678000000000065CDCD410D0A0000000000005B
:10C688009D57001000000000A1570010AD57001082
:10C69800D9570010D5570010000000000A0000000C
:10C6A80000000306A6000800020002009C00140017
:10C6B800030057494E555342000000000000000097
:10C6C8000000800004000100280044006500760096
:10C6D80069006300650049006E007400650072001F
:10C6E800660061006300650047005500490044008A
:10C6F80000004E007B006200630037003300390001
:10C708003800630031002D003700330063006400F7
:10C718002D0034006300620037002D003900380016
:10C72800620038002D003900310033006100380004
:10C7380066006300610037006200660036007D0015
:10C7480000000000050F2100011C100500DF60DD5E
:10C75800D88945C74C9CD2659D9E648A9F0000037A
:10C7680006A60001000000000600525053B4F4A1D0
:10C77800E8C3001000000000FCC300100CC4001047
:10C788002C30002014C4001020C4001009025400EA
:10C79800030100807D080B0002020200000904006A
:10C7A8000001020200040524002001052401000103
:10C7B8000424020605240600010705810308001069
:10C7C80009040100020A00000007050202400000F7
:10C7D800070582024000000904020000FF0001056D
:10C7E80012011002EF0201408A2E09000001010225
:10C7F8000301000000000000917100100572001094
:10C8080035720010857200105573001025740010E1
:10C8180000000000000000001D7500107975001070
:10C8280095750010B975001031580010AD760010DC
:10C838000000000034000000CEFBFFFFCB03000027
:10C84800010000000000000035000000CEFBFFFFE3
:10C85800CB03000001000000000000000000000001
:10C86800BC89D897B2D29C3C33A7A8D523F64939BE
:10C878003DA7F444FD0FA5329D978CCF08BA5B25E0
:10C88800436FAC6428066811002020202020202057
:10C898002020282828282820202020202020202068
:10C8A8002020202020202020208810101010101078
:10C8B80010101010101010101004040404040404C4
:10C8C800040404101010101010104141414141415E
:10C8D8000101010101010101010101010101010140
:10C8E8000101010110101010101042424242424250
:10C8F8000202020202020202020202020202020210
:10C9080002020202101010102000000000000000B7
:10C91800000000000000000000000000000000000F
:10C9280000000000000000000000000000000000FF
:10C9380000000000000000000000000000000000EF
:10C9480000000000000000000000000000000000DF
:10C9580000000000000000000000000000000000CF
:10C9680000000000000000000000000000000000BF
:10C9780000000000000000000000000000000000AF
:10C98800000000000000000000000000000000009F
:10C99800000000000000000000000000000000008F
:10C9A800000000000000000000000000000000007F
:10C9B8000000000000000000000000001011121329
:10C9C800141516171819000000000000001A1B1C87
:10C9D8001D1E1F00000000000000000000000000F5
:10C9E800000000000000000000000000001A1B1CEE
:10C9F8001D1E1F00000000000000000000000000D5
:10CA0800000000000000000000000000000000001E
:10CA1800000000000000000000000000000000000E
:10CA280000000000000000000000000000000000FE
:10CA380000000000000000000000000000000000EE
:10CA480000000000000000000000000000000000DE
:10CA580000000000000000000000000000000000CE
:10CA680000000000000000000000000000000000BE
:10CA780000000000000000000000000000000000AE
:10CA88000000000000000000000000000500000099
:10CA9800190000007D0000000080E03779C34143A1
:10CAA800176E05B5B5B89346F5F93FE9034F384D0C
:10CAB800321D30F94877825A3CBF737FDD4F1575B8
:10CAC800000000000000F03F0000000000002440CB
:10CAD80000000000000059400000000000408F40A6
:10CAE800000000000088C34000000000006AF84011
:10CAF8000000000080842E4100000000D012634135
:10CB08000000000084D797410000000065CDCD41AA
:10CB1800000000205FA00242000000E8764837428B
:10CB2800000000A2941A6D42000040E59C30A24229
:10CB38000000901EC4BCD64200003426F56B0C439E
:10CB48000080E03779C3414300A0D8855734764345
:10CB580000C84E676DC1AB43003D9160E458E143A6
:10CB6800408CB5781DAF154450EFE2D6E41A4B441B
:10CB780092D54D06CFF08044F64AE1C7022DB54460
:08CB8800B49DD9794378EA4419
:08CB90009CD9FF7F01000000A9
:10CB9800D8C50010E4C50010F0C50010FCC5001091
:10CBA80008C6001014C6001020C6001070C7001078
:10CBB800034600B50268EFF3108C72B6D2E8CFEFE7
:10CBC8000120BEF1000FF9D1C2E84E0FBEF1000FEF
:10CBD800F4D1BFF35F8F93F90420002A09DB01B178
:10CBE8000A60002000221B68C3E88F2F8CF310888E
:10CBF80000BD4FF05042126801201A71F2E700BFE1
:10CC08004FF050412DE9F0411F460B680446164687
:10CC18000025984608E0C3E88F5F82F31088304605
:10CC2800394601F025FAE8B92368EFF3108272B6A5
:10CC3800D3E8CF0F01210028FAD1C3E8401F00280C
:10CC4800F6D1BFF35F8F94F9041023680029E2DA64
:10CC5800002184F80480C3E88F1F82F31088012024
:10CC6800BDE8F0810020BDE8F08100BF10B5016883
:10CC7800EFF3108E72B6D1E8CFCF0124BCF1000FCC
:10CC8800F9D1C1E84C4FBCF1000FF4D1BFF35F8F6D
:10CC980090F904C00468BCF1000F10DB0021C4E85F
:10CCA8008F1F8EF310884FF0504494F9004064456C
:10CCB80001D1084610BDBDE81040FFF7A1BF4FF0F5
:10CCC8005042126800230271C4E88F3F8EF3108827
:10CCD800012010BD70B505460C4601F0C5F90246A5
:10CCE8000B464FF47A704FF0FF3E6FF0004CE4FBB8
:10CCF800002396457CEB030138BF72462846BDE801
:10CD0800704038BF6346FFF77BBF00BF0368EFF38F
:10CD1800108272B6D3E8CFCF0121BCF1000FF9D150
:10CD2800C3E84C1FBCF1000FF4D1BFF35F8F4FF085
:10CD3800FF0C0023016880F804C0C1E88F3F82F32C
:10CD4800108840BF704700BF002108B5134B4FF44F
:10CD5800707299601248D960196159619961D961F5
:10CD6800196259629962D962196359639963D963DF
:10CD7800196459649964D964196559659965D965BF
:10CD8800196659669966D966196759679967D9679F
:10CD980001F076F9034B044A1A6008BD00001050F0
:10CDA8003C290020282D0020800110502DE9F04753
:10CDB8001E4B84B0D3F858A0BAF1000F21D000243C
:10CDC80001254FF4E069DFF86C80194F05E0013464
:10CDD800E4B2202C4FEA450513D01AEA050FF6D025
:10CDE800E34304F0FE0603F001031E4407EB461676
:10CDF8003046C8F8585000F001FC28B93AEA050A4C
:10CE0800E5D104B0BDE8F087B378F28A8DF8083030
:10CE1800002301A80121ADF8049003928DF8093090
:10CE280000F00AFC304600F08DFBE7E700001150E7
:10CE3800FC2800200030115070B5B24B86B0D3F8F2
:10CE4800984014F4003574D0AF4AB04B906A93F808
:10CE58003B20AF49022A086000F0E680002593F8DD
:10CE68007B20022A00F0B28193F8BB20022A00F04E
:10CE7800A28193F8FB20022A00F0928193F83B21CB
:10CE8800022A00F0818193F87B21022A00F0718147
:10CE980093F8BB21022A00F0618193F8FB21022A52
:10CEA80000F0508193F83B22022A00F03F8193F86A
:10CEB8007B22022A00F01A8193F8BB22022A00F092
:10CEC800098193F8FB22022A00F0F88093F83B23AB
:10CED800022A00F0E78093F87B23022A00F0B7804B
:10CEE80093F8BB23022A00F07C8193F8FB23022AE3
:10CEF80000F0C7803DB9874B1B7823B94FF4003247
:10CF0800854BC3F890204FF440727E4B01219B6CF7
:10CF180003A8C3F30A030493ADF80C2000F08CFBBC
:10CF2800E3064FF400357D4E07D5FFF73FFF354642
:10CF380003E0E3064FF01006F7D4E0031DD573486D
:10CF48000226837E45F4803533BB4FF00103012E62
:10CF5800C37000F120001BD14FF4C062704BADF8D4
:10CF68000C2093E80300CDE90401314603A800F042
:10CF780063FB4FF40032684B1A65E1043ED4620447
:10CF88002ED423041DD4A54240F0BB8106B070BD49
:10CF9800837E0126002BD8D0624B5A4A1E66536EF8
:10CFA80036EA0303FBD14FF440520021019000F010
:10CFB800CFFA019800F0C6FA574B01985E661E66D4
:10CFC800C3E74FF4A063012103A8ADF80C3000F0CB
:10CFD80033FB4FF40062504B45F400451A65D2E725
:10CFE8004FF48063012103A8ADF80C3000F024FB56
:10CFF8001022494B45F480451A65C2E70026414B8B
:10D0080045F480551E60FFF79FFE4FF480730121A1
:10D0180003A8ADF80C308DF8106000F00DFB4FF44C
:10D0280000223D4B1A65AAE793F83A50002D3FF4C9
:10D0380016AF93F83C20002A3FF411AF002203F109
:10D04800200083F83C2000F0A7FA304B07E793F85C
:10D058007A63002E3FF444AF93F87C23002A40F013
:10D06800408193F8BB23022A40F0C48093F8BA2386
:10D07800002A40F0BB8093F8FB23022A7FF443AFD9
:10D08800354693F8FA23002A3FF434AF93F8FC238B
:10D09800002A3FF438AF0022234883F8FC2300F02D
:10D0A8007BFA30E793F83A63002E3FF414AF93F815
:10D0B8003C23002A40F0A98035460CE793F8FA6231
:10D0C800002E3FF403AF93F8FC22002A40F0AF8013
:10D0D8003546FBE693F8BA62002E3FF4F2AE93F8B9
:10D0E800BC22002A40F09A803546EAE693F87A6234
:10D0F800002E3FF4E1AE93F87C22002A40F0CD8068
:10D108003546D9E60000115000000B40FC280020ED
:10D11800682800204530002000301150100002001F
:10D128000000105000201150DC2C002093F83A62C7
:10D13800002E3FF4BCAE93F83C22002A40F0A480B5
:10D148003546B4E693F8FA61002E3FF4ABAE93F897
:10D15800FC21002A40F08F803546A3E693F8BA6197
:10D16800002E3FF49AAE93F8BC21002A7AD13546B6
:10D1780093E693F87A61002E3FF48AAE93F87C2107
:10D18800002A66D1354683E693F83A61002E3FF4CB
:10D198007AAE93F83C21002A40F09180354672E639
:10D1A80093F8FA60002E3FF469AE93F8FC20002A49
:10D1B8007CD1354662E693F8BA60002E3FF459AE4A
:10D1C80093F8BC20002A3BD1354652E693F87A60A2
:10D1D800002E3FF449AE93F87C20002A78D13546DA
:10D1E80042E693F8BA23002A3FF47FAE93F8BC23B3
:10D1F800002A7ED193F8FB23022A7FF484AE93F8A9
:10D20800FA23002A3FF47FAE40E700223F4883F824
:10D218003C23354600F0C0F93D4B5CE600223D4812
:10D2280083F8BC22354600F0B7F9394B49E60022AD
:10D23800394883F8FC22354600F0AEF9344B45E610
:10D248000022364883F8BC20354600F0A5F9304B5B
:10D258000FE60022324883F87C21354600F09CF91D
:10D268002B4B15E600222F4883F8BC21354600F0E9
:10D2780093F9274B11E600222B4883F8FC21354609
:10D2880000F08AF9224B0DE60022284883F83C2258
:10D29800354600F081F91E4B09E60022244883F840
:10D2A8007C22354600F078F9194B05E60022214822
:10D2B80083F8FC20354600F06FF9154BDEE50022B7
:10D2C8001D4883F83C21354600F066F9104BDAE535
:10D2D80000221A4883F87C20354600F05DF90C4B93
:10D2E800C2E50022164883F87C2300F055F9084B64
:10D2F800B7E60022134883F8BC2300F04DF9044B2D
:10D3080078E7114885EA040100F0B6FE1C2C0020DD
:10D31800FC2800209C2B0020DC2B00209C290020CE
:10D328005C2A00209C2A0020DC2A00201C2B0020DC
:10D338005C2B0020DC2900201C2A00205C2900200E
:10D348005C2C00209C2C002028C400102DE9F04300
:10D35800828AB0F818E003469645C07828BF9646FA
:10D36800041E18BF012480F001000D46A2EB0E0236
:10D378005978D87092B24EF480609A8240EA44306C
:10D38800A1BB1969BEF1000F2CD00EF1FF34DA6889
:10D39800052CA14602EB85182FD9A8EB0104013C06
:10D3A800022CC4460A4628D94FEA9E0701EB870695
:10D3B80052F8044B96424CF8044BF9D1BEEB870F58
:10D3C8000ED011F82720B9EB870108F8272008EBC1
:10D3D800870205D074780129547001D0B178917012
:10D3E80019699A8A7144196140F400400AB940F4F5
:10D3F800804005B10004BDE8F08308F1FF3201EB7D
:10D408000E0611F8014BB14202F8014FF9D1E7E7D6
:10D4180083682DE9F0410546186801B1000C6A7867
:10D42800C0F309004AB9EB8A0344EB822B8B834291
:10D4380084BF0023AB82BDE8F081D5F810C088B363
:10D44800421EEB68052A164603EB811E31D9890175
:10D458004C1C1C44ACEB0404022C624629D900F491
:10D468007F7173460F464FEA90085C1853F8041B07
:10D47800A34242F8041BF9D1B84211D01EF8283053
:10D48800BE440CF82830F31BBC4409D09EF8012098
:10D49800012B8CF8012003D09EF802308CF8023062
:10D4A800D5F810C0EA8A0CEB00030244EA822B612B
:10D4B800BCE70CF1FF3C0EEB00021EF8013B724585
:10D4C8000CF8013FF9D1EBE710B504468368002159
:10D4D8001B68FFF79DFF63681B685B0002D5238B01
:10D4E800834200D010BD2046BDE810400121FFF75F
:10D4F8008FBF00BF084B1B6C13F0020302D1827868
:10D50800D20901D100207047C07EA0F10200B0FA14
:10D5180080F04009704700BF0000115008B5FFF7C0
:10D52800E9FF50B1054A064B906A1B68A0F54870A0
:10D53800C01AC6288CBF0020012008BD00000B407F
:10D54800682800200023C0E904338376704700BFB1
:10D5580008B5836819B1D3F800C001EA0C018AB193
:10D56800114352050ED51A6852050DD4084A21F404
:10D57800806CC3F800C0126C920703D40C23033BE1
:10D58800FDD28368196008BD8178024800F074FDF7
:10D59800000011503CC4001030B54368002183B02E
:10D5A80005461C68FFF7D2FE134B40F48052196CF5
:10D5B800AB7889070ED55B060ED024F0A04444F062
:10D5C8000054002128466B681C6003B0BDE8304059
:10D5D800FFF7BEBFDB09F0D0AB8A002BEDD00121ED
:10D5E80028460192FFF7B2FE019A24F00054024344
:10D5F80044F0A044E5E700BF0000115038B5857E2F
:10D60800044695B1FFF760FFA38A0BB9284638BDD9
:10D618002046FFF783FF20B1012323770025284602
:10D6280038BD2046FFF7B8FFF8E78178014800F0D9
:10D6380023FD00BF5CC4001070B543780446023B6C
:10D648000E4686B0042B13D8DFE803F0034969724D
:10D6580044000021784B1A7822F001021A701A78D7
:10D6680022F002021A7059701A7861F382021A7055
:10D67800724B1B685A69EFF3108072B6D2E8CFCFAD
:10D688000121BCF1000FF9D1C2E84C1FBCF1000F19
:10D69800F4D1BFF35F8F214698611846019300F0DB
:10D6A800F3FC019B00225969C1E88F2F9B6983F322
:10D6B800108840B94FF0E023D3F8F03DDB0707D5D9
:10D6C80000BE06B070BD32466178207800F0E0FCFC
:10D6D80006B070BD5A4A137801331370C8E70023A7
:10D6E800584A10781A4613E0574A126812EB431248
:10D6F80008D0D26932B12078616801939047514BC4
:10D708001878019B0133DBB2411C99421A4618DB99
:10D718009842E9D84D49121A01EB4212E9E7464B03
:10D728001A78D207D4D51A7842F004021A709FE703
:10D73800414B1A78D507CBD51A7822F004021A7013
:10D7480096E73D4B1A78500733D4DB78DA07BFD514
:10D7580003223A4B207861681B688DF80C008DF81D
:10D768000D205A690491EFF3108172B6D2E8CF4FB9
:10D778000120002CFAD1C2E8440F002CF6D1BFF3E7
:10D788005F8F9961184603A9019300F07DFC019B06
:10D7980000225969C1E88F2F9B6983F310880028FC
:10D7A80088D032469DF80D109DF80C0000F070FCF2
:10D7B8008EE7002505201978CDE9045521F00401EC
:10D7C800039519708DF80D001C4A217812688DF8A0
:10D7D8000C105169EFF3108072B6D1E8CFEF5FF00B
:10D7E800010CBEF1000FF8D1C1E84ECFBEF1000F19
:10D7F800F3D1BFF35F8F906103A91046019200F047
:10D8080043FC019A5169C1E88F5F926982F31088DD
:10D81800094B38B94FF0E022D2F8F02DD10794D552
:10D8280000BE92E732469DF80D109DF80C0000F0FE
:10D838002FFC014B89E700BF10240020682400203A
:10D84800463000204430002008230020FCC7001088
:10D8580030B50C4619469E46844691B97BB1DCF832
:10D868000C2091071FD513F1080F18D0214611F885
:10D87800012B013B0C46CCF80820002BEFD1704659
:10D8880030BDABB9DCF80C3013F004031DD0DCF864
:10D898000830013902F8013BF4D10B46DEE7DCF829
:10D8A8000C209507FBD4DCF80C209207D7D5DAE7D3
:10D8B80003F10805DCF80C00800706D58D4210D965
:10D8C80014F8010B013BCCF80800DCF80C00400709
:10D8D800D7D5DCF80800013902F8010B0029BDD0C2
:10D8E800CFE7DCF80C004007F3D4E3E784466AB3DB
:10D8F800013900B502EB010EDCF80C309B07FBD5B3
:10D9080011F8013F7145CCF80830F5D1DCF80C303E
:10D91800580705D5DCF80830DCF80C305807F9D47E
:10D92800DCF80C30D90606D5DCF80C30D906F7D46B
:10D9380001E0DCF80830DCF80C305B07F9D401238F
:10D948001046CCF8203000BDDCF80830DCF80C308C
:10D958005807F9D4DCF80C30D90606D5DCF80C30B9
:10D96800D906F7D401E0DCF80830DCF80C305B07A6
:10D97800F9D401231046CCF82030704781F00041DB
:10D9880002E000BF83F0004330B54FEA41044FEA9C
:10D99800430594EA050F08BF90EA020F1FBF54EA37
:10D9A800000C55EA020C7FEA645C7FEA655C00F0D3
:10D9B800E2804FEA5454D4EB5555B8BF6D420CDDA4
:10D9C8002C4480EA020281EA030382EA000083EA27
:10D9D800010180EA020281EA0303362D88BF30BDC7
:10D9E80011F0004F4FEA01314FF4801C4CEA11311D
:10D9F80002D0404261EB410113F0004F4FEA03337C
:10DA08004CEA133302D0524263EB430394EA050F06
:10DA180000F0A780A4F10104D5F1200E0DDB02FA75
:10DA28000EFC22FA05F2801841F1000103FA0EF209
:10DA3800801843FA05F359410EE0A5F120050EF1CF
:10DA4800200E012A03FA0EFC28BF4CF0020C43FA00
:10DA580005F3C01851EBE37101F0004507D54FF00D
:10DA6800000EDCF1000C7EEB00006EEB0101B1F55D
:10DA7800801F1BD3B1F5001F0CD349085FEA3000A3
:10DA88004FEA3C0C04F101044FEA445212F5800FAE
:10DA980080F09A80BCF1004F08BF5FEA500C50F14B
:10DAA800000041EB045141EA050130BD5FEA4C0C2E
:10DAB800404141EB0101013C28BFB1F5801FE9D28B
:10DAC80091F0000F04BF01460020B1FA81F308BFAE
:10DAD8002033A3F10B03B3F120020CDA0C3208DD7A
:10DAE80002F1140CC2F10C0201FA0CF021FA02F155
:10DAF8000CE002F11402D8BFC2F1200C01FA02F1C5
:10DB080020FA0CFCDCBF41EA0C019040E41AA2BFE9
:10DB180001EB0451294330BD6FEA04041F3C1CDAB1
:10DB28000C340EDC04F11404C4F1200220FA04F0D1
:10DB380001FA02F340EA030021FA04F345EA03017B
:10DB480030BDC4F10C04C4F1200220FA02F001FA3D
:10DB580004F340EA0300294630BD21FA04F02946BF
:10DB680030BD94F0000F83F4801306BF81F4801158
:10DB78000134013D4EE77FEA645C18BF7FEA655CCB
:10DB880029D094EA050F08BF90EA020F05D054EA9D
:10DB9800000C04BF1946104630BD91EA030F1EBFA2
:10DBA8000021002030BD5FEA545C05D140004941A6
:10DBB80028BF41F0004130BD14F580043CBF01F599
:10DBC800801130BD01F0004545F0FE4141F470017F
:10DBD8004FF0000030BD7FEA645C1ABF194610465A
:10DBE8007FEA655C1CBF0B46024650EA013406BF5B
:10DBF80052EA033591EA030F41F4002130BD00BF1A
:10DC080090F0000F04BF0021704730B54FF48064D6
:10DC180004F132044FF000054FF0000150E700BF57
:10DC280090F0000F04BF0021704730B54FF48064B6
:10DC380004F1320410F0004548BF40424FF00001A3
:10DC48003EE700BF42004FEAE2014FEA31014FEAE6
:10DC580002701FBF12F07F4393F07F4F81F0605135
:10DC6800704732F07F4208BF704793F07F4F04BF80
:10DC780041F40021704730B54FF4607401F000455D
:10DC880021F000411CE700BF50EA010208BF7047BD
:10DC980030B54FF000050AE050EA010208BF7047AE
:10DCA80030B511F0004502D5404261EB41014FF417
:10DCB800806404F132045FEA915C3FF4D8AE4FF01F
:10DCC80003025FEADC0C18BF03325FEADC0C18BF02
:10DCD800033202EBDC02C2F1200300FA03FC20FA53
:10DCE80002F001FA03FE40EA0E0021FA02F11444A0
:10DCF800BDE600BF53B94AB9002908BF00281CBFB8
:10DD08004FF0FF314FF0FF3000F0ACB9ADF1080C27
:10DD18006DE904CE00F006F8DDF804E0DDE9022341
:10DD280004B070472DE9F047064682B0174608460A
:10DD38000A9AB4460D46002B4DD18F42BE4665D98E
:10DD4800B7FA87F149B1C1F120038D4007FA01FE06
:10DD580006FA01FC26FA03F31D434FEA1E461FFA92
:10DD68008EF04FEA1C43B5FBF6F406FB145543EA64
:10DD7800054304FB00F59D4206D91EEB030302D2BE
:10DD88009D4200F24C81013C5B1B1FFA8CFCB3FBEB
:10DD9800F6F506FB153305FB00F04CEA034C60452D
:10DDA8000AD91EEB0C0C2CBF01230023604502D9B5
:10DDB800002B00F03781013DACEB000C45EA044034
:10DDC800002422B12CFA01F30021C2E900312146D6
:10DDD80002B0BDE8F0878B4208D90AB1C2E90061F8
:10DDE80000242046214602B0BDE8F087B3FA83F448
:10DDF800002C4DD18B42C0F00581B74240F2028120
:10DE08002046002AE3D0C2E900C5E0E7002F00F071
:10DE1800A2801946B7FA87F3002B40F0B480C31BE1
:10DE28001FFA8EF83F0C01244FEA1C40B3FBF7F5AC
:10DE380007FB153340EA034308FB05F098420AD96B
:10DE48001EEB03032CBF01260026984202D9002EA0
:10DE580000F0E280013D1B1A1FFA8CFCB3FBF7F0BF
:10DE680007FB10334CEA034C08FB00F363450AD95F
:10DE78001EEB0C0C2CBF01260026634502D9002E90
:10DE880000F0C7800138ACEB030C40EA054098E786
:10DE9800C4F12008A34006FA04FAA14027FA08FCB6
:10DEA80020FA08F007FA04F94CEA030C26FA08F3FA
:10DEB8004FEA1C460B431FFA8CFE190CB0FBF6F711
:10DEC80006FB170041EA004107FB0EF088420AD919
:10DED8001CEB01012CBF01250025884202D9002D29
:10DEE80000F0B280013F091A9BB2B1FBF6F006FBC5
:10DEF800101100FB0EFE43EA01439E450AD91CEBB4
:10DF080003032CBF012100219E4502D9002900F0FE
:10DF18009E80013840EA0740A3EB0E03A0FB09E10D
:10DF28008B4276460F4602D307D1F24505D2BEEBA7
:10DF3800090661EB0C0101380F4652B1BAEB060134
:10DF480063EB070303FA08F5E140E3400D43C2E938
:10DF5800005300243BE77308B8464908019743EA91
:10DF6800C0734FEAC67C1C0C9BB244EA014443EAE6
:10DF78000443B4FBF7F4B1FBF7F51F21019844EA19
:10DF880005441B1A50E7194607FA03FEC3F120039C
:10DF980000FA01F44FEA1E47D84026FA03F31FFAA5
:10DFA8008EF806FA01FC2343B0FBF7F51C0C07FBBF
:10DFB800150044EA004005FB08F484424AD91EEBE8
:10DFC80000002CBF01260026844200D98EB3001B16
:10DFD800013DB0FBF7F404FB08F6A146019607FBE8
:10DFE80019009BB2019E43EA0043B342C6D21EEB1E
:10DFF80003032CBF01200020B34200D2A8B109F1CD
:10E00800FF34BBE7B6EB070C60EB030301201D46AA
:10E01800F7E6F444023836E7023D73441BE7023C56
:10E028007344B1E6F444023DC6E6A9F10204734420
:10E03800A4E7AEEB0404023D2044B0FBF7F404FB74
:10E0480008F6A1460196CAE7023F61444BE7023849
:10E0580063445FE7001BB0FBF7F404FB08F6A14636
:10E068000196BCE7704700BF5FF800F0B92E0010BA
:10E078005FF800F08D2D00105FF800F0391F0010D8
:10E088005FF800F0919F00105FF800F03D7D0010F0
:10E098005FF800F08562001010000000000000002A
:10E0A8000000010000000000000000000000020065
:10E0B8000000000000000000000003000000000055
:10E0C800000000000000FF000000000001B54868E3
:10E0D80001318E460047704609380149884701BD1D
:10E0E800D123001000000000000000000000000024
:10E0F8000000000000000000E01F0020ED590010A3
:10E1080099590010115900108158001000000000A2
:10E11800000100006C24002010000C00000000002A
:10E1280000000000000000000000000000000000E7
:10E13800FF000000FFFFFFFF0000020000000000DA
:10E148000000000000000000A0160020A01600201B
:10E15800A8160020A8160020B0160020B01600202F
:10E16800B8160020B8160020C0160020C0160020DF
:10E17800C8160020C8160020D0160020D01600208F
:10E18800D8160020D8160020E0160020E01600203F
:10E19800E8160020E8160020F0160020F0160020EF
:10E1A800F8160020F816002000170020001700209D
:10E1B800081700200817002010170020101700204B
:10E1C80018170020181700202017002020170020FB
:10E1D80028170020281700203017002030170020AB
:10E1E800381700203817002040170020401700205B
:10E1F800481700204817002050170020501700200B
:10E2080058170020581700206017002060170020BA
:10E21800681700206817002070170020701700206A
:10E22800781700207817002080170020801700201A
:10E2380088170020881700209017002090170020CA
:10E248009817002098170020A0170020A01700207A
:10E25800A8170020A8170020B0170020B01700202A
:10E26800B8170020B8170020C0170020C0170020DA
:10E27800C8170020C8170020D0170020D01700208A
:10E28800D8170020D8170020E0170020E01700203A
:10E29800E8170020E8170020F0170020F0170020EA
:10E2A800F8170020F8170020001800200018002098
:10E2B8000818002008180020101800201018002046
:10E2C80018180020181800202018002020180020F6
:10E2D80028180020281800203018002030180020A6
:10E2E8003818002038180020401800204018002056
:10E2F8004818002048180020501800205018002006
:10E3080058180020581800206018002060180020B5
:10E318006818002068180020701800207018002065
:10E328007818002078180020801800208018002015
:10E3380088180020881800209018002090180020C5
:10E348009818002098180020A0180020A018002075
:10E35800A8180020A8180020B0180020B018002025
:10E36800B8180020B8180020C0180020C0180020D5
:10E37800C8180020C8180020D0180020D018002085
:10E38800D8180020D8180020E0180020E018002035
:10E39800E8180020E8180020F0180020F0180020E5
:10E3A800F8180020F8180020001900200019002093
:10E3B8000819002008190020101900201019002041
:10E3C80018190020181900202019002020190020F1
:10E3D80028190020281900203019002030190020A1
:10E3E8003819002038190020401900204019002051
:10E3F8004819002048190020501900205019002001
:10E4080058190020581900206019002060190020B0
:10E418006819002068190020701900207019002060
:10E428007819002078190020801900208019002010
:10E4380088190020881900209019002090190020C0
:10E448009819002098190020A0190020A019002070
:10E45800A8190020A8190020B0190020B019002020
:10E46800B8190020B8190020C0190020C0190020D0
:10E47800C8190020C8190020D0190020D019002080
:10E48800D8190020D8190020E0190020E019002030
:10E49800E8190020E8190020F0190020F0190020E0
:10E4A800F8190020F8190020001A0020001A00208E
:10E4B800081A0020081A0020101A0020101A00203C
:10E4C800181A0020181A0020201A0020201A0020EC
:10E4D800281A0020281A0020301A0020301A00209C
:10E4E800381A0020381A0020401A0020401A00204C
:10E4F800481A0020481A0020501A0020501A0020FC
:10E50800581A0020581A0020601A0020601A0020AB
:10E51800681A0020681A0020701A0020701A00205B
:10E52800781A0020781A0020801A0020801A00200B
:10E53800881A0020881A0020901A0020901A0020BB
:10E54800981A0020981A002000000000030000001C
:10E55800CC21002043000000000000000000000063
:10E5680000000000000000000000000000000000A3
:10E578000000000043000000000000000000000050
:10E588000000000000000000000000000000000083
:10E598000000000043000000000000000000000030
:10E5A8000000000000000000000000000000000063
:10E5B8000000000043000000000000000000000010
:10E5C8000000000000000000000000000000000043
:10E5D80000000000430000000000000000000000F0
:10E5E8000000000000000000000000000000000023
:10E5F80000000000430000000000000000000000D0
:10E608000000000000000000000000000000000002
:10E6180000000000430000000000000000000000AF
:10E6280000000000000000000000000000000000E2
:10E63800000000004300000000000000000000008F
:10E6480000000000000000000000000000000000C2
:10E6580000000000000000000000000000000000B2
:10E6680000000000000000000000000000000000A2
:10E678000000000000000000000000000000000092
:10E688000000000000000000000000000000000082
:10E698000000000000000000000000000000000072
:10E6A8000000000000000000000000000000000062
:10E6B8000000000000000000000000000000000052
:10E6C8000000000000000000000000000000000042
:10E6D8000000000000000000000000000000000032
:10E6E8000000000000000000000000000000000022
:10E6F8000000000000000000000000000000000012
:10E708000000000000000000000000000000000001
:10E71800000000000000000000000000B1BC001074
:10E72800E1B100100000000090C8001084C400107F
:10E738006CC100106CC100106CC100106CC10010DD
:10E748006CC100106CC100106CC100106CC10010CD
:10E758006CC10010FFFFFFFFFFFFFFFFFFFFFFFF80
:10E76800FFFF000001004153434949000000000039
:10E778000000000000000000000000000000000091
:10E788000000000000004153434949000000000018
:10E798000000000000000000000000000000000071
:10E7A8000000000000000000101D00200000000014
:10E7B80000000000CC210020342200209C220020F0
:10E7C8000000000000000000000000000000000041
:10E7D8000000000000000000000000000000000031
:10E7E8000000000000000000000000000000000021
:10E7F8000000000000000000000000000000000011
:10E808000000000000000000000000000000000000
:10E8180000000000000000000000000000000000F0
:10E8280000000000000000000000000000000000E0
:10E8380000000000000000000000000000000000D0
:10E8480000000000000000000100000000000000BF
:10E858000E33CDAB34126DE6ECDE05000B00000084
:10E8680000000000000000000000000000000000A0
:10E878000000000000000000000000000000000090
:10E888000000000000000000000000000000000080
:10E898000000000000000000000000000000000070
:10E8A8000000000000000000000000000000000060
:10E8B8000000000000000000000000000000000050
:10E8C8000000000000000000000000000000000040
:10E8D8000000000000000000000000000000000030
:10E8E8000000000000000000000000000000000020
:10E8F8000000000000000000000000000000000010
:10E9080000000000000000000000000000000000FF
:10E9180000000000000000000000000000000000EF
:10E9280000000000000000000000000000000000DF
:10E9380000000000000000000000000000000000CF
:10E9480000000000000000000000000000000000BF
:10E9580000000000000000000000000000000000AF
:10E96800000000000000000000000000000000009F
:10E97800000000000000000000000000000000008F
:10E98800000000000000000000000000000000007F
:10E99800000000000000000000000000000000006F
:10E9A800000000000000000000000000000000005F
:08E9B800000000000000000057
:10E9C000D3DEFFFFFE010000FF0100007817FFFF0C
:04E9D000793512ABD8
:040000051000014D99
:00000001FF
