
/Users/ben/Desktop/vigia-raspi/firmware/build/vigia_pico_hello.elf:     file format elf32-littlearm

Sections:
Idx Name          Size      VMA       LMA       File off  Algn
  0 .text         0000b000  10000000  10000000  00001000  2**3
                  CONTENTS, ALLOC, LOAD, READONLY, CODE
  1 .rodata       00000990  1000b000  1000b000  0000c000  2**3
                  CONTENTS, ALLOC, LOAD, READONLY, DATA
  2 .ARM.exidx    00000008  1000b990  1000b990  0000c990  2**2
                  CONTENTS, ALLOC, LOAD, READONLY, DATA
  3 .binary_info  00000020  1000b998  1000b998  0000c998  2**2
                  CONTENTS, ALLOC, LOAD, READONLY, DATA
  4 .ram_vector_table 00000110  20000000  20000000  00010000  2**2
                  ALLOC
  5 .uninitialized_data 00000000  20000110  20000110  0000f6ac  2**0
                  CONTENTS
  6 .data         00001ce0  20000110  1000b9b8  0000d110  2**3
                  CONTENTS, ALLOC, LOAD, READONLY, CODE
  7 .tdata        00000000  20001df0  20001df0  0000f6ac  2**0
                  CONTENTS, ALLOC, LOAD, DATA, THREAD_LOCAL
  8 .tbss         00000000  20001df0  20001df0  00000000  2**0
                  ALLOC, THREAD_LOCAL
  9 .bss          00000ecc  20001df0  1000d698  0000fdf0  2**3
                  ALLOC
 10 .heap         00000800  20002cbc  1000d698  0000fcbc  2**2
                  ALLOC, READONLY
 11 .scratch_x    00000000  20080000  20080000  0000f6ac  2**0
                  CONTENTS
 12 .scratch_y    00000000  20081000  20081000  0000f6ac  2**0
                  CONTENTS
 13 .stack_dummy  00000800  20081000  20081000  00010000  2**5
                  ALLOC, READONLY
 14 .flash_end    00000014  1000d698  1000d698  0000f698  2**2
                  CONTENTS, ALLOC, LOAD, READONLY, DATA
 15 .ARM.attributes 00000034  00000000  00000000  0000f6ac  2**0
                  CONTENTS, READONLY
 16 .comment      00000045  00000000  00000000  0000f6e0  2**0
                  CONTENTS, READONLY
 17 .debug_info   00037f89  00000000  00000000  0000f725  2**0
                  CONTENTS, READONLY, DEBUGGING, OCTETS
 18 .debug_abbrev 00009787  00000000  00000000  000476ae  2**0
                  CONTENTS, READONLY, DEBUGGING, OCTETS
 19 .debug_loclists 0001b03e  00000000  00000000  00050e35  2**0
                  CONTENTS, READONLY, DEBUGGING, OCTETS
 20 .debug_aranges 00001380  00000000  00000000  0006be78  2**3
                  CONTENTS, READONLY, DEBUGGING, OCTETS
 21 .debug_rnglists 00004cd1  00000000  00000000  0006d1f8  2**0
                  CONTENTS, READONLY, DEBUGGING, OCTETS
 22 .debug_line   00022b2c  00000000  00000000  00071ec9  2**0
                  CONTENTS, READONLY, DEBUGGING, OCTETS
 23 .debug_str    000098c1  00000000  00000000  000949f5  2**0
                  CONTENTS, READONLY, DEBUGGING, OCTETS
 24 .debug_frame  00004310  00000000  00000000  0009e2b8  2**2
                  CONTENTS, READONLY, DEBUGGING, OCTETS
 25 .debug_line_str 00000299  00000000  00000000  000a25c8  2**0
                  CONTENTS, READONLY, DEBUGGING, OCTETS

/Users/ben/Desktop/vigia-raspi/firmware/build/vigia_pico_hello.elf:     file format elf32-littlearm


Disassembly of section .text:

10000000 <__VECTOR_TABLE>:
10000000:	20082000 	.word	0x20082000
10000004:	1000015d 	.word	0x1000015d
10000008:	1000011b 	.word	0x1000011b
1000000c:	1000011d 	.word	0x1000011d
10000010:	10000111 	.word	0x10000111
10000014:	10000111 	.word	0x10000111
10000018:	10000111 	.word	0x10000111
1000001c:	10000111 	.word	0x10000111
10000020:	10000119 	.word	0x10000119
10000024:	10000119 	.word	0x10000119
10000028:	10000119 	.word	0x10000119
1000002c:	1000011f 	.word	0x1000011f
10000030:	10000111 	.word	0x10000111
10000034:	10000119 	.word	0x10000119
10000038:	10000121 	.word	0x10000121
1000003c:	10000123 	.word	0x10000123
10000040:	10000111 	.word	0x10000111
10000044:	10000111 	.word	0x10000111
10000048:	10000111 	.word	0x10000111
1000004c:	10000111 	.word	0x10000111
10000050:	10000111 	.word	0x10000111
10000054:	10000111 	.word	0x10000111
10000058:	10000111 	.word	0x10000111
1000005c:	10000111 	.word	0x10000111
10000060:	10000111 	.word	0x10000111
10000064:	10000111 	.word	0x10000111
10000068:	10000111 	.word	0x10000111
1000006c:	10000111 	.word	0x10000111
10000070:	10000111 	.word	0x10000111
10000074:	10000111 	.word	0x10000111
10000078:	10000111 	.word	0x10000111
1000007c:	10000111 	.word	0x10000111
10000080:	10000111 	.word	0x10000111
10000084:	10000111 	.word	0x10000111
10000088:	10000111 	.word	0x10000111
1000008c:	10000111 	.word	0x10000111
10000090:	10000111 	.word	0x10000111
10000094:	10000111 	.word	0x10000111
10000098:	10000111 	.word	0x10000111
1000009c:	10000111 	.word	0x10000111
100000a0:	10000111 	.word	0x10000111
100000a4:	10000111 	.word	0x10000111
100000a8:	10000111 	.word	0x10000111
100000ac:	10000111 	.word	0x10000111
100000b0:	10000111 	.word	0x10000111
100000b4:	10000111 	.word	0x10000111
100000b8:	10000111 	.word	0x10000111
100000bc:	10000111 	.word	0x10000111
100000c0:	10000111 	.word	0x10000111
100000c4:	10000111 	.word	0x10000111
100000c8:	10000111 	.word	0x10000111
100000cc:	10000111 	.word	0x10000111
100000d0:	10000111 	.word	0x10000111
100000d4:	10000111 	.word	0x10000111
100000d8:	10000111 	.word	0x10000111
100000dc:	10000111 	.word	0x10000111
100000e0:	10000111 	.word	0x10000111
100000e4:	10000111 	.word	0x10000111
100000e8:	10000111 	.word	0x10000111
100000ec:	10000111 	.word	0x10000111
100000f0:	10000111 	.word	0x10000111
100000f4:	10000111 	.word	0x10000111
100000f8:	10000111 	.word	0x10000111
100000fc:	10000111 	.word	0x10000111
10000100:	10000111 	.word	0x10000111
10000104:	10000111 	.word	0x10000111
10000108:	10000111 	.word	0x10000111
1000010c:	10000111 	.word	0x10000111

10000110 <__unhandled_user_irq>:
10000110:	f3ef 8005 	mrs	r0, IPSR
10000114:	3810      	subs	r0, #16

10000116 <unhandled_user_irq_num_in_r0>:
10000116:	be00      	bkpt	0x0000

10000118 <isr_invalid>:
10000118:	be00      	bkpt	0x0000

1000011a <isr_nmi>:
1000011a:	be00      	bkpt	0x0000

1000011c <isr_hardfault>:
1000011c:	be00      	bkpt	0x0000

1000011e <isr_svcall>:
1000011e:	be00      	bkpt	0x0000

10000120 <isr_pendsv>:
10000120:	be00      	bkpt	0x0000

10000122 <isr_systick>:
10000122:	be00      	bkpt	0x0000

10000124 <__default_isrs_end>:
10000124:	7188ebf2 	.word	0x7188ebf2
10000128:	1000b998 	.word	0x1000b998
1000012c:	1000b9b8 	.word	0x1000b9b8
10000130:	100001a0 	.word	0x100001a0
10000134:	e71aa390 	.word	0xe71aa390

10000138 <__binary_info_header_end>:
10000138:	ffffded3 	.word	0xffffded3
1000013c:	10210142 	.word	0x10210142
10000140:	000001ff 	.word	0x000001ff
10000144:	0000d560 	.word	0x0000d560
10000148:	ab123579 	.word	0xab123579

1000014c <_entry_point>:
1000014c:	f04f 0000 	mov.w	r0, #0

10000150 <_enter_vtable_in_r0>:
10000150:	491e      	ldr	r1, [pc, #120]	@ (100001cc <data_cpy_table+0x2c>)
10000152:	6008      	str	r0, [r1, #0]
10000154:	c806      	ldmia	r0!, {r1, r2}
10000156:	f381 8808 	msr	MSP, r1
1000015a:	4710      	bx	r2

1000015c <_reset_handler>:
1000015c:	f04f 4050 	mov.w	r0, #3489660928	@ 0xd0000000
10000160:	6800      	ldr	r0, [r0, #0]
10000162:	b110      	cbz	r0, 1000016a <hold_non_core0_in_bootrom+0x6>

10000164 <hold_non_core0_in_bootrom>:
10000164:	f04f 0000 	mov.w	r0, #0
10000168:	e7f2      	b.n	10000150 <_enter_vtable_in_r0>
1000016a:	a40d      	add	r4, pc, #52	@ (adr r4, 100001a0 <data_cpy_table>)
1000016c:	cc0e      	ldmia	r4!, {r1, r2, r3}
1000016e:	2900      	cmp	r1, #0
10000170:	d002      	beq.n	10000178 <hold_non_core0_in_bootrom+0x14>
10000172:	f000 f812 	bl	1000019a <data_cpy>
10000176:	e7f9      	b.n	1000016c <hold_non_core0_in_bootrom+0x8>
10000178:	4915      	ldr	r1, [pc, #84]	@ (100001d0 <data_cpy_table+0x30>)
1000017a:	4a16      	ldr	r2, [pc, #88]	@ (100001d4 <data_cpy_table+0x34>)
1000017c:	2000      	movs	r0, #0
1000017e:	e000      	b.n	10000182 <bss_fill_test>

10000180 <bss_fill_loop>:
10000180:	c101      	stmia	r1!, {r0}

10000182 <bss_fill_test>:
10000182:	4291      	cmp	r1, r2
10000184:	d1fc      	bne.n	10000180 <bss_fill_loop>

10000186 <platform_entry>:
10000186:	4914      	ldr	r1, [pc, #80]	@ (100001d8 <data_cpy_table+0x38>)
10000188:	4788      	blx	r1
1000018a:	4914      	ldr	r1, [pc, #80]	@ (100001dc <data_cpy_table+0x3c>)
1000018c:	4788      	blx	r1
1000018e:	4914      	ldr	r1, [pc, #80]	@ (100001e0 <data_cpy_table+0x40>)
10000190:	4788      	blx	r1
10000192:	be00      	bkpt	0x0000
10000194:	e7fd      	b.n	10000192 <platform_entry+0xc>

10000196 <data_cpy_loop>:
10000196:	c901      	ldmia	r1!, {r0}
10000198:	c201      	stmia	r2!, {r0}

1000019a <data_cpy>:
1000019a:	429a      	cmp	r2, r3
1000019c:	d3fb      	bcc.n	10000196 <data_cpy_loop>
1000019e:	4770      	bx	lr

100001a0 <data_cpy_table>:
100001a0:	1000b9b8 	.word	0x1000b9b8
100001a4:	20000110 	.word	0x20000110
100001a8:	20001df0 	.word	0x20001df0
100001ac:	1000d698 	.word	0x1000d698
100001b0:	20080000 	.word	0x20080000
100001b4:	20080000 	.word	0x20080000
100001b8:	1000d698 	.word	0x1000d698
100001bc:	20081000 	.word	0x20081000
100001c0:	20081000 	.word	0x20081000
100001c4:	00000000 	.word	0x00000000
100001c8:	4770      	bx	lr
100001ca:	0000      	.short	0x0000
100001cc:	e000ed08 	.word	0xe000ed08
100001d0:	20001df0 	.word	0x20001df0
100001d4:	20002cbc 	.word	0x20002cbc
100001d8:	100043d1 	.word	0x100043d1
100001dc:	10000235 	.word	0x10000235
100001e0:	1000438d 	.word	0x1000438d

100001e4 <_init>:
100001e4:	b5f8      	push	{r3, r4, r5, r6, r7, lr}
100001e6:	bf00      	nop

100001e8 <register_tm_clones>:
100001e8:	4b06      	ldr	r3, [pc, #24]	@ (10000204 <register_tm_clones+0x1c>)
100001ea:	4907      	ldr	r1, [pc, #28]	@ (10000208 <register_tm_clones+0x20>)
100001ec:	1ac9      	subs	r1, r1, r3
100001ee:	1089      	asrs	r1, r1, #2
100001f0:	bf48      	it	mi
100001f2:	3101      	addmi	r1, #1
100001f4:	1049      	asrs	r1, r1, #1
100001f6:	d003      	beq.n	10000200 <register_tm_clones+0x18>
100001f8:	4b04      	ldr	r3, [pc, #16]	@ (1000020c <register_tm_clones+0x24>)
100001fa:	b10b      	cbz	r3, 10000200 <register_tm_clones+0x18>
100001fc:	4801      	ldr	r0, [pc, #4]	@ (10000204 <register_tm_clones+0x1c>)
100001fe:	4718      	bx	r3
10000200:	4770      	bx	lr
10000202:	bf00      	nop
10000204:	20001df0 	.word	0x20001df0
10000208:	20001df0 	.word	0x20001df0
1000020c:	00000000 	.word	0x00000000

10000210 <frame_dummy>:
10000210:	b508      	push	{r3, lr}
10000212:	4b05      	ldr	r3, [pc, #20]	@ (10000228 <frame_dummy+0x18>)
10000214:	b11b      	cbz	r3, 1000021e <frame_dummy+0xe>
10000216:	4905      	ldr	r1, [pc, #20]	@ (1000022c <frame_dummy+0x1c>)
10000218:	4805      	ldr	r0, [pc, #20]	@ (10000230 <frame_dummy+0x20>)
1000021a:	f3af 8000 	nop.w
1000021e:	e8bd 4008 	ldmia.w	sp!, {r3, lr}
10000222:	f7ff bfe1 	b.w	100001e8 <register_tm_clones>
10000226:	bf00      	nop
10000228:	00000000 	.word	0x00000000
1000022c:	20002c38 	.word	0x20002c38
10000230:	1000b000 	.word	0x1000b000

10000234 <main>:
10000234:	e92d 4ff0 	stmdb	sp!, {r4, r5, r6, r7, r8, r9, sl, fp, lr}
10000238:	ed2d 8b02 	vpush	{d8}
1000023c:	b09d      	sub	sp, #116	@ 0x74
1000023e:	f004 fa2d 	bl	1000469c <stdio_init_all>
10000242:	2019      	movs	r0, #25
10000244:	f000 ff10 	bl	10001068 <gpio_init>
10000248:	2319      	movs	r3, #25
1000024a:	f04f 0201 	mov.w	r2, #1
1000024e:	ec42 3044 	gpioc_bit_oe_put r3, r2
10000252:	4863      	ldr	r0, [pc, #396]	@ (100003e0 <main+0x1ac>)
10000254:	f000 fd48 	bl	10000ce8 <neo_m8n_init>
10000258:	f001 fe7e 	bl	10001f58 <time_us_64>
1000025c:	2900      	cmp	r1, #0
1000025e:	f000 80b8 	beq.w	100003d2 <main+0x19e>
10000262:	f44f 727a 	mov.w	r2, #1000	@ 0x3e8
10000266:	2300      	movs	r3, #0
10000268:	f00a fe8a 	bl	1000af80 <____aeabi_uldivmod_veneer>
1000026c:	9011      	str	r0, [sp, #68]	@ 0x44
1000026e:	f240 50dc 	movw	r0, #1500	@ 0x5dc
10000272:	f001 fd6d 	bl	10001d50 <sleep_ms>
10000276:	f001 fe6f 	bl	10001f58 <time_us_64>
1000027a:	f04f 36ff 	mov.w	r6, #4294967295	@ 0xffffffff
1000027e:	f06f 4200 	mvn.w	r2, #2147483648	@ 0x80000000
10000282:	4c58      	ldr	r4, [pc, #352]	@ (100003e4 <main+0x1b0>)
10000284:	4f58      	ldr	r7, [pc, #352]	@ (100003e8 <main+0x1b4>)
10000286:	1904      	adds	r4, r0, r4
10000288:	f141 0500 	adc.w	r5, r1, #0
1000028c:	42a6      	cmp	r6, r4
1000028e:	eb72 0305 	sbcs.w	r3, r2, r5
10000292:	bf38      	it	cc
10000294:	4634      	movcc	r4, r6
10000296:	f04f 0600 	mov.w	r6, #0
1000029a:	bf38      	it	cc
1000029c:	4615      	movcc	r5, r2
1000029e:	46b2      	mov	sl, r6
100002a0:	f8df b140 	ldr.w	fp, [pc, #320]	@ 100003e4 <main+0x1b0>
100002a4:	e055      	b.n	10000352 <main+0x11e>
100002a6:	f89d 906a 	ldrb.w	r9, [sp, #106]	@ 0x6a
100002aa:	f1b9 0f00 	cmp.w	r9, #0
100002ae:	f000 8082 	beq.w	100003b6 <main+0x182>
100002b2:	2319      	movs	r3, #25
100002b4:	f04f 0201 	mov.w	r2, #1
100002b8:	ec42 3040 	gpioc_bit_out_put r3, r2
100002bc:	e9dd 2312 	ldrd	r2, r3, [sp, #72]	@ 0x48
100002c0:	9817      	ldr	r0, [sp, #92]	@ 0x5c
100002c2:	e9cd 230e 	strd	r2, r3, [sp, #56]	@ 0x38
100002c6:	f00a fe53 	bl	1000af70 <____aeabi_f2d_veneer>
100002ca:	e9cd 010a 	strd	r0, r1, [sp, #40]	@ 0x28
100002ce:	9819      	ldr	r0, [sp, #100]	@ 0x64
100002d0:	f00a fe4e 	bl	1000af70 <____aeabi_f2d_veneer>
100002d4:	ed9d 8b14 	vldr	d8, [sp, #80]	@ 0x50
100002d8:	e9cd 010c 	strd	r0, r1, [sp, #48]	@ 0x30
100002dc:	f89d 6068 	ldrb.w	r6, [sp, #104]	@ 0x68
100002e0:	f89d 8069 	ldrb.w	r8, [sp, #105]	@ 0x69
100002e4:	f000 fe6e 	bl	10000fc4 <neo_m8n_source>
100002e8:	e9dd 230e 	ldrd	r2, r3, [sp, #56]	@ 0x38
100002ec:	2801      	cmp	r0, #1
100002ee:	f10a 0501 	add.w	r5, sl, #1
100002f2:	d067      	beq.n	100003c4 <main+0x190>
100002f4:	2802      	cmp	r0, #2
100002f6:	d063      	beq.n	100003c0 <main+0x18c>
100002f8:	493c      	ldr	r1, [pc, #240]	@ (100003ec <main+0x1b8>)
100002fa:	ed9d 7b0c 	vldr	d7, [sp, #48]	@ 0x30
100002fe:	ed8d 7b06 	vstr	d7, [sp, #24]
10000302:	ed9d 7b0a 	vldr	d7, [sp, #40]	@ 0x28
10000306:	e9cd 9108 	strd	r9, r1, [sp, #32]
1000030a:	9604      	str	r6, [sp, #16]
1000030c:	4651      	mov	r1, sl
1000030e:	ed8d 7b02 	vstr	d7, [sp, #8]
10000312:	ed8d 8b00 	vstr	d8, [sp]
10000316:	4836      	ldr	r0, [pc, #216]	@ (100003f0 <main+0x1bc>)
10000318:	f8cd 8014 	str.w	r8, [sp, #20]
1000031c:	f004 fa80 	bl	10004820 <__wrap_printf>
10000320:	4626      	mov	r6, r4
10000322:	46aa      	mov	sl, r5
10000324:	683b      	ldr	r3, [r7, #0]
10000326:	6898      	ldr	r0, [r3, #8]
10000328:	f008 fcb0 	bl	10008c8c <fflush>
1000032c:	f001 fe14 	bl	10001f58 <time_us_64>
10000330:	f04f 32ff 	mov.w	r2, #4294967295	@ 0xffffffff
10000334:	f06f 4300 	mvn.w	r3, #2147483648	@ 0x80000000
10000338:	eb10 040b 	adds.w	r4, r0, fp
1000033c:	f141 0500 	adc.w	r5, r1, #0
10000340:	42a2      	cmp	r2, r4
10000342:	eb73 0105 	sbcs.w	r1, r3, r5
10000346:	bf3c      	itt	cc
10000348:	4614      	movcc	r4, r2
1000034a:	461d      	movcc	r5, r3
1000034c:	200a      	movs	r0, #10
1000034e:	f001 fcff 	bl	10001d50 <sleep_ms>
10000352:	f000 fe23 	bl	10000f9c <neo_m8n_poll>
10000356:	f001 fdff 	bl	10001f58 <time_us_64>
1000035a:	1a20      	subs	r0, r4, r0
1000035c:	eb65 0101 	sbc.w	r1, r5, r1
10000360:	2801      	cmp	r0, #1
10000362:	f171 0100 	sbcs.w	r1, r1, #0
10000366:	daf1      	bge.n	1000034c <main+0x118>
10000368:	a812      	add	r0, sp, #72	@ 0x48
1000036a:	f000 fe31 	bl	10000fd0 <neo_m8n_get_report>
1000036e:	4604      	mov	r4, r0
10000370:	2800      	cmp	r0, #0
10000372:	d198      	bne.n	100002a6 <main+0x72>
10000374:	2e00      	cmp	r6, #0
10000376:	d1d5      	bne.n	10000324 <main+0xf0>
10000378:	f04f 7300 	mov.w	r3, #33554432	@ 0x2000000
1000037c:	ee20 3010 			gpioc_lo_out_xor r3
10000380:	f001 fdea 	bl	10001f58 <time_us_64>
10000384:	b301      	cbz	r1, 100003c8 <main+0x194>
10000386:	f44f 727a 	mov.w	r2, #1000	@ 0x3e8
1000038a:	2300      	movs	r3, #0
1000038c:	f00a fdf8 	bl	1000af80 <____aeabi_uldivmod_veneer>
10000390:	4604      	mov	r4, r0
10000392:	f000 fe0b 	bl	10000fac <neo_m8n_uart_rx_bytes>
10000396:	4605      	mov	r5, r0
10000398:	f000 fe0e 	bl	10000fb8 <neo_m8n_baud_rate>
1000039c:	4622      	mov	r2, r4
1000039e:	9c11      	ldr	r4, [sp, #68]	@ 0x44
100003a0:	4651      	mov	r1, sl
100003a2:	e9cd 5001 	strd	r5, r0, [sp, #4]
100003a6:	2300      	movs	r3, #0
100003a8:	4812      	ldr	r0, [pc, #72]	@ (100003f4 <main+0x1c0>)
100003aa:	9400      	str	r4, [sp, #0]
100003ac:	f004 fa38 	bl	10004820 <__wrap_printf>
100003b0:	f10a 0a01 	add.w	sl, sl, #1
100003b4:	e7b6      	b.n	10000324 <main+0xf0>
100003b6:	f04f 7300 	mov.w	r3, #33554432	@ 0x2000000
100003ba:	ee20 3010 			gpioc_lo_out_xor r3
100003be:	e77d      	b.n	100002bc <main+0x88>
100003c0:	490d      	ldr	r1, [pc, #52]	@ (100003f8 <main+0x1c4>)
100003c2:	e79a      	b.n	100002fa <main+0xc6>
100003c4:	490d      	ldr	r1, [pc, #52]	@ (100003fc <main+0x1c8>)
100003c6:	e798      	b.n	100002fa <main+0xc6>
100003c8:	4b0d      	ldr	r3, [pc, #52]	@ (10000400 <main+0x1cc>)
100003ca:	fba3 3000 	umull	r3, r0, r3, r0
100003ce:	0984      	lsrs	r4, r0, #6
100003d0:	e7df      	b.n	10000392 <main+0x15e>
100003d2:	f44f 737a 	mov.w	r3, #1000	@ 0x3e8
100003d6:	fbb0 f3f3 	udiv	r3, r0, r3
100003da:	9311      	str	r3, [sp, #68]	@ 0x44
100003dc:	e747      	b.n	1000026e <main+0x3a>
100003de:	bf00      	nop
100003e0:	40078000 	.word	0x40078000
100003e4:	000f4240 	.word	0x000f4240
100003e8:	20001be0 	.word	0x20001be0
100003ec:	1000b00c 	.word	0x1000b00c
100003f0:	1000b014 	.word	0x1000b014
100003f4:	1000b07c 	.word	0x1000b07c
100003f8:	1000b004 	.word	0x1000b004
100003fc:	1000b000 	.word	0x1000b000
10000400:	10624dd3 	.word	0x10624dd3

10000404 <nmea_to_degrees>:
10000404:	e92d 41f0 	stmdb	sp!, {r4, r5, r6, r7, r8, lr}
10000408:	4688      	mov	r8, r1
1000040a:	2100      	movs	r1, #0
1000040c:	f008 f9ba 	bl	10008784 <strtod>
10000410:	2200      	movs	r2, #0
10000412:	4b13      	ldr	r3, [pc, #76]	@ (10000460 <nmea_to_degrees+0x5c>)
10000414:	4606      	mov	r6, r0
10000416:	460f      	mov	r7, r1
10000418:	f002 f978 	bl	1000270c <__wrap___aeabi_ddiv>
1000041c:	f002 f9f6 	bl	1000280c <__wrap___aeabi_d2iz>
10000420:	f002 f9d0 	bl	100027c4 <__wrap___aeabi_i2d>
10000424:	2200      	movs	r2, #0
10000426:	4b0e      	ldr	r3, [pc, #56]	@ (10000460 <nmea_to_degrees+0x5c>)
10000428:	4604      	mov	r4, r0
1000042a:	460d      	mov	r5, r1
1000042c:	f002 f948 	bl	100026c0 <__wrap___aeabi_dmul>
10000430:	4602      	mov	r2, r0
10000432:	460b      	mov	r3, r1
10000434:	4630      	mov	r0, r6
10000436:	4639      	mov	r1, r7
10000438:	f002 f92e 	bl	10002698 <__wrap___aeabi_dsub>
1000043c:	2200      	movs	r2, #0
1000043e:	4b09      	ldr	r3, [pc, #36]	@ (10000464 <nmea_to_degrees+0x60>)
10000440:	f002 f964 	bl	1000270c <__wrap___aeabi_ddiv>
10000444:	462b      	mov	r3, r5
10000446:	4622      	mov	r2, r4
10000448:	f002 f912 	bl	10002670 <__wrap___aeabi_dadd>
1000044c:	f008 03fb 	and.w	r3, r8, #251	@ 0xfb
10000450:	2b53      	cmp	r3, #83	@ 0x53
10000452:	d102      	bne.n	1000045a <nmea_to_degrees+0x56>
10000454:	f101 4300 	add.w	r3, r1, #2147483648	@ 0x80000000
10000458:	4619      	mov	r1, r3
1000045a:	e8bd 81f0 	ldmia.w	sp!, {r4, r5, r6, r7, r8, pc}
1000045e:	bf00      	nop
10000460:	40590000 	.word	0x40590000
10000464:	404e0000 	.word	0x404e0000

10000468 <neo_m8n_poll_uart.part.0>:
10000468:	e92d 4ff0 	stmdb	sp!, {r4, r5, r6, r7, r8, r9, sl, fp, lr}
1000046c:	f8df 92c8 	ldr.w	r9, [pc, #712]	@ 10000738 <neo_m8n_poll_uart.part.0+0x2d0>
10000470:	b089      	sub	sp, #36	@ 0x24
10000472:	f8d9 1000 	ldr.w	r1, [r9]
10000476:	698b      	ldr	r3, [r1, #24]
10000478:	06da      	lsls	r2, r3, #27
1000047a:	d44a      	bmi.n	10000512 <neo_m8n_poll_uart.part.0+0xaa>
1000047c:	f8df 82bc 	ldr.w	r8, [pc, #700]	@ 1000073c <neo_m8n_poll_uart.part.0+0x2d4>
10000480:	4da4      	ldr	r5, [pc, #656]	@ (10000714 <neo_m8n_poll_uart.part.0+0x2ac>)
10000482:	4ca5      	ldr	r4, [pc, #660]	@ (10000718 <neo_m8n_poll_uart.part.0+0x2b0>)
10000484:	f8df a2b8 	ldr.w	sl, [pc, #696]	@ 10000740 <neo_m8n_poll_uart.part.0+0x2d8>
10000488:	f8df b2a4 	ldr.w	fp, [pc, #676]	@ 10000730 <neo_m8n_poll_uart.part.0+0x2c8>
1000048c:	698a      	ldr	r2, [r1, #24]
1000048e:	f012 0210 	ands.w	r2, r2, #16
10000492:	d1fb      	bne.n	1000048c <neo_m8n_poll_uart.part.0+0x24>
10000494:	680b      	ldr	r3, [r1, #0]
10000496:	b2db      	uxtb	r3, r3
10000498:	2b24      	cmp	r3, #36	@ 0x24
1000049a:	f000 80a0 	beq.w	100005de <neo_m8n_poll_uart.part.0+0x176>
1000049e:	f898 1000 	ldrb.w	r1, [r8]
100004a2:	b191      	cbz	r1, 100004ca <neo_m8n_poll_uart.part.0+0x62>
100004a4:	2b0d      	cmp	r3, #13
100004a6:	f000 80c0 	beq.w	1000062a <neo_m8n_poll_uart.part.0+0x1c2>
100004aa:	2b0a      	cmp	r3, #10
100004ac:	f8ba 1000 	ldrh.w	r1, [sl]
100004b0:	f000 80b4 	beq.w	1000061c <neo_m8n_poll_uart.part.0+0x1b4>
100004b4:	1c48      	adds	r0, r1, #1
100004b6:	285f      	cmp	r0, #95	@ 0x5f
100004b8:	bf99      	ittee	ls
100004ba:	f8aa 0000 	strhls.w	r0, [sl]
100004be:	f80b 3001 	strbls.w	r3, [fp, r1]
100004c2:	f888 2000 	strbhi.w	r2, [r8]
100004c6:	f8aa 2000 	strhhi.w	r2, [sl]
100004ca:	782a      	ldrb	r2, [r5, #0]
100004cc:	2a08      	cmp	r2, #8
100004ce:	d818      	bhi.n	10000502 <neo_m8n_poll_uart.part.0+0x9a>
100004d0:	e8df f012 	tbh	[pc, r2, lsl #1]
100004d4:	00ca00c4 	.word	0x00ca00c4
100004d8:	0078006b 	.word	0x0078006b
100004dc:	0044005e 	.word	0x0044005e
100004e0:	0022002a 	.word	0x0022002a
100004e4:	0009      	.short	0x0009
100004e6:	4e8d      	ldr	r6, [pc, #564]	@ (1000071c <neo_m8n_poll_uart.part.0+0x2b4>)
100004e8:	7832      	ldrb	r2, [r6, #0]
100004ea:	429a      	cmp	r2, r3
100004ec:	f000 8254 	beq.w	10000998 <neo_m8n_poll_uart.part.0+0x530>
100004f0:	4a8b      	ldr	r2, [pc, #556]	@ (10000720 <neo_m8n_poll_uart.part.0+0x2b8>)
100004f2:	4f8c      	ldr	r7, [pc, #560]	@ (10000724 <neo_m8n_poll_uart.part.0+0x2bc>)
100004f4:	2300      	movs	r3, #0
100004f6:	7013      	strb	r3, [r2, #0]
100004f8:	4a8b      	ldr	r2, [pc, #556]	@ (10000728 <neo_m8n_poll_uart.part.0+0x2c0>)
100004fa:	803b      	strh	r3, [r7, #0]
100004fc:	702b      	strb	r3, [r5, #0]
100004fe:	8013      	strh	r3, [r2, #0]
10000500:	7033      	strb	r3, [r6, #0]
10000502:	f8d9 1000 	ldr.w	r1, [r9]
10000506:	6823      	ldr	r3, [r4, #0]
10000508:	698a      	ldr	r2, [r1, #24]
1000050a:	3301      	adds	r3, #1
1000050c:	6023      	str	r3, [r4, #0]
1000050e:	06d3      	lsls	r3, r2, #27
10000510:	d5bc      	bpl.n	1000048c <neo_m8n_poll_uart.part.0+0x24>
10000512:	b009      	add	sp, #36	@ 0x24
10000514:	e8bd 8ff0 	ldmia.w	sp!, {r4, r5, r6, r7, r8, r9, sl, fp, pc}
10000518:	4a81      	ldr	r2, [pc, #516]	@ (10000720 <neo_m8n_poll_uart.part.0+0x2b8>)
1000051a:	7811      	ldrb	r1, [r2, #0]
1000051c:	4299      	cmp	r1, r3
1000051e:	f000 82af 	beq.w	10000a80 <neo_m8n_poll_uart.part.0+0x618>
10000522:	4e7e      	ldr	r6, [pc, #504]	@ (1000071c <neo_m8n_poll_uart.part.0+0x2b4>)
10000524:	4f7f      	ldr	r7, [pc, #508]	@ (10000724 <neo_m8n_poll_uart.part.0+0x2bc>)
10000526:	e7e5      	b.n	100004f4 <neo_m8n_poll_uart.part.0+0x8c>
10000528:	4a7d      	ldr	r2, [pc, #500]	@ (10000720 <neo_m8n_poll_uart.part.0+0x2b8>)
1000052a:	4e7c      	ldr	r6, [pc, #496]	@ (1000071c <neo_m8n_poll_uart.part.0+0x2b4>)
1000052c:	f892 c000 	ldrb.w	ip, [r2]
10000530:	4f7c      	ldr	r7, [pc, #496]	@ (10000724 <neo_m8n_poll_uart.part.0+0x2bc>)
10000532:	449c      	add	ip, r3
10000534:	f882 c000 	strb.w	ip, [r2]
10000538:	883a      	ldrh	r2, [r7, #0]
1000053a:	7837      	ldrb	r7, [r6, #0]
1000053c:	487a      	ldr	r0, [pc, #488]	@ (10000728 <neo_m8n_poll_uart.part.0+0x2c0>)
1000053e:	44bc      	add	ip, r7
10000540:	8801      	ldrh	r1, [r0, #0]
10000542:	f886 c000 	strb.w	ip, [r6]
10000546:	4e79      	ldr	r6, [pc, #484]	@ (1000072c <neo_m8n_poll_uart.part.0+0x2c4>)
10000548:	440e      	add	r6, r1
1000054a:	7133      	strb	r3, [r6, #4]
1000054c:	1c4b      	adds	r3, r1, #1
1000054e:	b29b      	uxth	r3, r3
10000550:	429a      	cmp	r2, r3
10000552:	8003      	strh	r3, [r0, #0]
10000554:	d8d5      	bhi.n	10000502 <neo_m8n_poll_uart.part.0+0x9a>
10000556:	2307      	movs	r3, #7
10000558:	702b      	strb	r3, [r5, #0]
1000055a:	e7d2      	b.n	10000502 <neo_m8n_poll_uart.part.0+0x9a>
1000055c:	4973      	ldr	r1, [pc, #460]	@ (1000072c <neo_m8n_poll_uart.part.0+0x2c4>)
1000055e:	4a70      	ldr	r2, [pc, #448]	@ (10000720 <neo_m8n_poll_uart.part.0+0x2b8>)
10000560:	7888      	ldrb	r0, [r1, #2]
10000562:	4e6e      	ldr	r6, [pc, #440]	@ (1000071c <neo_m8n_poll_uart.part.0+0x2b4>)
10000564:	70cb      	strb	r3, [r1, #3]
10000566:	7811      	ldrb	r1, [r2, #0]
10000568:	ea40 2003 	orr.w	r0, r0, r3, lsl #8
1000056c:	440b      	add	r3, r1
1000056e:	7831      	ldrb	r1, [r6, #0]
10000570:	4f6c      	ldr	r7, [pc, #432]	@ (10000724 <neo_m8n_poll_uart.part.0+0x2bc>)
10000572:	7013      	strb	r3, [r2, #0]
10000574:	287a      	cmp	r0, #122	@ 0x7a
10000576:	440b      	add	r3, r1
10000578:	7033      	strb	r3, [r6, #0]
1000057a:	8038      	strh	r0, [r7, #0]
1000057c:	d8ba      	bhi.n	100004f4 <neo_m8n_poll_uart.part.0+0x8c>
1000057e:	2800      	cmp	r0, #0
10000580:	bf14      	ite	ne
10000582:	2306      	movne	r3, #6
10000584:	2307      	moveq	r3, #7
10000586:	2200      	movs	r2, #0
10000588:	702b      	strb	r3, [r5, #0]
1000058a:	4b67      	ldr	r3, [pc, #412]	@ (10000728 <neo_m8n_poll_uart.part.0+0x2c0>)
1000058c:	801a      	strh	r2, [r3, #0]
1000058e:	e7b8      	b.n	10000502 <neo_m8n_poll_uart.part.0+0x9a>
10000590:	2205      	movs	r2, #5
10000592:	702a      	strb	r2, [r5, #0]
10000594:	4a62      	ldr	r2, [pc, #392]	@ (10000720 <neo_m8n_poll_uart.part.0+0x2b8>)
10000596:	4e61      	ldr	r6, [pc, #388]	@ (1000071c <neo_m8n_poll_uart.part.0+0x2b4>)
10000598:	7811      	ldrb	r1, [r2, #0]
1000059a:	4419      	add	r1, r3
1000059c:	7011      	strb	r1, [r2, #0]
1000059e:	7832      	ldrb	r2, [r6, #0]
100005a0:	4411      	add	r1, r2
100005a2:	4a62      	ldr	r2, [pc, #392]	@ (1000072c <neo_m8n_poll_uart.part.0+0x2c4>)
100005a4:	7031      	strb	r1, [r6, #0]
100005a6:	7093      	strb	r3, [r2, #2]
100005a8:	e7ab      	b.n	10000502 <neo_m8n_poll_uart.part.0+0x9a>
100005aa:	2203      	movs	r2, #3
100005ac:	702a      	strb	r2, [r5, #0]
100005ae:	4a5c      	ldr	r2, [pc, #368]	@ (10000720 <neo_m8n_poll_uart.part.0+0x2b8>)
100005b0:	4e5a      	ldr	r6, [pc, #360]	@ (1000071c <neo_m8n_poll_uart.part.0+0x2b4>)
100005b2:	7811      	ldrb	r1, [r2, #0]
100005b4:	4419      	add	r1, r3
100005b6:	7011      	strb	r1, [r2, #0]
100005b8:	7832      	ldrb	r2, [r6, #0]
100005ba:	4411      	add	r1, r2
100005bc:	4a5b      	ldr	r2, [pc, #364]	@ (1000072c <neo_m8n_poll_uart.part.0+0x2c4>)
100005be:	7031      	strb	r1, [r6, #0]
100005c0:	7013      	strb	r3, [r2, #0]
100005c2:	e79e      	b.n	10000502 <neo_m8n_poll_uart.part.0+0x9a>
100005c4:	2204      	movs	r2, #4
100005c6:	702a      	strb	r2, [r5, #0]
100005c8:	4a55      	ldr	r2, [pc, #340]	@ (10000720 <neo_m8n_poll_uart.part.0+0x2b8>)
100005ca:	4e54      	ldr	r6, [pc, #336]	@ (1000071c <neo_m8n_poll_uart.part.0+0x2b4>)
100005cc:	7811      	ldrb	r1, [r2, #0]
100005ce:	4419      	add	r1, r3
100005d0:	7011      	strb	r1, [r2, #0]
100005d2:	7832      	ldrb	r2, [r6, #0]
100005d4:	4411      	add	r1, r2
100005d6:	4a55      	ldr	r2, [pc, #340]	@ (1000072c <neo_m8n_poll_uart.part.0+0x2c4>)
100005d8:	7031      	strb	r1, [r6, #0]
100005da:	7053      	strb	r3, [r2, #1]
100005dc:	e791      	b.n	10000502 <neo_m8n_poll_uart.part.0+0x9a>
100005de:	2101      	movs	r1, #1
100005e0:	782a      	ldrb	r2, [r5, #0]
100005e2:	f88b 3000 	strb.w	r3, [fp]
100005e6:	f888 1000 	strb.w	r1, [r8]
100005ea:	f8aa 1000 	strh.w	r1, [sl]
100005ee:	2a08      	cmp	r2, #8
100005f0:	d887      	bhi.n	10000502 <neo_m8n_poll_uart.part.0+0x9a>
100005f2:	a101      	add	r1, pc, #4	@ (adr r1, 100005f8 <neo_m8n_poll_uart.part.0+0x190>)
100005f4:	f851 f022 	ldr.w	pc, [r1, r2, lsl #2]
100005f8:	10000503 	.word	0x10000503
100005fc:	1000097f 	.word	0x1000097f
10000600:	100005ab 	.word	0x100005ab
10000604:	100005c5 	.word	0x100005c5
10000608:	10000591 	.word	0x10000591
1000060c:	1000055d 	.word	0x1000055d
10000610:	10000529 	.word	0x10000529
10000614:	10000519 	.word	0x10000519
10000618:	100004e7 	.word	0x100004e7
1000061c:	295f      	cmp	r1, #95	@ 0x5f
1000061e:	d92e      	bls.n	1000067e <neo_m8n_poll_uart.part.0+0x216>
10000620:	2200      	movs	r2, #0
10000622:	f888 2000 	strb.w	r2, [r8]
10000626:	f8aa 2000 	strh.w	r2, [sl]
1000062a:	782a      	ldrb	r2, [r5, #0]
1000062c:	3a01      	subs	r2, #1
1000062e:	2a07      	cmp	r2, #7
10000630:	f63f af67 	bhi.w	10000502 <neo_m8n_poll_uart.part.0+0x9a>
10000634:	a101      	add	r1, pc, #4	@ (adr r1, 1000063c <neo_m8n_poll_uart.part.0+0x1d4>)
10000636:	f851 f022 	ldr.w	pc, [r1, r2, lsl #2]
1000063a:	bf00      	nop
1000063c:	1000097f 	.word	0x1000097f
10000640:	100005ab 	.word	0x100005ab
10000644:	100005c5 	.word	0x100005c5
10000648:	10000591 	.word	0x10000591
1000064c:	1000055d 	.word	0x1000055d
10000650:	10000529 	.word	0x10000529
10000654:	10000519 	.word	0x10000519
10000658:	100004e7 	.word	0x100004e7
1000065c:	2bb5      	cmp	r3, #181	@ 0xb5
1000065e:	f47f af50 	bne.w	10000502 <neo_m8n_poll_uart.part.0+0x9a>
10000662:	2301      	movs	r3, #1
10000664:	702b      	strb	r3, [r5, #0]
10000666:	e74c      	b.n	10000502 <neo_m8n_poll_uart.part.0+0x9a>
10000668:	2b62      	cmp	r3, #98	@ 0x62
1000066a:	f040 8185 	bne.w	10000978 <neo_m8n_poll_uart.part.0+0x510>
1000066e:	2202      	movs	r2, #2
10000670:	2300      	movs	r3, #0
10000672:	4e2a      	ldr	r6, [pc, #168]	@ (1000071c <neo_m8n_poll_uart.part.0+0x2b4>)
10000674:	702a      	strb	r2, [r5, #0]
10000676:	4a2a      	ldr	r2, [pc, #168]	@ (10000720 <neo_m8n_poll_uart.part.0+0x2b8>)
10000678:	7033      	strb	r3, [r6, #0]
1000067a:	7013      	strb	r3, [r2, #0]
1000067c:	e741      	b.n	10000502 <neo_m8n_poll_uart.part.0+0x9a>
1000067e:	482c      	ldr	r0, [pc, #176]	@ (10000730 <neo_m8n_poll_uart.part.0+0x2c8>)
10000680:	5442      	strb	r2, [r0, r1]
10000682:	7802      	ldrb	r2, [r0, #0]
10000684:	2a24      	cmp	r2, #36	@ 0x24
10000686:	d1cb      	bne.n	10000620 <neo_m8n_poll_uart.part.0+0x1b8>
10000688:	492a      	ldr	r1, [pc, #168]	@ (10000734 <neo_m8n_poll_uart.part.0+0x2cc>)
1000068a:	e9cd 3201 	strd	r3, r2, [sp, #4]
1000068e:	f008 fe41 	bl	10009314 <strstr>
10000692:	9b01      	ldr	r3, [sp, #4]
10000694:	2800      	cmp	r0, #0
10000696:	f000 81f6 	beq.w	10000a86 <neo_m8n_poll_uart.part.0+0x61e>
1000069a:	9a02      	ldr	r2, [sp, #8]
1000069c:	2002      	movs	r0, #2
1000069e:	4611      	mov	r1, r2
100006a0:	4e23      	ldr	r6, [pc, #140]	@ (10000730 <neo_m8n_poll_uart.part.0+0x2c8>)
100006a2:	292c      	cmp	r1, #44	@ 0x2c
100006a4:	d006      	beq.n	100006b4 <neo_m8n_poll_uart.part.0+0x24c>
100006a6:	f816 1f01 	ldrb.w	r1, [r6, #1]!
100006aa:	2900      	cmp	r1, #0
100006ac:	f000 8311 	beq.w	10000cd2 <neo_m8n_poll_uart.part.0+0x86a>
100006b0:	292c      	cmp	r1, #44	@ 0x2c
100006b2:	d10a      	bne.n	100006ca <neo_m8n_poll_uart.part.0+0x262>
100006b4:	7877      	ldrb	r7, [r6, #1]
100006b6:	3801      	subs	r0, #1
100006b8:	1c71      	adds	r1, r6, #1
100006ba:	2f00      	cmp	r7, #0
100006bc:	f000 8301 	beq.w	10000cc2 <neo_m8n_poll_uart.part.0+0x85a>
100006c0:	b138      	cbz	r0, 100006d2 <neo_m8n_poll_uart.part.0+0x26a>
100006c2:	2f2c      	cmp	r7, #44	@ 0x2c
100006c4:	f000 8208 	beq.w	10000ad8 <neo_m8n_poll_uart.part.0+0x670>
100006c8:	460e      	mov	r6, r1
100006ca:	f816 1f01 	ldrb.w	r1, [r6, #1]!
100006ce:	2900      	cmp	r1, #0
100006d0:	d1e7      	bne.n	100006a2 <neo_m8n_poll_uart.part.0+0x23a>
100006d2:	9102      	str	r1, [sp, #8]
100006d4:	2124      	movs	r1, #36	@ 0x24
100006d6:	2003      	movs	r0, #3
100006d8:	4e15      	ldr	r6, [pc, #84]	@ (10000730 <neo_m8n_poll_uart.part.0+0x2c8>)
100006da:	e004      	b.n	100006e6 <neo_m8n_poll_uart.part.0+0x27e>
100006dc:	f816 1f01 	ldrb.w	r1, [r6, #1]!
100006e0:	2900      	cmp	r1, #0
100006e2:	f000 8265 	beq.w	10000bb0 <neo_m8n_poll_uart.part.0+0x748>
100006e6:	292c      	cmp	r1, #44	@ 0x2c
100006e8:	d006      	beq.n	100006f8 <neo_m8n_poll_uart.part.0+0x290>
100006ea:	f816 1f01 	ldrb.w	r1, [r6, #1]!
100006ee:	2900      	cmp	r1, #0
100006f0:	f000 8259 	beq.w	10000ba6 <neo_m8n_poll_uart.part.0+0x73e>
100006f4:	292c      	cmp	r1, #44	@ 0x2c
100006f6:	d1f1      	bne.n	100006dc <neo_m8n_poll_uart.part.0+0x274>
100006f8:	f816 1f01 	ldrb.w	r1, [r6, #1]!
100006fc:	3801      	subs	r0, #1
100006fe:	2900      	cmp	r1, #0
10000700:	f000 8251 	beq.w	10000ba6 <neo_m8n_poll_uart.part.0+0x73e>
10000704:	2800      	cmp	r0, #0
10000706:	d1f5      	bne.n	100006f4 <neo_m8n_poll_uart.part.0+0x28c>
10000708:	9605      	str	r6, [sp, #20]
1000070a:	2124      	movs	r1, #36	@ 0x24
1000070c:	2004      	movs	r0, #4
1000070e:	4e08      	ldr	r6, [pc, #32]	@ (10000730 <neo_m8n_poll_uart.part.0+0x2c8>)
10000710:	e01d      	b.n	1000074e <neo_m8n_poll_uart.part.0+0x2e6>
10000712:	bf00      	nop
10000714:	20002cb8 	.word	0x20002cb8
10000718:	20002c90 	.word	0x20002c90
1000071c:	20002cb0 	.word	0x20002cb0
10000720:	20002caf 	.word	0x20002caf
10000724:	20002ca8 	.word	0x20002ca8
10000728:	20002caa 	.word	0x20002caa
1000072c:	20002744 	.word	0x20002744
10000730:	20002bd8 	.word	0x20002bd8
10000734:	1000b0c8 	.word	0x1000b0c8
10000738:	200027c4 	.word	0x200027c4
1000073c:	20002cb4 	.word	0x20002cb4
10000740:	20002ca6 	.word	0x20002ca6
10000744:	f816 1f01 	ldrb.w	r1, [r6, #1]!
10000748:	2900      	cmp	r1, #0
1000074a:	f000 8238 	beq.w	10000bbe <neo_m8n_poll_uart.part.0+0x756>
1000074e:	292c      	cmp	r1, #44	@ 0x2c
10000750:	d006      	beq.n	10000760 <neo_m8n_poll_uart.part.0+0x2f8>
10000752:	f816 1f01 	ldrb.w	r1, [r6, #1]!
10000756:	2900      	cmp	r1, #0
10000758:	f000 822c 	beq.w	10000bb4 <neo_m8n_poll_uart.part.0+0x74c>
1000075c:	292c      	cmp	r1, #44	@ 0x2c
1000075e:	d1f1      	bne.n	10000744 <neo_m8n_poll_uart.part.0+0x2dc>
10000760:	f816 1f01 	ldrb.w	r1, [r6, #1]!
10000764:	3801      	subs	r0, #1
10000766:	2900      	cmp	r1, #0
10000768:	f000 8224 	beq.w	10000bb4 <neo_m8n_poll_uart.part.0+0x74c>
1000076c:	2800      	cmp	r0, #0
1000076e:	d1f5      	bne.n	1000075c <neo_m8n_poll_uart.part.0+0x2f4>
10000770:	9604      	str	r6, [sp, #16]
10000772:	2124      	movs	r1, #36	@ 0x24
10000774:	2005      	movs	r0, #5
10000776:	4e83      	ldr	r6, [pc, #524]	@ (10000984 <neo_m8n_poll_uart.part.0+0x51c>)
10000778:	e004      	b.n	10000784 <neo_m8n_poll_uart.part.0+0x31c>
1000077a:	f816 1f01 	ldrb.w	r1, [r6, #1]!
1000077e:	2900      	cmp	r1, #0
10000780:	f000 8224 	beq.w	10000bcc <neo_m8n_poll_uart.part.0+0x764>
10000784:	292c      	cmp	r1, #44	@ 0x2c
10000786:	d006      	beq.n	10000796 <neo_m8n_poll_uart.part.0+0x32e>
10000788:	f816 1f01 	ldrb.w	r1, [r6, #1]!
1000078c:	2900      	cmp	r1, #0
1000078e:	f000 8218 	beq.w	10000bc2 <neo_m8n_poll_uart.part.0+0x75a>
10000792:	292c      	cmp	r1, #44	@ 0x2c
10000794:	d1f1      	bne.n	1000077a <neo_m8n_poll_uart.part.0+0x312>
10000796:	f816 1f01 	ldrb.w	r1, [r6, #1]!
1000079a:	3801      	subs	r0, #1
1000079c:	2900      	cmp	r1, #0
1000079e:	f000 8210 	beq.w	10000bc2 <neo_m8n_poll_uart.part.0+0x75a>
100007a2:	2800      	cmp	r0, #0
100007a4:	d1f5      	bne.n	10000792 <neo_m8n_poll_uart.part.0+0x32a>
100007a6:	9601      	str	r6, [sp, #4]
100007a8:	2124      	movs	r1, #36	@ 0x24
100007aa:	2606      	movs	r6, #6
100007ac:	4875      	ldr	r0, [pc, #468]	@ (10000984 <neo_m8n_poll_uart.part.0+0x51c>)
100007ae:	e004      	b.n	100007ba <neo_m8n_poll_uart.part.0+0x352>
100007b0:	f810 1f01 	ldrb.w	r1, [r0, #1]!
100007b4:	2900      	cmp	r1, #0
100007b6:	f000 823a 	beq.w	10000c2e <neo_m8n_poll_uart.part.0+0x7c6>
100007ba:	292c      	cmp	r1, #44	@ 0x2c
100007bc:	d006      	beq.n	100007cc <neo_m8n_poll_uart.part.0+0x364>
100007be:	f810 1f01 	ldrb.w	r1, [r0, #1]!
100007c2:	2900      	cmp	r1, #0
100007c4:	f000 820f 	beq.w	10000be6 <neo_m8n_poll_uart.part.0+0x77e>
100007c8:	292c      	cmp	r1, #44	@ 0x2c
100007ca:	d1f1      	bne.n	100007b0 <neo_m8n_poll_uart.part.0+0x348>
100007cc:	f810 1f01 	ldrb.w	r1, [r0, #1]!
100007d0:	3e01      	subs	r6, #1
100007d2:	2900      	cmp	r1, #0
100007d4:	f000 8207 	beq.w	10000be6 <neo_m8n_poll_uart.part.0+0x77e>
100007d8:	2e00      	cmp	r6, #0
100007da:	d1f5      	bne.n	100007c8 <neo_m8n_poll_uart.part.0+0x360>
100007dc:	2124      	movs	r1, #36	@ 0x24
100007de:	2707      	movs	r7, #7
100007e0:	4e68      	ldr	r6, [pc, #416]	@ (10000984 <neo_m8n_poll_uart.part.0+0x51c>)
100007e2:	e004      	b.n	100007ee <neo_m8n_poll_uart.part.0+0x386>
100007e4:	f816 1f01 	ldrb.w	r1, [r6, #1]!
100007e8:	2900      	cmp	r1, #0
100007ea:	f000 8216 	beq.w	10000c1a <neo_m8n_poll_uart.part.0+0x7b2>
100007ee:	292c      	cmp	r1, #44	@ 0x2c
100007f0:	d006      	beq.n	10000800 <neo_m8n_poll_uart.part.0+0x398>
100007f2:	f816 1f01 	ldrb.w	r1, [r6, #1]!
100007f6:	2900      	cmp	r1, #0
100007f8:	f000 820b 	beq.w	10000c12 <neo_m8n_poll_uart.part.0+0x7aa>
100007fc:	292c      	cmp	r1, #44	@ 0x2c
100007fe:	d1f1      	bne.n	100007e4 <neo_m8n_poll_uart.part.0+0x37c>
10000800:	f816 1f01 	ldrb.w	r1, [r6, #1]!
10000804:	3f01      	subs	r7, #1
10000806:	2900      	cmp	r1, #0
10000808:	f000 8203 	beq.w	10000c12 <neo_m8n_poll_uart.part.0+0x7aa>
1000080c:	2f00      	cmp	r7, #0
1000080e:	d1f5      	bne.n	100007fc <neo_m8n_poll_uart.part.0+0x394>
10000810:	2708      	movs	r7, #8
10000812:	2124      	movs	r1, #36	@ 0x24
10000814:	f8df c16c 	ldr.w	ip, [pc, #364]	@ 10000984 <neo_m8n_poll_uart.part.0+0x51c>
10000818:	e004      	b.n	10000824 <neo_m8n_poll_uart.part.0+0x3bc>
1000081a:	f81c 1f01 	ldrb.w	r1, [ip, #1]!
1000081e:	2900      	cmp	r1, #0
10000820:	f000 81bf 	beq.w	10000ba2 <neo_m8n_poll_uart.part.0+0x73a>
10000824:	292c      	cmp	r1, #44	@ 0x2c
10000826:	d006      	beq.n	10000836 <neo_m8n_poll_uart.part.0+0x3ce>
10000828:	f81c 1f01 	ldrb.w	r1, [ip, #1]!
1000082c:	2900      	cmp	r1, #0
1000082e:	f000 81b2 	beq.w	10000b96 <neo_m8n_poll_uart.part.0+0x72e>
10000832:	292c      	cmp	r1, #44	@ 0x2c
10000834:	d1f1      	bne.n	1000081a <neo_m8n_poll_uart.part.0+0x3b2>
10000836:	f81c 1f01 	ldrb.w	r1, [ip, #1]!
1000083a:	3f01      	subs	r7, #1
1000083c:	2900      	cmp	r1, #0
1000083e:	f000 81aa 	beq.w	10000b96 <neo_m8n_poll_uart.part.0+0x72e>
10000842:	2f00      	cmp	r7, #0
10000844:	d1f5      	bne.n	10000832 <neo_m8n_poll_uart.part.0+0x3ca>
10000846:	f8cd c00c 	str.w	ip, [sp, #12]
1000084a:	2109      	movs	r1, #9
1000084c:	4f4d      	ldr	r7, [pc, #308]	@ (10000984 <neo_m8n_poll_uart.part.0+0x51c>)
1000084e:	e004      	b.n	1000085a <neo_m8n_poll_uart.part.0+0x3f2>
10000850:	f817 2f01 	ldrb.w	r2, [r7, #1]!
10000854:	2a00      	cmp	r2, #0
10000856:	f000 81e4 	beq.w	10000c22 <neo_m8n_poll_uart.part.0+0x7ba>
1000085a:	2a2c      	cmp	r2, #44	@ 0x2c
1000085c:	d006      	beq.n	1000086c <neo_m8n_poll_uart.part.0+0x404>
1000085e:	f817 2f01 	ldrb.w	r2, [r7, #1]!
10000862:	2a00      	cmp	r2, #0
10000864:	f000 81d1 	beq.w	10000c0a <neo_m8n_poll_uart.part.0+0x7a2>
10000868:	2a2c      	cmp	r2, #44	@ 0x2c
1000086a:	d1f1      	bne.n	10000850 <neo_m8n_poll_uart.part.0+0x3e8>
1000086c:	f817 2f01 	ldrb.w	r2, [r7, #1]!
10000870:	3901      	subs	r1, #1
10000872:	2a00      	cmp	r2, #0
10000874:	f000 81c9 	beq.w	10000c0a <neo_m8n_poll_uart.part.0+0x7a2>
10000878:	2900      	cmp	r1, #0
1000087a:	d1f5      	bne.n	10000868 <neo_m8n_poll_uart.part.0+0x400>
1000087c:	2800      	cmp	r0, #0
1000087e:	f000 8102 	beq.w	10000a86 <neo_m8n_poll_uart.part.0+0x61e>
10000882:	7802      	ldrb	r2, [r0, #0]
10000884:	2a00      	cmp	r2, #0
10000886:	f000 80fe 	beq.w	10000a86 <neo_m8n_poll_uart.part.0+0x61e>
1000088a:	220a      	movs	r2, #10
1000088c:	2100      	movs	r1, #0
1000088e:	9306      	str	r3, [sp, #24]
10000890:	f008 f872 	bl	10008978 <strtol>
10000894:	2800      	cmp	r0, #0
10000896:	bfd3      	iteet	le
10000898:	2100      	movle	r1, #0
1000089a:	2103      	movgt	r1, #3
1000089c:	2201      	movgt	r2, #1
1000089e:	2200      	movle	r2, #0
100008a0:	4b39      	ldr	r3, [pc, #228]	@ (10000988 <neo_m8n_poll_uart.part.0+0x520>)
100008a2:	f883 1020 	strb.w	r1, [r3, #32]
100008a6:	f883 2022 	strb.w	r2, [r3, #34]	@ 0x22
100008aa:	9b06      	ldr	r3, [sp, #24]
100008ac:	2e00      	cmp	r6, #0
100008ae:	f000 8206 	beq.w	10000cbe <neo_m8n_poll_uart.part.0+0x856>
100008b2:	7830      	ldrb	r0, [r6, #0]
100008b4:	b130      	cbz	r0, 100008c4 <neo_m8n_poll_uart.part.0+0x45c>
100008b6:	4630      	mov	r0, r6
100008b8:	220a      	movs	r2, #10
100008ba:	2100      	movs	r1, #0
100008bc:	f008 f908 	bl	10008ad0 <strtoul>
100008c0:	9b06      	ldr	r3, [sp, #24]
100008c2:	b2c0      	uxtb	r0, r0
100008c4:	4a30      	ldr	r2, [pc, #192]	@ (10000988 <neo_m8n_poll_uart.part.0+0x520>)
100008c6:	f882 0021 	strb.w	r0, [r2, #33]	@ 0x21
100008ca:	9803      	ldr	r0, [sp, #12]
100008cc:	2800      	cmp	r0, #0
100008ce:	f000 81a6 	beq.w	10000c1e <neo_m8n_poll_uart.part.0+0x7b6>
100008d2:	7802      	ldrb	r2, [r0, #0]
100008d4:	2a00      	cmp	r2, #0
100008d6:	f000 81a2 	beq.w	10000c1e <neo_m8n_poll_uart.part.0+0x7b6>
100008da:	2100      	movs	r1, #0
100008dc:	9303      	str	r3, [sp, #12]
100008de:	f007 ff51 	bl	10008784 <strtod>
100008e2:	f001 ff61 	bl	100027a8 <__wrap___aeabi_d2f>
100008e6:	4602      	mov	r2, r0
100008e8:	9b03      	ldr	r3, [sp, #12]
100008ea:	4927      	ldr	r1, [pc, #156]	@ (10000988 <neo_m8n_poll_uart.part.0+0x520>)
100008ec:	61ca      	str	r2, [r1, #28]
100008ee:	2f00      	cmp	r7, #0
100008f0:	f000 8199 	beq.w	10000c26 <neo_m8n_poll_uart.part.0+0x7be>
100008f4:	783a      	ldrb	r2, [r7, #0]
100008f6:	2a00      	cmp	r2, #0
100008f8:	f000 8195 	beq.w	10000c26 <neo_m8n_poll_uart.part.0+0x7be>
100008fc:	4638      	mov	r0, r7
100008fe:	2100      	movs	r1, #0
10000900:	9303      	str	r3, [sp, #12]
10000902:	f007 ff3f 	bl	10008784 <strtod>
10000906:	f001 ff4f 	bl	100027a8 <__wrap___aeabi_d2f>
1000090a:	4602      	mov	r2, r0
1000090c:	9b03      	ldr	r3, [sp, #12]
1000090e:	4e1e      	ldr	r6, [pc, #120]	@ (10000988 <neo_m8n_poll_uart.part.0+0x520>)
10000910:	9802      	ldr	r0, [sp, #8]
10000912:	6132      	str	r2, [r6, #16]
10000914:	b1d0      	cbz	r0, 1000094c <neo_m8n_poll_uart.part.0+0x4e4>
10000916:	7802      	ldrb	r2, [r0, #0]
10000918:	b1c2      	cbz	r2, 1000094c <neo_m8n_poll_uart.part.0+0x4e4>
1000091a:	9a05      	ldr	r2, [sp, #20]
1000091c:	b1b2      	cbz	r2, 1000094c <neo_m8n_poll_uart.part.0+0x4e4>
1000091e:	7811      	ldrb	r1, [r2, #0]
10000920:	b1a1      	cbz	r1, 1000094c <neo_m8n_poll_uart.part.0+0x4e4>
10000922:	9f04      	ldr	r7, [sp, #16]
10000924:	b197      	cbz	r7, 1000094c <neo_m8n_poll_uart.part.0+0x4e4>
10000926:	783a      	ldrb	r2, [r7, #0]
10000928:	b182      	cbz	r2, 1000094c <neo_m8n_poll_uart.part.0+0x4e4>
1000092a:	9a01      	ldr	r2, [sp, #4]
1000092c:	b172      	cbz	r2, 1000094c <neo_m8n_poll_uart.part.0+0x4e4>
1000092e:	7812      	ldrb	r2, [r2, #0]
10000930:	b162      	cbz	r2, 1000094c <neo_m8n_poll_uart.part.0+0x4e4>
10000932:	9302      	str	r3, [sp, #8]
10000934:	f7ff fd66 	bl	10000404 <nmea_to_degrees>
10000938:	e9c6 0100 	strd	r0, r1, [r6]
1000093c:	9a01      	ldr	r2, [sp, #4]
1000093e:	4638      	mov	r0, r7
10000940:	7811      	ldrb	r1, [r2, #0]
10000942:	f7ff fd5f 	bl	10000404 <nmea_to_degrees>
10000946:	e9c6 0102 	strd	r0, r1, [r6, #8]
1000094a:	9b02      	ldr	r3, [sp, #8]
1000094c:	2002      	movs	r0, #2
1000094e:	2101      	movs	r1, #1
10000950:	4a0e      	ldr	r2, [pc, #56]	@ (1000098c <neo_m8n_poll_uart.part.0+0x524>)
10000952:	9301      	str	r3, [sp, #4]
10000954:	7010      	strb	r0, [r2, #0]
10000956:	4a0e      	ldr	r2, [pc, #56]	@ (10000990 <neo_m8n_poll_uart.part.0+0x528>)
10000958:	480a      	ldr	r0, [pc, #40]	@ (10000984 <neo_m8n_poll_uart.part.0+0x51c>)
1000095a:	7011      	strb	r1, [r2, #0]
1000095c:	490d      	ldr	r1, [pc, #52]	@ (10000994 <neo_m8n_poll_uart.part.0+0x52c>)
1000095e:	f008 fcd9 	bl	10009314 <strstr>
10000962:	9b01      	ldr	r3, [sp, #4]
10000964:	2800      	cmp	r0, #0
10000966:	f43f ae5b 	beq.w	10000620 <neo_m8n_poll_uart.part.0+0x1b8>
1000096a:	4a06      	ldr	r2, [pc, #24]	@ (10000984 <neo_m8n_poll_uart.part.0+0x51c>)
1000096c:	7811      	ldrb	r1, [r2, #0]
1000096e:	2900      	cmp	r1, #0
10000970:	f43f ae56 	beq.w	10000620 <neo_m8n_poll_uart.part.0+0x1b8>
10000974:	460f      	mov	r7, r1
10000976:	e092      	b.n	10000a9e <neo_m8n_poll_uart.part.0+0x636>
10000978:	2bb5      	cmp	r3, #181	@ 0xb5
1000097a:	f43f adc2 	beq.w	10000502 <neo_m8n_poll_uart.part.0+0x9a>
1000097e:	2300      	movs	r3, #0
10000980:	702b      	strb	r3, [r5, #0]
10000982:	e5be      	b.n	10000502 <neo_m8n_poll_uart.part.0+0x9a>
10000984:	20002bd8 	.word	0x20002bd8
10000988:	20002040 	.word	0x20002040
1000098c:	20002cb6 	.word	0x20002cb6
10000990:	20002cb7 	.word	0x20002cb7
10000994:	1000b0cc 	.word	0x1000b0cc
10000998:	4ba9      	ldr	r3, [pc, #676]	@ (10000c40 <neo_m8n_poll_uart.part.0+0x7d8>)
1000099a:	781a      	ldrb	r2, [r3, #0]
1000099c:	2a01      	cmp	r2, #1
1000099e:	9201      	str	r2, [sp, #4]
100009a0:	f47f ada6 	bne.w	100004f0 <neo_m8n_poll_uart.part.0+0x88>
100009a4:	785a      	ldrb	r2, [r3, #1]
100009a6:	2a07      	cmp	r2, #7
100009a8:	f47f ada2 	bne.w	100004f0 <neo_m8n_poll_uart.part.0+0x88>
100009ac:	4fa5      	ldr	r7, [pc, #660]	@ (10000c44 <neo_m8n_poll_uart.part.0+0x7dc>)
100009ae:	883a      	ldrh	r2, [r7, #0]
100009b0:	2a5b      	cmp	r2, #91	@ 0x5b
100009b2:	f240 818c 	bls.w	10000cce <neo_m8n_poll_uart.part.0+0x866>
100009b6:	ed93 6a0a 	vldr	s12, [r3, #40]	@ 0x28
100009ba:	edd3 6a10 	vldr	s13, [r3, #64]	@ 0x40
100009be:	ed93 7a11 	vldr	s14, [r3, #68]	@ 0x44
100009c2:	7e1a      	ldrb	r2, [r3, #24]
100009c4:	49a0      	ldr	r1, [pc, #640]	@ (10000c48 <neo_m8n_poll_uart.part.0+0x7e0>)
100009c6:	9202      	str	r2, [sp, #8]
100009c8:	f881 2020 	strb.w	r2, [r1, #32]
100009cc:	7eda      	ldrb	r2, [r3, #27]
100009ce:	f8b3 c050 	ldrh.w	ip, [r3, #80]	@ 0x50
100009d2:	f881 2021 	strb.w	r2, [r1, #33]	@ 0x21
100009d6:	e9d3 0107 	ldrd	r0, r1, [r3, #28]
100009da:	ed8d 6a07 	vstr	s12, [sp, #28]
100009de:	edcd 6a06 	vstr	s13, [sp, #24]
100009e2:	ed8d 7a05 	vstr	s14, [sp, #20]
100009e6:	f8cd c010 	str.w	ip, [sp, #16]
100009ea:	9103      	str	r1, [sp, #12]
100009ec:	f001 feea 	bl	100027c4 <__wrap___aeabi_i2d>
100009f0:	a391      	add	r3, pc, #580	@ (adr r3, 10000c38 <neo_m8n_poll_uart.part.0+0x7d0>)
100009f2:	e9d3 2300 	ldrd	r2, r3, [r3]
100009f6:	f001 fe63 	bl	100026c0 <__wrap___aeabi_dmul>
100009fa:	4a93      	ldr	r2, [pc, #588]	@ (10000c48 <neo_m8n_poll_uart.part.0+0x7e0>)
100009fc:	e9c2 0102 	strd	r0, r1, [r2, #8]
10000a00:	9803      	ldr	r0, [sp, #12]
10000a02:	f001 fedf 	bl	100027c4 <__wrap___aeabi_i2d>
10000a06:	a38c      	add	r3, pc, #560	@ (adr r3, 10000c38 <neo_m8n_poll_uart.part.0+0x7d0>)
10000a08:	e9d3 2300 	ldrd	r2, r3, [r3]
10000a0c:	f001 fe58 	bl	100026c0 <__wrap___aeabi_dmul>
10000a10:	ed9d 6a07 	vldr	s12, [sp, #28]
10000a14:	eddd 6a06 	vldr	s13, [sp, #24]
10000a18:	ed9d 7a05 	vldr	s14, [sp, #20]
10000a1c:	eddd 7a04 	vldr	s15, [sp, #16]
10000a20:	eddf 5a8a 	vldr	s11, [pc, #552]	@ 10000c4c <neo_m8n_poll_uart.part.0+0x7e4>
10000a24:	eeb8 6ac6 	vcvt.f32.s32	s12, s12
10000a28:	eef8 6a66 	vcvt.f32.u32	s13, s13
10000a2c:	eeb8 7ac7 	vcvt.f32.s32	s14, s14
10000a30:	eef8 7a67 	vcvt.f32.u32	s15, s15
10000a34:	eddf 4a86 	vldr	s9, [pc, #536]	@ 10000c50 <neo_m8n_poll_uart.part.0+0x7e8>
10000a38:	ed9f 5a86 	vldr	s10, [pc, #536]	@ 10000c54 <neo_m8n_poll_uart.part.0+0x7ec>
10000a3c:	9b02      	ldr	r3, [sp, #8]
10000a3e:	4a82      	ldr	r2, [pc, #520]	@ (10000c48 <neo_m8n_poll_uart.part.0+0x7e0>)
10000a40:	2b01      	cmp	r3, #1
10000a42:	bf94      	ite	ls
10000a44:	2300      	movls	r3, #0
10000a46:	2301      	movhi	r3, #1
10000a48:	e9c2 0100 	strd	r0, r1, [r2]
10000a4c:	ee26 6a25 	vmul.f32	s12, s12, s11
10000a50:	4611      	mov	r1, r2
10000a52:	ee66 6aa5 	vmul.f32	s13, s13, s11
10000a56:	ee27 7a24 	vmul.f32	s14, s14, s9
10000a5a:	ee67 7a85 	vmul.f32	s15, s15, s10
10000a5e:	f882 3022 	strb.w	r3, [r2, #34]	@ 0x22
10000a62:	9a01      	ldr	r2, [sp, #4]
10000a64:	4b7c      	ldr	r3, [pc, #496]	@ (10000c58 <neo_m8n_poll_uart.part.0+0x7f0>)
10000a66:	ed81 6a04 	vstr	s12, [r1, #16]
10000a6a:	701a      	strb	r2, [r3, #0]
10000a6c:	4b7b      	ldr	r3, [pc, #492]	@ (10000c5c <neo_m8n_poll_uart.part.0+0x7f4>)
10000a6e:	edc1 6a05 	vstr	s13, [r1, #20]
10000a72:	701a      	strb	r2, [r3, #0]
10000a74:	ed81 7a06 	vstr	s14, [r1, #24]
10000a78:	edc1 7a07 	vstr	s15, [r1, #28]
10000a7c:	4a78      	ldr	r2, [pc, #480]	@ (10000c60 <neo_m8n_poll_uart.part.0+0x7f8>)
10000a7e:	e539      	b.n	100004f4 <neo_m8n_poll_uart.part.0+0x8c>
10000a80:	2308      	movs	r3, #8
10000a82:	702b      	strb	r3, [r5, #0]
10000a84:	e53d      	b.n	10000502 <neo_m8n_poll_uart.part.0+0x9a>
10000a86:	4977      	ldr	r1, [pc, #476]	@ (10000c64 <neo_m8n_poll_uart.part.0+0x7fc>)
10000a88:	4877      	ldr	r0, [pc, #476]	@ (10000c68 <neo_m8n_poll_uart.part.0+0x800>)
10000a8a:	9301      	str	r3, [sp, #4]
10000a8c:	f008 fc42 	bl	10009314 <strstr>
10000a90:	9b01      	ldr	r3, [sp, #4]
10000a92:	2800      	cmp	r0, #0
10000a94:	f43f adc4 	beq.w	10000620 <neo_m8n_poll_uart.part.0+0x1b8>
10000a98:	4a73      	ldr	r2, [pc, #460]	@ (10000c68 <neo_m8n_poll_uart.part.0+0x800>)
10000a9a:	7811      	ldrb	r1, [r2, #0]
10000a9c:	460f      	mov	r7, r1
10000a9e:	2002      	movs	r0, #2
10000aa0:	4a71      	ldr	r2, [pc, #452]	@ (10000c68 <neo_m8n_poll_uart.part.0+0x800>)
10000aa2:	e004      	b.n	10000aae <neo_m8n_poll_uart.part.0+0x646>
10000aa4:	f812 1f01 	ldrb.w	r1, [r2, #1]!
10000aa8:	2900      	cmp	r1, #0
10000aaa:	f000 8091 	beq.w	10000bd0 <neo_m8n_poll_uart.part.0+0x768>
10000aae:	292c      	cmp	r1, #44	@ 0x2c
10000ab0:	d006      	beq.n	10000ac0 <neo_m8n_poll_uart.part.0+0x658>
10000ab2:	f812 1f01 	ldrb.w	r1, [r2, #1]!
10000ab6:	2900      	cmp	r1, #0
10000ab8:	f000 808d 	beq.w	10000bd6 <neo_m8n_poll_uart.part.0+0x76e>
10000abc:	292c      	cmp	r1, #44	@ 0x2c
10000abe:	d1f1      	bne.n	10000aa4 <neo_m8n_poll_uart.part.0+0x63c>
10000ac0:	7856      	ldrb	r6, [r2, #1]
10000ac2:	3801      	subs	r0, #1
10000ac4:	1c51      	adds	r1, r2, #1
10000ac6:	2e00      	cmp	r6, #0
10000ac8:	f000 8084 	beq.w	10000bd4 <neo_m8n_poll_uart.part.0+0x76c>
10000acc:	2800      	cmp	r0, #0
10000ace:	d07f      	beq.n	10000bd0 <neo_m8n_poll_uart.part.0+0x768>
10000ad0:	2e2c      	cmp	r6, #44	@ 0x2c
10000ad2:	d004      	beq.n	10000ade <neo_m8n_poll_uart.part.0+0x676>
10000ad4:	460a      	mov	r2, r1
10000ad6:	e7e5      	b.n	10000aa4 <neo_m8n_poll_uart.part.0+0x63c>
10000ad8:	1cb1      	adds	r1, r6, #2
10000ada:	9102      	str	r1, [sp, #8]
10000adc:	e5fa      	b.n	100006d4 <neo_m8n_poll_uart.part.0+0x26c>
10000ade:	3202      	adds	r2, #2
10000ae0:	4639      	mov	r1, r7
10000ae2:	2607      	movs	r6, #7
10000ae4:	4860      	ldr	r0, [pc, #384]	@ (10000c68 <neo_m8n_poll_uart.part.0+0x800>)
10000ae6:	e004      	b.n	10000af2 <neo_m8n_poll_uart.part.0+0x68a>
10000ae8:	f810 1f01 	ldrb.w	r1, [r0, #1]!
10000aec:	2900      	cmp	r1, #0
10000aee:	f000 809c 	beq.w	10000c2a <neo_m8n_poll_uart.part.0+0x7c2>
10000af2:	292c      	cmp	r1, #44	@ 0x2c
10000af4:	d005      	beq.n	10000b02 <neo_m8n_poll_uart.part.0+0x69a>
10000af6:	f810 1f01 	ldrb.w	r1, [r0, #1]!
10000afa:	2900      	cmp	r1, #0
10000afc:	d06f      	beq.n	10000bde <neo_m8n_poll_uart.part.0+0x776>
10000afe:	292c      	cmp	r1, #44	@ 0x2c
10000b00:	d1f2      	bne.n	10000ae8 <neo_m8n_poll_uart.part.0+0x680>
10000b02:	f810 1f01 	ldrb.w	r1, [r0, #1]!
10000b06:	3e01      	subs	r6, #1
10000b08:	2900      	cmp	r1, #0
10000b0a:	d068      	beq.n	10000bde <neo_m8n_poll_uart.part.0+0x776>
10000b0c:	2e00      	cmp	r6, #0
10000b0e:	d1f6      	bne.n	10000afe <neo_m8n_poll_uart.part.0+0x696>
10000b10:	f04f 0c08 	mov.w	ip, #8
10000b14:	4e54      	ldr	r6, [pc, #336]	@ (10000c68 <neo_m8n_poll_uart.part.0+0x800>)
10000b16:	e004      	b.n	10000b22 <neo_m8n_poll_uart.part.0+0x6ba>
10000b18:	f816 7f01 	ldrb.w	r7, [r6, #1]!
10000b1c:	2f00      	cmp	r7, #0
10000b1e:	f000 80a9 	beq.w	10000c74 <neo_m8n_poll_uart.part.0+0x80c>
10000b22:	2f2c      	cmp	r7, #44	@ 0x2c
10000b24:	d005      	beq.n	10000b32 <neo_m8n_poll_uart.part.0+0x6ca>
10000b26:	f816 1f01 	ldrb.w	r1, [r6, #1]!
10000b2a:	2900      	cmp	r1, #0
10000b2c:	d05f      	beq.n	10000bee <neo_m8n_poll_uart.part.0+0x786>
10000b2e:	292c      	cmp	r1, #44	@ 0x2c
10000b30:	d1f2      	bne.n	10000b18 <neo_m8n_poll_uart.part.0+0x6b0>
10000b32:	f816 1f01 	ldrb.w	r1, [r6, #1]!
10000b36:	f10c 3cff 	add.w	ip, ip, #4294967295	@ 0xffffffff
10000b3a:	2900      	cmp	r1, #0
10000b3c:	d057      	beq.n	10000bee <neo_m8n_poll_uart.part.0+0x786>
10000b3e:	f1bc 0f00 	cmp.w	ip, #0
10000b42:	d1f4      	bne.n	10000b2e <neo_m8n_poll_uart.part.0+0x6c6>
10000b44:	2a00      	cmp	r2, #0
10000b46:	f43f ad6b 	beq.w	10000620 <neo_m8n_poll_uart.part.0+0x1b8>
10000b4a:	7812      	ldrb	r2, [r2, #0]
10000b4c:	2a41      	cmp	r2, #65	@ 0x41
10000b4e:	f47f ad67 	bne.w	10000620 <neo_m8n_poll_uart.part.0+0x1b8>
10000b52:	b190      	cbz	r0, 10000b7a <neo_m8n_poll_uart.part.0+0x712>
10000b54:	7802      	ldrb	r2, [r0, #0]
10000b56:	b182      	cbz	r2, 10000b7a <neo_m8n_poll_uart.part.0+0x712>
10000b58:	2100      	movs	r1, #0
10000b5a:	9301      	str	r3, [sp, #4]
10000b5c:	f007 fe12 	bl	10008784 <strtod>
10000b60:	f001 fe22 	bl	100027a8 <__wrap___aeabi_d2f>
10000b64:	ed9f 7a42 	vldr	s14, [pc, #264]	@ 10000c70 <neo_m8n_poll_uart.part.0+0x808>
10000b68:	ee07 0a90 	vmov	s15, r0
10000b6c:	ee67 7a87 	vmul.f32	s15, s15, s14
10000b70:	4f35      	ldr	r7, [pc, #212]	@ (10000c48 <neo_m8n_poll_uart.part.0+0x7e0>)
10000b72:	9b01      	ldr	r3, [sp, #4]
10000b74:	edc7 7a05 	vstr	s15, [r7, #20]
10000b78:	7831      	ldrb	r1, [r6, #0]
10000b7a:	2900      	cmp	r1, #0
10000b7c:	f000 8094 	beq.w	10000ca8 <neo_m8n_poll_uart.part.0+0x840>
10000b80:	4630      	mov	r0, r6
10000b82:	2100      	movs	r1, #0
10000b84:	9301      	str	r3, [sp, #4]
10000b86:	f007 fdfd 	bl	10008784 <strtod>
10000b8a:	f001 fe0d 	bl	100027a8 <__wrap___aeabi_d2f>
10000b8e:	4e2e      	ldr	r6, [pc, #184]	@ (10000c48 <neo_m8n_poll_uart.part.0+0x7e0>)
10000b90:	9b01      	ldr	r3, [sp, #4]
10000b92:	61b0      	str	r0, [r6, #24]
10000b94:	e088      	b.n	10000ca8 <neo_m8n_poll_uart.part.0+0x840>
10000b96:	2f00      	cmp	r7, #0
10000b98:	4661      	mov	r1, ip
10000b9a:	bf18      	it	ne
10000b9c:	2100      	movne	r1, #0
10000b9e:	f8cd c00c 	str.w	ip, [sp, #12]
10000ba2:	9103      	str	r1, [sp, #12]
10000ba4:	e651      	b.n	1000084a <neo_m8n_poll_uart.part.0+0x3e2>
10000ba6:	2800      	cmp	r0, #0
10000ba8:	4631      	mov	r1, r6
10000baa:	bf18      	it	ne
10000bac:	2100      	movne	r1, #0
10000bae:	9605      	str	r6, [sp, #20]
10000bb0:	9105      	str	r1, [sp, #20]
10000bb2:	e5aa      	b.n	1000070a <neo_m8n_poll_uart.part.0+0x2a2>
10000bb4:	2800      	cmp	r0, #0
10000bb6:	4631      	mov	r1, r6
10000bb8:	bf18      	it	ne
10000bba:	2100      	movne	r1, #0
10000bbc:	9604      	str	r6, [sp, #16]
10000bbe:	9104      	str	r1, [sp, #16]
10000bc0:	e5d7      	b.n	10000772 <neo_m8n_poll_uart.part.0+0x30a>
10000bc2:	2800      	cmp	r0, #0
10000bc4:	4631      	mov	r1, r6
10000bc6:	bf18      	it	ne
10000bc8:	2100      	movne	r1, #0
10000bca:	9601      	str	r6, [sp, #4]
10000bcc:	9101      	str	r1, [sp, #4]
10000bce:	e5eb      	b.n	100007a8 <neo_m8n_poll_uart.part.0+0x340>
10000bd0:	460a      	mov	r2, r1
10000bd2:	e785      	b.n	10000ae0 <neo_m8n_poll_uart.part.0+0x678>
10000bd4:	460a      	mov	r2, r1
10000bd6:	2800      	cmp	r0, #0
10000bd8:	bf18      	it	ne
10000bda:	2200      	movne	r2, #0
10000bdc:	e780      	b.n	10000ae0 <neo_m8n_poll_uart.part.0+0x678>
10000bde:	2e00      	cmp	r6, #0
10000be0:	bf18      	it	ne
10000be2:	2000      	movne	r0, #0
10000be4:	e794      	b.n	10000b10 <neo_m8n_poll_uart.part.0+0x6a8>
10000be6:	2e00      	cmp	r6, #0
10000be8:	bf18      	it	ne
10000bea:	2000      	movne	r0, #0
10000bec:	e5f6      	b.n	100007dc <neo_m8n_poll_uart.part.0+0x374>
10000bee:	f1bc 0f00 	cmp.w	ip, #0
10000bf2:	d13f      	bne.n	10000c74 <neo_m8n_poll_uart.part.0+0x80c>
10000bf4:	2a00      	cmp	r2, #0
10000bf6:	f43f ad13 	beq.w	10000620 <neo_m8n_poll_uart.part.0+0x1b8>
10000bfa:	7812      	ldrb	r2, [r2, #0]
10000bfc:	2a41      	cmp	r2, #65	@ 0x41
10000bfe:	f47f ad0f 	bne.w	10000620 <neo_m8n_poll_uart.part.0+0x1b8>
10000c02:	2800      	cmp	r0, #0
10000c04:	d050      	beq.n	10000ca8 <neo_m8n_poll_uart.part.0+0x840>
10000c06:	4661      	mov	r1, ip
10000c08:	e7a4      	b.n	10000b54 <neo_m8n_poll_uart.part.0+0x6ec>
10000c0a:	2900      	cmp	r1, #0
10000c0c:	bf18      	it	ne
10000c0e:	2700      	movne	r7, #0
10000c10:	e634      	b.n	1000087c <neo_m8n_poll_uart.part.0+0x414>
10000c12:	2f00      	cmp	r7, #0
10000c14:	bf18      	it	ne
10000c16:	2600      	movne	r6, #0
10000c18:	e5fa      	b.n	10000810 <neo_m8n_poll_uart.part.0+0x3a8>
10000c1a:	460e      	mov	r6, r1
10000c1c:	e5f8      	b.n	10000810 <neo_m8n_poll_uart.part.0+0x3a8>
10000c1e:	4a13      	ldr	r2, [pc, #76]	@ (10000c6c <neo_m8n_poll_uart.part.0+0x804>)
10000c20:	e663      	b.n	100008ea <neo_m8n_poll_uart.part.0+0x482>
10000c22:	4617      	mov	r7, r2
10000c24:	e62a      	b.n	1000087c <neo_m8n_poll_uart.part.0+0x414>
10000c26:	2200      	movs	r2, #0
10000c28:	e671      	b.n	1000090e <neo_m8n_poll_uart.part.0+0x4a6>
10000c2a:	4608      	mov	r0, r1
10000c2c:	e770      	b.n	10000b10 <neo_m8n_poll_uart.part.0+0x6a8>
10000c2e:	4608      	mov	r0, r1
10000c30:	e5d4      	b.n	100007dc <neo_m8n_poll_uart.part.0+0x374>
10000c32:	bf00      	nop
10000c34:	f3af 8000 	nop.w
10000c38:	9abcaf48 	.word	0x9abcaf48
10000c3c:	3e7ad7f2 	.word	0x3e7ad7f2
10000c40:	20002744 	.word	0x20002744
10000c44:	20002ca8 	.word	0x20002ca8
10000c48:	20002040 	.word	0x20002040
10000c4c:	3a83126f 	.word	0x3a83126f
10000c50:	3727c5ac 	.word	0x3727c5ac
10000c54:	3c23d70a 	.word	0x3c23d70a
10000c58:	20002cb6 	.word	0x20002cb6
10000c5c:	20002cb7 	.word	0x20002cb7
10000c60:	20002caf 	.word	0x20002caf
10000c64:	1000b0cc 	.word	0x1000b0cc
10000c68:	20002bd8 	.word	0x20002bd8
10000c6c:	42c7cccd 	.word	0x42c7cccd
10000c70:	3f03b29a 	.word	0x3f03b29a
10000c74:	2a00      	cmp	r2, #0
10000c76:	f43f acd3 	beq.w	10000620 <neo_m8n_poll_uart.part.0+0x1b8>
10000c7a:	7812      	ldrb	r2, [r2, #0]
10000c7c:	2a41      	cmp	r2, #65	@ 0x41
10000c7e:	f47f accf 	bne.w	10000620 <neo_m8n_poll_uart.part.0+0x1b8>
10000c82:	b188      	cbz	r0, 10000ca8 <neo_m8n_poll_uart.part.0+0x840>
10000c84:	7802      	ldrb	r2, [r0, #0]
10000c86:	b17a      	cbz	r2, 10000ca8 <neo_m8n_poll_uart.part.0+0x840>
10000c88:	2100      	movs	r1, #0
10000c8a:	9301      	str	r3, [sp, #4]
10000c8c:	f007 fd7a 	bl	10008784 <strtod>
10000c90:	f001 fd8a 	bl	100027a8 <__wrap___aeabi_d2f>
10000c94:	ed1f 7a0a 	vldr	s14, [pc, #-40]	@ 10000c70 <neo_m8n_poll_uart.part.0+0x808>
10000c98:	ee07 0a90 	vmov	s15, r0
10000c9c:	ee67 7a87 	vmul.f32	s15, s15, s14
10000ca0:	4e0d      	ldr	r6, [pc, #52]	@ (10000cd8 <neo_m8n_poll_uart.part.0+0x870>)
10000ca2:	9b01      	ldr	r3, [sp, #4]
10000ca4:	edc6 7a05 	vstr	s15, [r6, #20]
10000ca8:	4a0c      	ldr	r2, [pc, #48]	@ (10000cdc <neo_m8n_poll_uart.part.0+0x874>)
10000caa:	7811      	ldrb	r1, [r2, #0]
10000cac:	2901      	cmp	r1, #1
10000cae:	f43f acb7 	beq.w	10000620 <neo_m8n_poll_uart.part.0+0x1b8>
10000cb2:	2102      	movs	r1, #2
10000cb4:	7011      	strb	r1, [r2, #0]
10000cb6:	2101      	movs	r1, #1
10000cb8:	4a09      	ldr	r2, [pc, #36]	@ (10000ce0 <neo_m8n_poll_uart.part.0+0x878>)
10000cba:	7011      	strb	r1, [r2, #0]
10000cbc:	e4b0      	b.n	10000620 <neo_m8n_poll_uart.part.0+0x1b8>
10000cbe:	4630      	mov	r0, r6
10000cc0:	e600      	b.n	100008c4 <neo_m8n_poll_uart.part.0+0x45c>
10000cc2:	9102      	str	r1, [sp, #8]
10000cc4:	2800      	cmp	r0, #0
10000cc6:	bf18      	it	ne
10000cc8:	2100      	movne	r1, #0
10000cca:	9102      	str	r1, [sp, #8]
10000ccc:	e502      	b.n	100006d4 <neo_m8n_poll_uart.part.0+0x26c>
10000cce:	4a05      	ldr	r2, [pc, #20]	@ (10000ce4 <neo_m8n_poll_uart.part.0+0x87c>)
10000cd0:	e410      	b.n	100004f4 <neo_m8n_poll_uart.part.0+0x8c>
10000cd2:	4631      	mov	r1, r6
10000cd4:	9602      	str	r6, [sp, #8]
10000cd6:	e7f5      	b.n	10000cc4 <neo_m8n_poll_uart.part.0+0x85c>
10000cd8:	20002040 	.word	0x20002040
10000cdc:	20002cb6 	.word	0x20002cb6
10000ce0:	20002cb7 	.word	0x20002cb7
10000ce4:	20002caf 	.word	0x20002caf

10000ce8 <neo_m8n_init>:
10000ce8:	e92d 4ff0 	stmdb	sp!, {r4, r5, r6, r7, r8, r9, sl, fp, lr}
10000cec:	f04f 0800 	mov.w	r8, #0
10000cf0:	f8df 92a0 	ldr.w	r9, [pc, #672]	@ 10000f94 <neo_m8n_init+0x2ac>
10000cf4:	b087      	sub	sp, #28
10000cf6:	2228      	movs	r2, #40	@ 0x28
10000cf8:	2100      	movs	r1, #0
10000cfa:	f8c9 0000 	str.w	r0, [r9]
10000cfe:	4683      	mov	fp, r0
10000d00:	4894      	ldr	r0, [pc, #592]	@ (10000f54 <neo_m8n_init+0x26c>)
10000d02:	f008 f919 	bl	10008f38 <memset>
10000d06:	f44f 5116 	mov.w	r1, #9600	@ 0x2580
10000d0a:	4b93      	ldr	r3, [pc, #588]	@ (10000f58 <neo_m8n_init+0x270>)
10000d0c:	4893      	ldr	r0, [pc, #588]	@ (10000f5c <neo_m8n_init+0x274>)
10000d0e:	f883 8000 	strb.w	r8, [r3]
10000d12:	4b93      	ldr	r3, [pc, #588]	@ (10000f60 <neo_m8n_init+0x278>)
10000d14:	4a93      	ldr	r2, [pc, #588]	@ (10000f64 <neo_m8n_init+0x27c>)
10000d16:	f8a3 8000 	strh.w	r8, [r3]
10000d1a:	4b93      	ldr	r3, [pc, #588]	@ (10000f68 <neo_m8n_init+0x280>)
10000d1c:	4d93      	ldr	r5, [pc, #588]	@ (10000f6c <neo_m8n_init+0x284>)
10000d1e:	f8a3 8000 	strh.w	r8, [r3]
10000d22:	4b93      	ldr	r3, [pc, #588]	@ (10000f70 <neo_m8n_init+0x288>)
10000d24:	4f93      	ldr	r7, [pc, #588]	@ (10000f74 <neo_m8n_init+0x28c>)
10000d26:	f883 8000 	strb.w	r8, [r3]
10000d2a:	4b93      	ldr	r3, [pc, #588]	@ (10000f78 <neo_m8n_init+0x290>)
10000d2c:	6001      	str	r1, [r0, #0]
10000d2e:	f883 8000 	strb.w	r8, [r3]
10000d32:	4b92      	ldr	r3, [pc, #584]	@ (10000f7c <neo_m8n_init+0x294>)
10000d34:	2102      	movs	r1, #2
10000d36:	f883 8000 	strb.w	r8, [r3]
10000d3a:	4b91      	ldr	r3, [pc, #580]	@ (10000f80 <neo_m8n_init+0x298>)
10000d3c:	2008      	movs	r0, #8
10000d3e:	f882 8000 	strb.w	r8, [r2]
10000d42:	f8a3 8000 	strh.w	r8, [r3]
10000d46:	f8c5 8000 	str.w	r8, [r5]
10000d4a:	f887 8000 	strb.w	r8, [r7]
10000d4e:	f000 f95b 	bl	10001008 <gpio_set_function>
10000d52:	2102      	movs	r1, #2
10000d54:	2009      	movs	r0, #9
10000d56:	f000 f957 	bl	10001008 <gpio_set_function>
10000d5a:	4642      	mov	r2, r8
10000d5c:	2101      	movs	r1, #1
10000d5e:	2009      	movs	r0, #9
10000d60:	f000 f970 	bl	10001044 <gpio_set_pulls>
10000d64:	f8df a230 	ldr.w	sl, [pc, #560]	@ 10000f98 <neo_m8n_init+0x2b0>
10000d68:	f04f 0400 	mov.w	r4, #0
10000d6c:	4a84      	ldr	r2, [pc, #528]	@ (10000f80 <neo_m8n_init+0x298>)
10000d6e:	4b7e      	ldr	r3, [pc, #504]	@ (10000f68 <neo_m8n_init+0x280>)
10000d70:	f8a2 8000 	strh.w	r8, [r2]
10000d74:	4a80      	ldr	r2, [pc, #512]	@ (10000f78 <neo_m8n_init+0x290>)
10000d76:	f8da 1000 	ldr.w	r1, [sl]
10000d7a:	7014      	strb	r4, [r2, #0]
10000d7c:	4e78      	ldr	r6, [pc, #480]	@ (10000f60 <neo_m8n_init+0x278>)
10000d7e:	4a7f      	ldr	r2, [pc, #508]	@ (10000f7c <neo_m8n_init+0x294>)
10000d80:	f8a3 8000 	strh.w	r8, [r3]
10000d84:	4b7a      	ldr	r3, [pc, #488]	@ (10000f70 <neo_m8n_init+0x288>)
10000d86:	4658      	mov	r0, fp
10000d88:	701c      	strb	r4, [r3, #0]
10000d8a:	7014      	strb	r4, [r2, #0]
10000d8c:	9101      	str	r1, [sp, #4]
10000d8e:	f8a6 8000 	strh.w	r8, [r6]
10000d92:	f8c5 8000 	str.w	r8, [r5]
10000d96:	f887 8000 	strb.w	r8, [r7]
10000d9a:	f001 f929 	bl	10001ff0 <uart_init>
10000d9e:	2032      	movs	r0, #50	@ 0x32
10000da0:	f000 ffd6 	bl	10001d50 <sleep_ms>
10000da4:	4b70      	ldr	r3, [pc, #448]	@ (10000f68 <neo_m8n_init+0x280>)
10000da6:	4a76      	ldr	r2, [pc, #472]	@ (10000f80 <neo_m8n_init+0x298>)
10000da8:	f8a3 8000 	strh.w	r8, [r3]
10000dac:	4b70      	ldr	r3, [pc, #448]	@ (10000f70 <neo_m8n_init+0x288>)
10000dae:	703c      	strb	r4, [r7, #0]
10000db0:	701c      	strb	r4, [r3, #0]
10000db2:	4b71      	ldr	r3, [pc, #452]	@ (10000f78 <neo_m8n_init+0x290>)
10000db4:	f8a6 8000 	strh.w	r8, [r6]
10000db8:	701c      	strb	r4, [r3, #0]
10000dba:	4b70      	ldr	r3, [pc, #448]	@ (10000f7c <neo_m8n_init+0x294>)
10000dbc:	f8a2 8000 	strh.w	r8, [r2]
10000dc0:	701c      	strb	r4, [r3, #0]
10000dc2:	682b      	ldr	r3, [r5, #0]
10000dc4:	f8c5 8000 	str.w	r8, [r5]
10000dc8:	9300      	str	r3, [sp, #0]
10000dca:	f001 f8c5 	bl	10001f58 <time_us_64>
10000dce:	f04f 3eff 	mov.w	lr, #4294967295	@ 0xffffffff
10000dd2:	f06f 4c00 	mvn.w	ip, #2147483648	@ 0x80000000
10000dd6:	4b6b      	ldr	r3, [pc, #428]	@ (10000f84 <neo_m8n_init+0x29c>)
10000dd8:	18c6      	adds	r6, r0, r3
10000dda:	f141 0400 	adc.w	r4, r1, #0
10000dde:	45b6      	cmp	lr, r6
10000de0:	eb7c 0104 	sbcs.w	r1, ip, r4
10000de4:	d20a      	bcs.n	10000dfc <neo_m8n_init+0x114>
10000de6:	4676      	mov	r6, lr
10000de8:	4664      	mov	r4, ip
10000dea:	e007      	b.n	10000dfc <neo_m8n_init+0x114>
10000dec:	f7ff fb3c 	bl	10000468 <neo_m8n_poll_uart.part.0>
10000df0:	682b      	ldr	r3, [r5, #0]
10000df2:	2b07      	cmp	r3, #7
10000df4:	d813      	bhi.n	10000e1e <neo_m8n_init+0x136>
10000df6:	2005      	movs	r0, #5
10000df8:	f000 ffaa 	bl	10001d50 <sleep_ms>
10000dfc:	f001 f8ac 	bl	10001f58 <time_us_64>
10000e00:	1a30      	subs	r0, r6, r0
10000e02:	eb64 0101 	sbc.w	r1, r4, r1
10000e06:	2801      	cmp	r0, #1
10000e08:	f171 0100 	sbcs.w	r1, r1, #0
10000e0c:	f2c0 808f 	blt.w	10000f2e <neo_m8n_init+0x246>
10000e10:	f8d9 3000 	ldr.w	r3, [r9]
10000e14:	2b00      	cmp	r3, #0
10000e16:	d1e9      	bne.n	10000dec <neo_m8n_init+0x104>
10000e18:	682b      	ldr	r3, [r5, #0]
10000e1a:	2b07      	cmp	r3, #7
10000e1c:	d9eb      	bls.n	10000df6 <neo_m8n_init+0x10e>
10000e1e:	465c      	mov	r4, fp
10000e20:	9b00      	ldr	r3, [sp, #0]
10000e22:	602b      	str	r3, [r5, #0]
10000e24:	2300      	movs	r3, #0
10000e26:	4a58      	ldr	r2, [pc, #352]	@ (10000f88 <neo_m8n_init+0x2a0>)
10000e28:	494c      	ldr	r1, [pc, #304]	@ (10000f5c <neo_m8n_init+0x274>)
10000e2a:	9801      	ldr	r0, [sp, #4]
10000e2c:	e9cd 2304 	strd	r2, r3, [sp, #16]
10000e30:	6008      	str	r0, [r1, #0]
10000e32:	69a3      	ldr	r3, [r4, #24]
10000e34:	069d      	lsls	r5, r3, #26
10000e36:	d4fc      	bmi.n	10000e32 <neo_m8n_init+0x14a>
10000e38:	23b5      	movs	r3, #181	@ 0xb5
10000e3a:	6023      	str	r3, [r4, #0]
10000e3c:	69a3      	ldr	r3, [r4, #24]
10000e3e:	0698      	lsls	r0, r3, #26
10000e40:	d4fc      	bmi.n	10000e3c <neo_m8n_init+0x154>
10000e42:	2362      	movs	r3, #98	@ 0x62
10000e44:	6023      	str	r3, [r4, #0]
10000e46:	69a3      	ldr	r3, [r4, #24]
10000e48:	0699      	lsls	r1, r3, #26
10000e4a:	d4fc      	bmi.n	10000e46 <neo_m8n_init+0x15e>
10000e4c:	2306      	movs	r3, #6
10000e4e:	6023      	str	r3, [r4, #0]
10000e50:	69a3      	ldr	r3, [r4, #24]
10000e52:	069a      	lsls	r2, r3, #26
10000e54:	d4fc      	bmi.n	10000e50 <neo_m8n_init+0x168>
10000e56:	2301      	movs	r3, #1
10000e58:	6023      	str	r3, [r4, #0]
10000e5a:	69a3      	ldr	r3, [r4, #24]
10000e5c:	069b      	lsls	r3, r3, #26
10000e5e:	d4fc      	bmi.n	10000e5a <neo_m8n_init+0x172>
10000e60:	2308      	movs	r3, #8
10000e62:	6023      	str	r3, [r4, #0]
10000e64:	69a3      	ldr	r3, [r4, #24]
10000e66:	f013 0320 	ands.w	r3, r3, #32
10000e6a:	d1fb      	bne.n	10000e64 <neo_m8n_init+0x17c>
10000e6c:	220f      	movs	r2, #15
10000e6e:	212b      	movs	r1, #43	@ 0x2b
10000e70:	6023      	str	r3, [r4, #0]
10000e72:	eb0d 0002 	add.w	r0, sp, r2
10000e76:	f10d 0617 	add.w	r6, sp, #23
10000e7a:	f810 5f01 	ldrb.w	r5, [r0, #1]!
10000e7e:	69a3      	ldr	r3, [r4, #24]
10000e80:	069f      	lsls	r7, r3, #26
10000e82:	d4fc      	bmi.n	10000e7e <neo_m8n_init+0x196>
10000e84:	442a      	add	r2, r5
10000e86:	b2d2      	uxtb	r2, r2
10000e88:	4411      	add	r1, r2
10000e8a:	42b0      	cmp	r0, r6
10000e8c:	6025      	str	r5, [r4, #0]
10000e8e:	b2c9      	uxtb	r1, r1
10000e90:	d1f3      	bne.n	10000e7a <neo_m8n_init+0x192>
10000e92:	69a3      	ldr	r3, [r4, #24]
10000e94:	069e      	lsls	r6, r3, #26
10000e96:	d4fc      	bmi.n	10000e92 <neo_m8n_init+0x1aa>
10000e98:	6022      	str	r2, [r4, #0]
10000e9a:	69a3      	ldr	r3, [r4, #24]
10000e9c:	f013 0320 	ands.w	r3, r3, #32
10000ea0:	d1fb      	bne.n	10000e9a <neo_m8n_init+0x1b2>
10000ea2:	461d      	mov	r5, r3
10000ea4:	2032      	movs	r0, #50	@ 0x32
10000ea6:	6021      	str	r1, [r4, #0]
10000ea8:	f000 ff52 	bl	10001d50 <sleep_ms>
10000eac:	4b37      	ldr	r3, [pc, #220]	@ (10000f8c <neo_m8n_init+0x2a4>)
10000eae:	f8ad 500c 	strh.w	r5, [sp, #12]
10000eb2:	9302      	str	r3, [sp, #8]
10000eb4:	69a3      	ldr	r3, [r4, #24]
10000eb6:	069d      	lsls	r5, r3, #26
10000eb8:	d4fc      	bmi.n	10000eb4 <neo_m8n_init+0x1cc>
10000eba:	23b5      	movs	r3, #181	@ 0xb5
10000ebc:	6023      	str	r3, [r4, #0]
10000ebe:	69a3      	ldr	r3, [r4, #24]
10000ec0:	0698      	lsls	r0, r3, #26
10000ec2:	d4fc      	bmi.n	10000ebe <neo_m8n_init+0x1d6>
10000ec4:	2362      	movs	r3, #98	@ 0x62
10000ec6:	6023      	str	r3, [r4, #0]
10000ec8:	69a3      	ldr	r3, [r4, #24]
10000eca:	0699      	lsls	r1, r3, #26
10000ecc:	d4fc      	bmi.n	10000ec8 <neo_m8n_init+0x1e0>
10000ece:	2306      	movs	r3, #6
10000ed0:	6023      	str	r3, [r4, #0]
10000ed2:	69a3      	ldr	r3, [r4, #24]
10000ed4:	069a      	lsls	r2, r3, #26
10000ed6:	d4fc      	bmi.n	10000ed2 <neo_m8n_init+0x1ea>
10000ed8:	2308      	movs	r3, #8
10000eda:	6023      	str	r3, [r4, #0]
10000edc:	69a3      	ldr	r3, [r4, #24]
10000ede:	069b      	lsls	r3, r3, #26
10000ee0:	d4fc      	bmi.n	10000edc <neo_m8n_init+0x1f4>
10000ee2:	2306      	movs	r3, #6
10000ee4:	6023      	str	r3, [r4, #0]
10000ee6:	69a3      	ldr	r3, [r4, #24]
10000ee8:	f013 0320 	ands.w	r3, r3, #32
10000eec:	d1fb      	bne.n	10000ee6 <neo_m8n_init+0x1fe>
10000eee:	213c      	movs	r1, #60	@ 0x3c
10000ef0:	2214      	movs	r2, #20
10000ef2:	6023      	str	r3, [r4, #0]
10000ef4:	a802      	add	r0, sp, #8
10000ef6:	f10d 060e 	add.w	r6, sp, #14
10000efa:	f810 5b01 	ldrb.w	r5, [r0], #1
10000efe:	69a3      	ldr	r3, [r4, #24]
10000f00:	069f      	lsls	r7, r3, #26
10000f02:	d4fc      	bmi.n	10000efe <neo_m8n_init+0x216>
10000f04:	442a      	add	r2, r5
10000f06:	b2d2      	uxtb	r2, r2
10000f08:	4411      	add	r1, r2
10000f0a:	42b0      	cmp	r0, r6
10000f0c:	6025      	str	r5, [r4, #0]
10000f0e:	b2c9      	uxtb	r1, r1
10000f10:	d1f3      	bne.n	10000efa <neo_m8n_init+0x212>
10000f12:	69a3      	ldr	r3, [r4, #24]
10000f14:	0698      	lsls	r0, r3, #26
10000f16:	d4fc      	bmi.n	10000f12 <neo_m8n_init+0x22a>
10000f18:	6022      	str	r2, [r4, #0]
10000f1a:	69a3      	ldr	r3, [r4, #24]
10000f1c:	069b      	lsls	r3, r3, #26
10000f1e:	d4fc      	bmi.n	10000f1a <neo_m8n_init+0x232>
10000f20:	2032      	movs	r0, #50	@ 0x32
10000f22:	6021      	str	r1, [r4, #0]
10000f24:	b007      	add	sp, #28
10000f26:	e8bd 4ff0 	ldmia.w	sp!, {r4, r5, r6, r7, r8, r9, sl, fp, lr}
10000f2a:	f000 bf11 	b.w	10001d50 <sleep_ms>
10000f2e:	682b      	ldr	r3, [r5, #0]
10000f30:	9a00      	ldr	r2, [sp, #0]
10000f32:	2b07      	cmp	r3, #7
10000f34:	602a      	str	r2, [r5, #0]
10000f36:	d80a      	bhi.n	10000f4e <neo_m8n_init+0x266>
10000f38:	4b15      	ldr	r3, [pc, #84]	@ (10000f90 <neo_m8n_init+0x2a8>)
10000f3a:	f10a 0a04 	add.w	sl, sl, #4
10000f3e:	459a      	cmp	sl, r3
10000f40:	f47f af12 	bne.w	10000d68 <neo_m8n_init+0x80>
10000f44:	f44f 5316 	mov.w	r3, #9600	@ 0x2580
10000f48:	465c      	mov	r4, fp
10000f4a:	9301      	str	r3, [sp, #4]
10000f4c:	e76a      	b.n	10000e24 <neo_m8n_init+0x13c>
10000f4e:	465c      	mov	r4, fp
10000f50:	e768      	b.n	10000e24 <neo_m8n_init+0x13c>
10000f52:	bf00      	nop
10000f54:	20002040 	.word	0x20002040
10000f58:	20002cb6 	.word	0x20002cb6
10000f5c:	200026d0 	.word	0x200026d0
10000f60:	20002ca8 	.word	0x20002ca8
10000f64:	20002cb7 	.word	0x20002cb7
10000f68:	20002caa 	.word	0x20002caa
10000f6c:	20002c90 	.word	0x20002c90
10000f70:	20002caf 	.word	0x20002caf
10000f74:	20002cb8 	.word	0x20002cb8
10000f78:	20002cb0 	.word	0x20002cb0
10000f7c:	20002cb4 	.word	0x20002cb4
10000f80:	20002ca6 	.word	0x20002ca6
10000f84:	00061a80 	.word	0x00061a80
10000f88:	01000701 	.word	0x01000701
10000f8c:	000103e8 	.word	0x000103e8
10000f90:	1000b3d0 	.word	0x1000b3d0
10000f94:	200027c4 	.word	0x200027c4
10000f98:	1000b3c4 	.word	0x1000b3c4

10000f9c <neo_m8n_poll>:
10000f9c:	4b02      	ldr	r3, [pc, #8]	@ (10000fa8 <neo_m8n_poll+0xc>)
10000f9e:	681b      	ldr	r3, [r3, #0]
10000fa0:	b10b      	cbz	r3, 10000fa6 <neo_m8n_poll+0xa>
10000fa2:	f7ff ba61 	b.w	10000468 <neo_m8n_poll_uart.part.0>
10000fa6:	4770      	bx	lr
10000fa8:	200027c4 	.word	0x200027c4

10000fac <neo_m8n_uart_rx_bytes>:
10000fac:	4b01      	ldr	r3, [pc, #4]	@ (10000fb4 <neo_m8n_uart_rx_bytes+0x8>)
10000fae:	6818      	ldr	r0, [r3, #0]
10000fb0:	4770      	bx	lr
10000fb2:	bf00      	nop
10000fb4:	20002c90 	.word	0x20002c90

10000fb8 <neo_m8n_baud_rate>:
10000fb8:	4b01      	ldr	r3, [pc, #4]	@ (10000fc0 <neo_m8n_baud_rate+0x8>)
10000fba:	6818      	ldr	r0, [r3, #0]
10000fbc:	4770      	bx	lr
10000fbe:	bf00      	nop
10000fc0:	200026d0 	.word	0x200026d0

10000fc4 <neo_m8n_source>:
10000fc4:	4b01      	ldr	r3, [pc, #4]	@ (10000fcc <neo_m8n_source+0x8>)
10000fc6:	7818      	ldrb	r0, [r3, #0]
10000fc8:	4770      	bx	lr
10000fca:	bf00      	nop
10000fcc:	20002cb6 	.word	0x20002cb6

10000fd0 <neo_m8n_get_report>:
10000fd0:	b510      	push	{r4, lr}
10000fd2:	b190      	cbz	r0, 10000ffa <neo_m8n_get_report+0x2a>
10000fd4:	4684      	mov	ip, r0
10000fd6:	4b0a      	ldr	r3, [pc, #40]	@ (10001000 <neo_m8n_get_report+0x30>)
10000fd8:	f8df e028 	ldr.w	lr, [pc, #40]	@ 10001004 <neo_m8n_get_report+0x34>
10000fdc:	781c      	ldrb	r4, [r3, #0]
10000fde:	e8be 000f 	ldmia.w	lr!, {r0, r1, r2, r3}
10000fe2:	e8ac 000f 	stmia.w	ip!, {r0, r1, r2, r3}
10000fe6:	e8be 000f 	ldmia.w	lr!, {r0, r1, r2, r3}
10000fea:	e8ac 000f 	stmia.w	ip!, {r0, r1, r2, r3}
10000fee:	e89e 0003 	ldmia.w	lr, {r0, r1}
10000ff2:	e88c 0003 	stmia.w	ip, {r0, r1}
10000ff6:	4620      	mov	r0, r4
10000ff8:	bd10      	pop	{r4, pc}
10000ffa:	4604      	mov	r4, r0
10000ffc:	4620      	mov	r0, r4
10000ffe:	bd10      	pop	{r4, pc}
10001000:	20002cb7 	.word	0x20002cb7
10001004:	20002040 	.word	0x20002040

10001008 <gpio_set_function>:
10001008:	f44f 7c80 	mov.w	ip, #256	@ 0x100
1000100c:	4b0c      	ldr	r3, [pc, #48]	@ (10001040 <gpio_set_function+0x38>)
1000100e:	b500      	push	{lr}
10001010:	f853 2020 	ldr.w	r2, [r3, r0, lsl #2]
10001014:	eb03 0380 	add.w	r3, r3, r0, lsl #2
10001018:	00c0      	lsls	r0, r0, #3
1000101a:	f082 0240 	eor.w	r2, r2, #64	@ 0x40
1000101e:	f100 4080 	add.w	r0, r0, #1073741824	@ 0x40000000
10001022:	f503 5e80 	add.w	lr, r3, #4096	@ 0x1000
10001026:	f002 02c0 	and.w	r2, r2, #192	@ 0xc0
1000102a:	f500 3020 	add.w	r0, r0, #163840	@ 0x28000
1000102e:	f503 5340 	add.w	r3, r3, #12288	@ 0x3000
10001032:	f8ce 2000 	str.w	r2, [lr]
10001036:	6041      	str	r1, [r0, #4]
10001038:	f8c3 c000 	str.w	ip, [r3]
1000103c:	bd00      	pop	{pc}
1000103e:	bf00      	nop
10001040:	40038004 	.word	0x40038004

10001044 <gpio_set_pulls>:
10001044:	f8df c01c 	ldr.w	ip, [pc, #28]	@ 10001064 <gpio_set_pulls+0x20>
10001048:	00c9      	lsls	r1, r1, #3
1000104a:	ea41 0182 	orr.w	r1, r1, r2, lsl #2
1000104e:	f85c 2020 	ldr.w	r2, [ip, r0, lsl #2]
10001052:	eb0c 0380 	add.w	r3, ip, r0, lsl #2
10001056:	4051      	eors	r1, r2
10001058:	f503 5380 	add.w	r3, r3, #4096	@ 0x1000
1000105c:	f001 010c 	and.w	r1, r1, #12
10001060:	6019      	str	r1, [r3, #0]
10001062:	4770      	bx	lr
10001064:	40038004 	.word	0x40038004

10001068 <gpio_init>:
10001068:	f04f 0300 	mov.w	r3, #0
1000106c:	b500      	push	{lr}
1000106e:	ec43 0044 	gpioc_bit_oe_put r0, r3
10001072:	ec43 0040 	gpioc_bit_out_put r0, r3
10001076:	f04f 0e05 	mov.w	lr, #5
1000107a:	f44f 7c80 	mov.w	ip, #256	@ 0x100
1000107e:	4b0c      	ldr	r3, [pc, #48]	@ (100010b0 <gpio_init+0x48>)
10001080:	00c2      	lsls	r2, r0, #3
10001082:	f853 1020 	ldr.w	r1, [r3, r0, lsl #2]
10001086:	eb03 0080 	add.w	r0, r3, r0, lsl #2
1000108a:	f081 0140 	eor.w	r1, r1, #64	@ 0x40
1000108e:	f102 4380 	add.w	r3, r2, #1073741824	@ 0x40000000
10001092:	f503 3320 	add.w	r3, r3, #163840	@ 0x28000
10001096:	f001 02c0 	and.w	r2, r1, #192	@ 0xc0
1000109a:	f500 5180 	add.w	r1, r0, #4096	@ 0x1000
1000109e:	f500 5040 	add.w	r0, r0, #12288	@ 0x3000
100010a2:	600a      	str	r2, [r1, #0]
100010a4:	f8c3 e004 	str.w	lr, [r3, #4]
100010a8:	f8c0 c000 	str.w	ip, [r0]
100010ac:	bd00      	pop	{pc}
100010ae:	bf00      	nop
100010b0:	40038004 	.word	0x40038004

100010b4 <panic>:
100010b4:	b40f      	push	{r0, r1, r2, r3}
100010b6:	b500      	push	{lr}
100010b8:	4808      	ldr	r0, [pc, #32]	@ (100010dc <panic+0x28>)
100010ba:	b083      	sub	sp, #12
100010bc:	f003 fb32 	bl	10004724 <__wrap_puts>
100010c0:	9b04      	ldr	r3, [sp, #16]
100010c2:	b13b      	cbz	r3, 100010d4 <panic+0x20>
100010c4:	a905      	add	r1, sp, #20
100010c6:	4618      	mov	r0, r3
100010c8:	9101      	str	r1, [sp, #4]
100010ca:	f003 f909 	bl	100042e0 <weak_raw_vprintf>
100010ce:	4804      	ldr	r0, [pc, #16]	@ (100010e0 <panic+0x2c>)
100010d0:	f003 fb28 	bl	10004724 <__wrap_puts>
100010d4:	2001      	movs	r0, #1
100010d6:	f003 f91b 	bl	10004310 <_exit>
100010da:	bf00      	nop
100010dc:	1000b0d0 	.word	0x1000b0d0
100010e0:	1000b0e0 	.word	0x1000b0e0

100010e4 <hw_claim_or_assert>:
100010e4:	b570      	push	{r4, r5, r6, lr}
100010e6:	4616      	mov	r6, r2
100010e8:	f3ef 8410 	mrs	r4, PRIMASK
100010ec:	b672      	cpsid	i
100010ee:	f8df e048 	ldr.w	lr, [pc, #72]	@ 10001138 <hw_claim_or_assert+0x54>
100010f2:	e8de 2fcf 	ldaexb	r2, [lr]
100010f6:	2301      	movs	r3, #1
100010f8:	2a00      	cmp	r2, #0
100010fa:	d1fa      	bne.n	100010f2 <hw_claim_or_assert+0xe>
100010fc:	e8ce 3f42 	strexb	r2, r3, [lr]
10001100:	2a00      	cmp	r2, #0
10001102:	d1f6      	bne.n	100010f2 <hw_claim_or_assert+0xe>
10001104:	f3bf 8f5f 	dmb	sy
10001108:	2301      	movs	r3, #1
1000110a:	f001 0c07 	and.w	ip, r1, #7
1000110e:	08ca      	lsrs	r2, r1, #3
10001110:	fa03 f30c 	lsl.w	r3, r3, ip
10001114:	f810 c002 	ldrb.w	ip, [r0, r2]
10001118:	ea1c 0503 	ands.w	r5, ip, r3
1000111c:	d108      	bne.n	10001130 <hw_claim_or_assert+0x4c>
1000111e:	ea4c 0c03 	orr.w	ip, ip, r3
10001122:	f800 c002 	strb.w	ip, [r0, r2]
10001126:	e8ce 5f8f 	stlb	r5, [lr]
1000112a:	f384 8810 	msr	PRIMASK, r4
1000112e:	bd70      	pop	{r4, r5, r6, pc}
10001130:	4630      	mov	r0, r6
10001132:	f7ff ffbf 	bl	100010b4 <panic>
10001136:	bf00      	nop
10001138:	200022c7 	.word	0x200022c7

1000113c <hw_claim_unused_from_range>:
1000113c:	b5f8      	push	{r3, r4, r5, r6, r7, lr}
1000113e:	460f      	mov	r7, r1
10001140:	4619      	mov	r1, r3
10001142:	f3ef 8610 	mrs	r6, PRIMASK
10001146:	b672      	cpsid	i
10001148:	4d1c      	ldr	r5, [pc, #112]	@ (100011bc <hw_claim_unused_from_range+0x80>)
1000114a:	e8d5 4fcf 	ldaexb	r4, [r5]
1000114e:	2301      	movs	r3, #1
10001150:	2c00      	cmp	r4, #0
10001152:	d1fa      	bne.n	1000114a <hw_claim_unused_from_range+0xe>
10001154:	e8c5 3f44 	strexb	r4, r3, [r5]
10001158:	2c00      	cmp	r4, #0
1000115a:	d1f6      	bne.n	1000114a <hw_claim_unused_from_range+0xe>
1000115c:	f3bf 8f5f 	dmb	sy
10001160:	428a      	cmp	r2, r1
10001162:	d81b      	bhi.n	1000119c <hw_claim_unused_from_range+0x60>
10001164:	2401      	movs	r4, #1
10001166:	e002      	b.n	1000116e <hw_claim_unused_from_range+0x32>
10001168:	3201      	adds	r2, #1
1000116a:	4291      	cmp	r1, r2
1000116c:	d322      	bcc.n	100011b4 <hw_claim_unused_from_range+0x78>
1000116e:	08d3      	lsrs	r3, r2, #3
10001170:	f810 e003 	ldrb.w	lr, [r0, r3]
10001174:	f002 0c07 	and.w	ip, r2, #7
10001178:	fa04 fc0c 	lsl.w	ip, r4, ip
1000117c:	ea1e 0f0c 	tst.w	lr, ip
10001180:	d1f2      	bne.n	10001168 <hw_claim_unused_from_range+0x2c>
10001182:	ea4e 0e0c 	orr.w	lr, lr, ip
10001186:	f800 e003 	strb.w	lr, [r0, r3]
1000118a:	4610      	mov	r0, r2
1000118c:	2300      	movs	r3, #0
1000118e:	e8c5 3f8f 	stlb	r3, [r5]
10001192:	f386 8810 	msr	PRIMASK, r6
10001196:	4298      	cmp	r0, r3
10001198:	db07      	blt.n	100011aa <hw_claim_unused_from_range+0x6e>
1000119a:	bdf8      	pop	{r3, r4, r5, r6, r7, pc}
1000119c:	2300      	movs	r3, #0
1000119e:	e8c5 3f8f 	stlb	r3, [r5]
100011a2:	f386 8810 	msr	PRIMASK, r6
100011a6:	f04f 30ff 	mov.w	r0, #4294967295	@ 0xffffffff
100011aa:	2f00      	cmp	r7, #0
100011ac:	d0f5      	beq.n	1000119a <hw_claim_unused_from_range+0x5e>
100011ae:	9806      	ldr	r0, [sp, #24]
100011b0:	f7ff ff80 	bl	100010b4 <panic>
100011b4:	f04f 30ff 	mov.w	r0, #4294967295	@ 0xffffffff
100011b8:	e7e8      	b.n	1000118c <hw_claim_unused_from_range+0x50>
100011ba:	bf00      	nop
100011bc:	200022c7 	.word	0x200022c7

100011c0 <next_striped_spin_lock_num>:
100011c0:	4a04      	ldr	r2, [pc, #16]	@ (100011d4 <next_striped_spin_lock_num+0x14>)
100011c2:	7810      	ldrb	r0, [r2, #0]
100011c4:	1c43      	adds	r3, r0, #1
100011c6:	b2db      	uxtb	r3, r3
100011c8:	2b18      	cmp	r3, #24
100011ca:	bf28      	it	cs
100011cc:	2310      	movcs	r3, #16
100011ce:	7013      	strb	r3, [r2, #0]
100011d0:	4770      	bx	lr
100011d2:	bf00      	nop
100011d4:	200014d0 	.word	0x200014d0

100011d8 <spin_lock_claim_unused>:
100011d8:	b500      	push	{lr}
100011da:	f8df c01c 	ldr.w	ip, [pc, #28]	@ 100011f8 <spin_lock_claim_unused+0x20>
100011de:	b083      	sub	sp, #12
100011e0:	4601      	mov	r1, r0
100011e2:	231f      	movs	r3, #31
100011e4:	2218      	movs	r2, #24
100011e6:	f8cd c000 	str.w	ip, [sp]
100011ea:	4802      	ldr	r0, [pc, #8]	@ (100011f4 <spin_lock_claim_unused+0x1c>)
100011ec:	f7ff ffa6 	bl	1000113c <hw_claim_unused_from_range>
100011f0:	b003      	add	sp, #12
100011f2:	bd00      	pop	{pc}
100011f4:	200026dc 	.word	0x200026dc
100011f8:	1000b0e4 	.word	0x1000b0e4

100011fc <spinlock_set_extexclall>:
100011fc:	f04f 22e0 	mov.w	r2, #3758153728	@ 0xe000e000
10001200:	6893      	ldr	r3, [r2, #8]
10001202:	f043 5300 	orr.w	r3, r3, #536870912	@ 0x20000000
10001206:	6093      	str	r3, [r2, #8]
10001208:	4770      	bx	lr
1000120a:	bf00      	nop

1000120c <spin_locks_reset>:
1000120c:	2100      	movs	r1, #0
1000120e:	4b04      	ldr	r3, [pc, #16]	@ (10001220 <spin_locks_reset+0x14>)
10001210:	f103 0220 	add.w	r2, r3, #32
10001214:	e8c3 1f8f 	stlb	r1, [r3]
10001218:	3301      	adds	r3, #1
1000121a:	4293      	cmp	r3, r2
1000121c:	d1fa      	bne.n	10001214 <spin_locks_reset+0x8>
1000121e:	4770      	bx	lr
10001220:	200022bc 	.word	0x200022bc

10001224 <runtime_init_per_core_irq_priorities>:
10001224:	f04f 23e0 	mov.w	r3, #3758153728	@ 0xe000e000
10001228:	f04f 3280 	mov.w	r2, #2155905152	@ 0x80808080
1000122c:	f8c3 2400 	str.w	r2, [r3, #1024]	@ 0x400
10001230:	f8c3 2404 	str.w	r2, [r3, #1028]	@ 0x404
10001234:	f8c3 2408 	str.w	r2, [r3, #1032]	@ 0x408
10001238:	f8c3 240c 	str.w	r2, [r3, #1036]	@ 0x40c
1000123c:	f8c3 2410 	str.w	r2, [r3, #1040]	@ 0x410
10001240:	f8c3 2414 	str.w	r2, [r3, #1044]	@ 0x414
10001244:	f8c3 2418 	str.w	r2, [r3, #1048]	@ 0x418
10001248:	f8c3 241c 	str.w	r2, [r3, #1052]	@ 0x41c
1000124c:	f8c3 2420 	str.w	r2, [r3, #1056]	@ 0x420
10001250:	f8c3 2424 	str.w	r2, [r3, #1060]	@ 0x424
10001254:	f8c3 2428 	str.w	r2, [r3, #1064]	@ 0x428
10001258:	f8c3 242c 	str.w	r2, [r3, #1068]	@ 0x42c
1000125c:	f8c3 2430 	str.w	r2, [r3, #1072]	@ 0x430
10001260:	b662      	cpsie	i
10001262:	4770      	bx	lr

10001264 <irq_set_enabled>:
10001264:	2301      	movs	r3, #1
10001266:	f000 021f 	and.w	r2, r0, #31
1000126a:	4093      	lsls	r3, r2
1000126c:	0940      	lsrs	r0, r0, #5
1000126e:	b141      	cbz	r1, 10001282 <irq_set_enabled+0x1e>
10001270:	0080      	lsls	r0, r0, #2
10001272:	f100 4060 	add.w	r0, r0, #3758096384	@ 0xe0000000
10001276:	f500 4061 	add.w	r0, r0, #57600	@ 0xe100
1000127a:	f8c0 3180 	str.w	r3, [r0, #384]	@ 0x180
1000127e:	6003      	str	r3, [r0, #0]
10001280:	4770      	bx	lr
10001282:	4a02      	ldr	r2, [pc, #8]	@ (1000128c <irq_set_enabled+0x28>)
10001284:	3020      	adds	r0, #32
10001286:	f842 3020 	str.w	r3, [r2, r0, lsl #2]
1000128a:	4770      	bx	lr
1000128c:	e000e100 	.word	0xe000e100

10001290 <irq_is_enabled>:
10001290:	2301      	movs	r3, #1
10001292:	4a06      	ldr	r2, [pc, #24]	@ (100012ac <irq_is_enabled+0x1c>)
10001294:	0941      	lsrs	r1, r0, #5
10001296:	f852 2021 	ldr.w	r2, [r2, r1, lsl #2]
1000129a:	f000 001f 	and.w	r0, r0, #31
1000129e:	4083      	lsls	r3, r0
100012a0:	4213      	tst	r3, r2
100012a2:	bf14      	ite	ne
100012a4:	2001      	movne	r0, #1
100012a6:	2000      	moveq	r0, #0
100012a8:	4770      	bx	lr
100012aa:	bf00      	nop
100012ac:	e000e100 	.word	0xe000e100

100012b0 <irq_set_pending>:
100012b0:	2201      	movs	r2, #1
100012b2:	0943      	lsrs	r3, r0, #5
100012b4:	4903      	ldr	r1, [pc, #12]	@ (100012c4 <irq_set_pending+0x14>)
100012b6:	f000 001f 	and.w	r0, r0, #31
100012ba:	4082      	lsls	r2, r0
100012bc:	3340      	adds	r3, #64	@ 0x40
100012be:	f841 2023 	str.w	r2, [r1, r3, lsl #2]
100012c2:	4770      	bx	lr
100012c4:	e000e100 	.word	0xe000e100

100012c8 <irq_has_shared_handler>:
100012c8:	4a05      	ldr	r2, [pc, #20]	@ (100012e0 <irq_has_shared_handler+0x18>)
100012ca:	3010      	adds	r0, #16
100012cc:	6892      	ldr	r2, [r2, #8]
100012ce:	4b05      	ldr	r3, [pc, #20]	@ (100012e4 <irq_has_shared_handler+0x1c>)
100012d0:	f852 0020 	ldr.w	r0, [r2, r0, lsl #2]
100012d4:	1ac0      	subs	r0, r0, r3
100012d6:	282f      	cmp	r0, #47	@ 0x2f
100012d8:	bf8c      	ite	hi
100012da:	2000      	movhi	r0, #0
100012dc:	2001      	movls	r0, #1
100012de:	4770      	bx	lr
100012e0:	e000ed00 	.word	0xe000ed00
100012e4:	200014d4 	.word	0x200014d4

100012e8 <irq_set_exclusive_handler>:
100012e8:	b510      	push	{r4, lr}
100012ea:	b082      	sub	sp, #8
100012ec:	f3ef 8410 	mrs	r4, PRIMASK
100012f0:	b672      	cpsid	i
100012f2:	4b16      	ldr	r3, [pc, #88]	@ (1000134c <irq_set_exclusive_handler+0x64>)
100012f4:	e8d3 cfcf 	ldaexb	ip, [r3]
100012f8:	2201      	movs	r2, #1
100012fa:	f1bc 0f00 	cmp.w	ip, #0
100012fe:	d1f9      	bne.n	100012f4 <irq_set_exclusive_handler+0xc>
10001300:	e8c3 2f4c 	strexb	ip, r2, [r3]
10001304:	f1bc 0f00 	cmp.w	ip, #0
10001308:	d1f4      	bne.n	100012f4 <irq_set_exclusive_handler+0xc>
1000130a:	f3bf 8f5f 	dmb	sy
1000130e:	4a10      	ldr	r2, [pc, #64]	@ (10001350 <irq_set_exclusive_handler+0x68>)
10001310:	3010      	adds	r0, #16
10001312:	6892      	ldr	r2, [r2, #8]
10001314:	f8df c03c 	ldr.w	ip, [pc, #60]	@ 10001354 <irq_set_exclusive_handler+0x6c>
10001318:	f852 2020 	ldr.w	r2, [r2, r0, lsl #2]
1000131c:	4562      	cmp	r2, ip
1000131e:	d008      	beq.n	10001332 <irq_set_exclusive_handler+0x4a>
10001320:	4291      	cmp	r1, r2
10001322:	d006      	beq.n	10001332 <irq_set_exclusive_handler+0x4a>
10001324:	e9cd 0100 	strd	r0, r1, [sp]
10001328:	f001 f86e 	bl	10002408 <hard_assertion_failure>
1000132c:	9901      	ldr	r1, [sp, #4]
1000132e:	4b07      	ldr	r3, [pc, #28]	@ (1000134c <irq_set_exclusive_handler+0x64>)
10001330:	9800      	ldr	r0, [sp, #0]
10001332:	4a07      	ldr	r2, [pc, #28]	@ (10001350 <irq_set_exclusive_handler+0x68>)
10001334:	6892      	ldr	r2, [r2, #8]
10001336:	f842 1020 	str.w	r1, [r2, r0, lsl #2]
1000133a:	f3bf 8f5f 	dmb	sy
1000133e:	2200      	movs	r2, #0
10001340:	e8c3 2f8f 	stlb	r2, [r3]
10001344:	f384 8810 	msr	PRIMASK, r4
10001348:	b002      	add	sp, #8
1000134a:	bd10      	pop	{r4, pc}
1000134c:	200022c5 	.word	0x200022c5
10001350:	e000ed00 	.word	0xe000ed00
10001354:	10000111 	.word	0x10000111

10001358 <irq_add_shared_handler>:
10001358:	e92d 4ff0 	stmdb	sp!, {r4, r5, r6, r7, r8, r9, sl, fp, lr}
1000135c:	4606      	mov	r6, r0
1000135e:	468a      	mov	sl, r1
10001360:	4615      	mov	r5, r2
10001362:	b083      	sub	sp, #12
10001364:	f3ef 8810 	mrs	r8, PRIMASK
10001368:	b672      	cpsid	i
1000136a:	4f71      	ldr	r7, [pc, #452]	@ (10001530 <irq_add_shared_handler+0x1d8>)
1000136c:	e8d7 2fcf 	ldaexb	r2, [r7]
10001370:	2301      	movs	r3, #1
10001372:	2a00      	cmp	r2, #0
10001374:	d1fa      	bne.n	1000136c <irq_add_shared_handler+0x14>
10001376:	e8c7 3f42 	strexb	r2, r3, [r7]
1000137a:	2a00      	cmp	r2, #0
1000137c:	d1f6      	bne.n	1000136c <irq_add_shared_handler+0x14>
1000137e:	f3bf 8f5f 	dmb	sy
10001382:	496c      	ldr	r1, [pc, #432]	@ (10001534 <irq_add_shared_handler+0x1dc>)
10001384:	f991 2000 	ldrsb.w	r2, [r1]
10001388:	2a00      	cmp	r2, #0
1000138a:	db7b      	blt.n	10001484 <irq_add_shared_handler+0x12c>
1000138c:	486a      	ldr	r0, [pc, #424]	@ (10001538 <irq_add_shared_handler+0x1e0>)
1000138e:	eb02 0442 	add.w	r4, r2, r2, lsl #1
10001392:	eb00 0384 	add.w	r3, r0, r4, lsl #2
10001396:	f893 c006 	ldrb.w	ip, [r3, #6]
1000139a:	3610      	adds	r6, #16
1000139c:	f881 c000 	strb.w	ip, [r1]
100013a0:	4966      	ldr	r1, [pc, #408]	@ (1000153c <irq_add_shared_handler+0x1e4>)
100013a2:	00a4      	lsls	r4, r4, #2
100013a4:	6889      	ldr	r1, [r1, #8]
100013a6:	ea4f 0b42 	mov.w	fp, r2, lsl #1
100013aa:	f851 e026 	ldr.w	lr, [r1, r6, lsl #2]
100013ae:	ebae 0100 	sub.w	r1, lr, r0
100013b2:	292f      	cmp	r1, #47	@ 0x2f
100013b4:	d92e      	bls.n	10001414 <irq_add_shared_handler+0xbc>
100013b6:	4962      	ldr	r1, [pc, #392]	@ (10001540 <irq_add_shared_handler+0x1e8>)
100013b8:	458e      	cmp	lr, r1
100013ba:	f040 8084 	bne.w	100014c6 <irq_add_shared_handler+0x16e>
100013be:	f043 0e01 	orr.w	lr, r3, #1
100013c2:	4b60      	ldr	r3, [pc, #384]	@ (10001544 <irq_add_shared_handler+0x1ec>)
100013c4:	3402      	adds	r4, #2
100013c6:	4404      	add	r4, r0
100013c8:	3b04      	subs	r3, #4
100013ca:	1b1b      	subs	r3, r3, r4
100013cc:	f3c3 034a 	ubfx	r3, r3, #1, #11
100013d0:	ea6f 43c3 	mvn.w	r3, r3, lsl #19
100013d4:	f44f 4121 	mov.w	r1, #41216	@ 0xa100
100013d8:	ea6f 43d3 	mvn.w	r3, r3, lsr #19
100013dc:	445a      	add	r2, fp
100013de:	f820 1022 	strh.w	r1, [r0, r2, lsl #2]
100013e2:	eb00 0282 	add.w	r2, r0, r2, lsl #2
100013e6:	8053      	strh	r3, [r2, #2]
100013e8:	f64b 5301 	movw	r3, #48385	@ 0xbd01
100013ec:	8093      	strh	r3, [r2, #4]
100013ee:	23ff      	movs	r3, #255	@ 0xff
100013f0:	71d5      	strb	r5, [r2, #7]
100013f2:	f8c2 a008 	str.w	sl, [r2, #8]
100013f6:	7193      	strb	r3, [r2, #6]
100013f8:	4b50      	ldr	r3, [pc, #320]	@ (1000153c <irq_add_shared_handler+0x1e4>)
100013fa:	689b      	ldr	r3, [r3, #8]
100013fc:	f843 e026 	str.w	lr, [r3, r6, lsl #2]
10001400:	f3bf 8f5f 	dmb	sy
10001404:	2300      	movs	r3, #0
10001406:	e8c7 3f8f 	stlb	r3, [r7]
1000140a:	f388 8810 	msr	PRIMASK, r8
1000140e:	b003      	add	sp, #12
10001410:	e8bd 8ff0 	ldmia.w	sp!, {r4, r5, r6, r7, r8, r9, sl, fp, pc}
10001414:	f02e 0c01 	bic.w	ip, lr, #1
10001418:	f89c 1007 	ldrb.w	r1, [ip, #7]
1000141c:	42a9      	cmp	r1, r5
1000141e:	d95a      	bls.n	100014d6 <irq_add_shared_handler+0x17e>
10001420:	46b1      	mov	r9, r6
10001422:	9401      	str	r4, [sp, #4]
10001424:	461e      	mov	r6, r3
10001426:	e003      	b.n	10001430 <irq_add_shared_handler+0xd8>
10001428:	79cb      	ldrb	r3, [r1, #7]
1000142a:	42ab      	cmp	r3, r5
1000142c:	d930      	bls.n	10001490 <irq_add_shared_handler+0x138>
1000142e:	468c      	mov	ip, r1
10001430:	f99c 4006 	ldrsb.w	r4, [ip, #6]
10001434:	eb04 0144 	add.w	r1, r4, r4, lsl #1
10001438:	2c00      	cmp	r4, #0
1000143a:	eb00 0181 	add.w	r1, r0, r1, lsl #2
1000143e:	daf3      	bge.n	10001428 <irq_add_shared_handler+0xd0>
10001440:	9400      	str	r4, [sp, #0]
10001442:	f64b 5401 	movw	r4, #48385	@ 0xbd01
10001446:	4633      	mov	r3, r6
10001448:	464e      	mov	r6, r9
1000144a:	f10c 0904 	add.w	r9, ip, #4
1000144e:	3b04      	subs	r3, #4
10001450:	eba3 0309 	sub.w	r3, r3, r9
10001454:	f3c3 034a 	ubfx	r3, r3, #1, #11
10001458:	ea6f 43c3 	mvn.w	r3, r3, lsl #19
1000145c:	ea6f 43d3 	mvn.w	r3, r3, lsr #19
10001460:	f8ac 3004 	strh.w	r3, [ip, #4]
10001464:	4b38      	ldr	r3, [pc, #224]	@ (10001548 <irq_add_shared_handler+0x1f0>)
10001466:	eb0b 0102 	add.w	r1, fp, r2
1000146a:	f88c 2006 	strb.w	r2, [ip, #6]
1000146e:	f840 3021 	str.w	r3, [r0, r1, lsl #2]
10001472:	9b00      	ldr	r3, [sp, #0]
10001474:	eb00 0281 	add.w	r2, r0, r1, lsl #2
10001478:	8094      	strh	r4, [r2, #4]
1000147a:	7193      	strb	r3, [r2, #6]
1000147c:	71d5      	strb	r5, [r2, #7]
1000147e:	f8c2 a008 	str.w	sl, [r2, #8]
10001482:	e7b9      	b.n	100013f8 <irq_add_shared_handler+0xa0>
10001484:	f000 ffc0 	bl	10002408 <hard_assertion_failure>
10001488:	492a      	ldr	r1, [pc, #168]	@ (10001534 <irq_add_shared_handler+0x1dc>)
1000148a:	f991 2000 	ldrsb.w	r2, [r1]
1000148e:	e77d      	b.n	1000138c <irq_add_shared_handler+0x34>
10001490:	f06f 0107 	mvn.w	r1, #7
10001494:	9400      	str	r4, [sp, #0]
10001496:	9c01      	ldr	r4, [sp, #4]
10001498:	4633      	mov	r3, r6
1000149a:	1b0c      	subs	r4, r1, r4
1000149c:	4661      	mov	r1, ip
1000149e:	1a24      	subs	r4, r4, r0
100014a0:	9401      	str	r4, [sp, #4]
100014a2:	f831 4f04 	ldrh.w	r4, [r1, #4]!
100014a6:	464e      	mov	r6, r9
100014a8:	f344 040a 	sbfx	r4, r4, #0, #11
100014ac:	3402      	adds	r4, #2
100014ae:	eb01 0444 	add.w	r4, r1, r4, lsl #1
100014b2:	4689      	mov	r9, r1
100014b4:	9901      	ldr	r1, [sp, #4]
100014b6:	440c      	add	r4, r1
100014b8:	f3c4 044a 	ubfx	r4, r4, #1, #11
100014bc:	ea6f 44c4 	mvn.w	r4, r4, lsl #19
100014c0:	ea6f 44d4 	mvn.w	r4, r4, lsr #19
100014c4:	e7c3      	b.n	1000144e <irq_add_shared_handler+0xf6>
100014c6:	e9cd 2300 	strd	r2, r3, [sp]
100014ca:	f000 ff9d 	bl	10002408 <hard_assertion_failure>
100014ce:	e9dd 2300 	ldrd	r2, r3, [sp]
100014d2:	4819      	ldr	r0, [pc, #100]	@ (10001538 <irq_add_shared_handler+0x1e0>)
100014d4:	e773      	b.n	100013be <irq_add_shared_handler+0x66>
100014d6:	4a1b      	ldr	r2, [pc, #108]	@ (10001544 <irq_add_shared_handler+0x1ec>)
100014d8:	1ca1      	adds	r1, r4, #2
100014da:	71dd      	strb	r5, [r3, #7]
100014dc:	4401      	add	r1, r0
100014de:	3a04      	subs	r2, #4
100014e0:	1d25      	adds	r5, r4, #4
100014e2:	1a52      	subs	r2, r2, r1
100014e4:	4405      	add	r5, r0
100014e6:	f1ac 0104 	sub.w	r1, ip, #4
100014ea:	1b49      	subs	r1, r1, r5
100014ec:	f3c1 014a 	ubfx	r1, r1, #1, #11
100014f0:	ea6f 41c1 	mvn.w	r1, r1, lsl #19
100014f4:	f3c2 024a 	ubfx	r2, r2, #1, #11
100014f8:	ea6f 42c2 	mvn.w	r2, r2, lsl #19
100014fc:	ea6f 41d1 	mvn.w	r1, r1, lsr #19
10001500:	f44f 4e21 	mov.w	lr, #41216	@ 0xa100
10001504:	ea6f 42d2 	mvn.w	r2, r2, lsr #19
10001508:	8099      	strh	r1, [r3, #4]
1000150a:	490f      	ldr	r1, [pc, #60]	@ (10001548 <irq_add_shared_handler+0x1f0>)
1000150c:	f820 e004 	strh.w	lr, [r0, r4]
10001510:	805a      	strh	r2, [r3, #2]
10001512:	f64a 25aa 	movw	r5, #43690	@ 0xaaaa
10001516:	4662      	mov	r2, ip
10001518:	1a12      	subs	r2, r2, r0
1000151a:	4152      	adcs	r2, r2
1000151c:	4355      	muls	r5, r2
1000151e:	0d2d      	lsrs	r5, r5, #20
10001520:	f8c3 a008 	str.w	sl, [r3, #8]
10001524:	719d      	strb	r5, [r3, #6]
10001526:	f043 0e01 	orr.w	lr, r3, #1
1000152a:	f8cc 1000 	str.w	r1, [ip]
1000152e:	e763      	b.n	100013f8 <irq_add_shared_handler+0xa0>
10001530:	200022c5 	.word	0x200022c5
10001534:	20002cb1 	.word	0x20002cb1
10001538:	200014d4 	.word	0x200014d4
1000153c:	e000ed00 	.word	0xe000ed00
10001540:	10000111 	.word	0x10000111
10001544:	20001504 	.word	0x20001504
10001548:	47804801 	.word	0x47804801

1000154c <irq_add_tail_to_free_list>:
1000154c:	e92d 41f0 	stmdb	sp!, {r4, r5, r6, r7, r8, lr}
10001550:	f3ef 8305 	mrs	r3, IPSR
10001554:	b2db      	uxtb	r3, r3
10001556:	469e      	mov	lr, r3
10001558:	f3ef 8510 	mrs	r5, PRIMASK
1000155c:	b672      	cpsid	i
1000155e:	4929      	ldr	r1, [pc, #164]	@ (10001604 <irq_add_tail_to_free_list+0xb8>)
10001560:	e8d1 2fcf 	ldaexb	r2, [r1]
10001564:	2301      	movs	r3, #1
10001566:	2a00      	cmp	r2, #0
10001568:	d1fa      	bne.n	10001560 <irq_add_tail_to_free_list+0x14>
1000156a:	e8c1 3f42 	strexb	r2, r3, [r1]
1000156e:	2a00      	cmp	r2, #0
10001570:	d1f6      	bne.n	10001560 <irq_add_tail_to_free_list+0x14>
10001572:	f3bf 8f5f 	dmb	sy
10001576:	f8df 809c 	ldr.w	r8, [pc, #156]	@ 10001614 <irq_add_tail_to_free_list+0xc8>
1000157a:	f040 0601 	orr.w	r6, r0, #1
1000157e:	f8d8 7008 	ldr.w	r7, [r8, #8]
10001582:	f64a 23aa 	movw	r3, #43690	@ 0xaaaa
10001586:	f857 702e 	ldr.w	r7, [r7, lr, lsl #2]
1000158a:	4604      	mov	r4, r0
1000158c:	4a1e      	ldr	r2, [pc, #120]	@ (10001608 <irq_add_tail_to_free_list+0xbc>)
1000158e:	1aa4      	subs	r4, r4, r2
10001590:	4164      	adcs	r4, r4
10001592:	4363      	muls	r3, r4
10001594:	0d1b      	lsrs	r3, r3, #20
10001596:	42b7      	cmp	r7, r6
10001598:	b25b      	sxtb	r3, r3
1000159a:	d01e      	beq.n	100015da <irq_add_tail_to_free_list+0x8e>
1000159c:	f992 4006 	ldrsb.w	r4, [r2, #6]
100015a0:	429c      	cmp	r4, r3
100015a2:	d020      	beq.n	100015e6 <irq_add_tail_to_free_list+0x9a>
100015a4:	f992 4012 	ldrsb.w	r4, [r2, #18]
100015a8:	429c      	cmp	r4, r3
100015aa:	d027      	beq.n	100015fc <irq_add_tail_to_free_list+0xb0>
100015ac:	f992 401e 	ldrsb.w	r4, [r2, #30]
100015b0:	429c      	cmp	r4, r3
100015b2:	d025      	beq.n	10001600 <irq_add_tail_to_free_list+0xb4>
100015b4:	f992 402a 	ldrsb.w	r4, [r2, #42]	@ 0x2a
100015b8:	429c      	cmp	r4, r3
100015ba:	bf08      	it	eq
100015bc:	2403      	moveq	r4, #3
100015be:	d013      	beq.n	100015e8 <irq_add_tail_to_free_list+0x9c>
100015c0:	4a12      	ldr	r2, [pc, #72]	@ (1000160c <irq_add_tail_to_free_list+0xc0>)
100015c2:	2400      	movs	r4, #0
100015c4:	f892 c000 	ldrb.w	ip, [r2]
100015c8:	7013      	strb	r3, [r2, #0]
100015ca:	f880 c006 	strb.w	ip, [r0, #6]
100015ce:	e8c1 4f8f 	stlb	r4, [r1]
100015d2:	f385 8810 	msr	PRIMASK, r5
100015d6:	e8bd 81f0 	ldmia.w	sp!, {r4, r5, r6, r7, r8, pc}
100015da:	f8d8 2008 	ldr.w	r2, [r8, #8]
100015de:	4c0c      	ldr	r4, [pc, #48]	@ (10001610 <irq_add_tail_to_free_list+0xc4>)
100015e0:	f842 402e 	str.w	r4, [r2, lr, lsl #2]
100015e4:	e7ec      	b.n	100015c0 <irq_add_tail_to_free_list+0x74>
100015e6:	2400      	movs	r4, #0
100015e8:	eb04 0444 	add.w	r4, r4, r4, lsl #1
100015ec:	eb02 0284 	add.w	r2, r2, r4, lsl #2
100015f0:	24ff      	movs	r4, #255	@ 0xff
100015f2:	7194      	strb	r4, [r2, #6]
100015f4:	f64b 5401 	movw	r4, #48385	@ 0xbd01
100015f8:	8094      	strh	r4, [r2, #4]
100015fa:	e7e1      	b.n	100015c0 <irq_add_tail_to_free_list+0x74>
100015fc:	2401      	movs	r4, #1
100015fe:	e7f3      	b.n	100015e8 <irq_add_tail_to_free_list+0x9c>
10001600:	2402      	movs	r4, #2
10001602:	e7f1      	b.n	100015e8 <irq_add_tail_to_free_list+0x9c>
10001604:	200022c5 	.word	0x200022c5
10001608:	200014d4 	.word	0x200014d4
1000160c:	20002cb1 	.word	0x20002cb1
10001610:	10000111 	.word	0x10000111
10001614:	e000ed00 	.word	0xe000ed00

10001618 <user_irq_claim_unused>:
10001618:	b500      	push	{lr}
1000161a:	f8df c024 	ldr.w	ip, [pc, #36]	@ 10001640 <user_irq_claim_unused+0x28>
1000161e:	b083      	sub	sp, #12
10001620:	4601      	mov	r1, r0
10001622:	2305      	movs	r3, #5
10001624:	2200      	movs	r2, #0
10001626:	f8cd c000 	str.w	ip, [sp]
1000162a:	4804      	ldr	r0, [pc, #16]	@ (1000163c <user_irq_claim_unused+0x24>)
1000162c:	f7ff fd86 	bl	1000113c <hw_claim_unused_from_range>
10001630:	2800      	cmp	r0, #0
10001632:	bfa8      	it	ge
10001634:	f1c0 0033 	rsbge	r0, r0, #51	@ 0x33
10001638:	b003      	add	sp, #12
1000163a:	bd00      	pop	{pc}
1000163c:	20002cb9 	.word	0x20002cb9
10001640:	1000b100 	.word	0x1000b100

10001644 <lock_init>:
10001644:	4b01      	ldr	r3, [pc, #4]	@ (1000164c <lock_init+0x8>)
10001646:	440b      	add	r3, r1
10001648:	6003      	str	r3, [r0, #0]
1000164a:	4770      	bx	lr
1000164c:	200022bc 	.word	0x200022bc

10001650 <runtime_init_mutex>:
10001650:	b570      	push	{r4, r5, r6, lr}
10001652:	4c10      	ldr	r4, [pc, #64]	@ (10001694 <runtime_init_mutex+0x44>)
10001654:	4d10      	ldr	r5, [pc, #64]	@ (10001698 <runtime_init_mutex+0x48>)
10001656:	42ac      	cmp	r4, r5
10001658:	d20e      	bcs.n	10001678 <runtime_init_mutex+0x28>
1000165a:	26ff      	movs	r6, #255	@ 0xff
1000165c:	6823      	ldr	r3, [r4, #0]
1000165e:	b163      	cbz	r3, 1000167a <runtime_init_mutex+0x2a>
10001660:	f7ff fdae 	bl	100011c0 <next_striped_spin_lock_num>
10001664:	4601      	mov	r1, r0
10001666:	4620      	mov	r0, r4
10001668:	f7ff ffec 	bl	10001644 <lock_init>
1000166c:	80a6      	strh	r6, [r4, #4]
1000166e:	f3bf 8f5f 	dmb	sy
10001672:	3408      	adds	r4, #8
10001674:	42ac      	cmp	r4, r5
10001676:	d3f1      	bcc.n	1000165c <runtime_init_mutex+0xc>
10001678:	bd70      	pop	{r4, r5, r6, pc}
1000167a:	f7ff fda1 	bl	100011c0 <next_striped_spin_lock_num>
1000167e:	4601      	mov	r1, r0
10001680:	4620      	mov	r0, r4
10001682:	f7ff ffdf 	bl	10001644 <lock_init>
10001686:	7126      	strb	r6, [r4, #4]
10001688:	f3bf 8f5f 	dmb	sy
1000168c:	3408      	adds	r4, #8
1000168e:	42ac      	cmp	r4, r5
10001690:	d3e4      	bcc.n	1000165c <runtime_init_mutex+0xc>
10001692:	bd70      	pop	{r4, r5, r6, pc}
10001694:	20001de8 	.word	0x20001de8
10001698:	20001df0 	.word	0x20001df0

1000169c <mutex_init>:
1000169c:	b510      	push	{r4, lr}
1000169e:	4604      	mov	r4, r0
100016a0:	f7ff fd8e 	bl	100011c0 <next_striped_spin_lock_num>
100016a4:	4601      	mov	r1, r0
100016a6:	4620      	mov	r0, r4
100016a8:	f7ff ffcc 	bl	10001644 <lock_init>
100016ac:	23ff      	movs	r3, #255	@ 0xff
100016ae:	7123      	strb	r3, [r4, #4]
100016b0:	f3bf 8f5f 	dmb	sy
100016b4:	bd10      	pop	{r4, pc}
100016b6:	bf00      	nop

100016b8 <critical_section_init>:
100016b8:	b510      	push	{r4, lr}
100016ba:	4604      	mov	r4, r0
100016bc:	2001      	movs	r0, #1
100016be:	f7ff fd8b 	bl	100011d8 <spin_lock_claim_unused>
100016c2:	4b03      	ldr	r3, [pc, #12]	@ (100016d0 <critical_section_init+0x18>)
100016c4:	4403      	add	r3, r0
100016c6:	6023      	str	r3, [r4, #0]
100016c8:	f3bf 8f5f 	dmb	sy
100016cc:	bd10      	pop	{r4, pc}
100016ce:	bf00      	nop
100016d0:	200022bc 	.word	0x200022bc

100016d4 <critical_section_init_with_lock_num>:
100016d4:	4b02      	ldr	r3, [pc, #8]	@ (100016e0 <critical_section_init_with_lock_num+0xc>)
100016d6:	440b      	add	r3, r1
100016d8:	6003      	str	r3, [r0, #0]
100016da:	f3bf 8f5f 	dmb	sy
100016de:	4770      	bx	lr
100016e0:	200022bc 	.word	0x200022bc

100016e4 <sleep_until_callback>:
100016e4:	4b0d      	ldr	r3, [pc, #52]	@ (1000171c <sleep_until_callback+0x38>)
100016e6:	681a      	ldr	r2, [r3, #0]
100016e8:	f3ef 8110 	mrs	r1, PRIMASK
100016ec:	b672      	cpsid	i
100016ee:	e8d2 cfcf 	ldaexb	ip, [r2]
100016f2:	2001      	movs	r0, #1
100016f4:	f1bc 0f00 	cmp.w	ip, #0
100016f8:	d1f9      	bne.n	100016ee <sleep_until_callback+0xa>
100016fa:	e8c2 0f4c 	strexb	ip, r0, [r2]
100016fe:	f1bc 0f00 	cmp.w	ip, #0
10001702:	d1f4      	bne.n	100016ee <sleep_until_callback+0xa>
10001704:	f3bf 8f5f 	dmb	sy
10001708:	2200      	movs	r2, #0
1000170a:	681b      	ldr	r3, [r3, #0]
1000170c:	e8c3 2f8f 	stlb	r2, [r3]
10001710:	f381 8810 	msr	PRIMASK, r1
10001714:	bf40      	sev
10001716:	2000      	movs	r0, #0
10001718:	2100      	movs	r1, #0
1000171a:	4770      	bx	lr
1000171c:	20002c80 	.word	0x20002c80

10001720 <alarm_pool_irq_handler>:
10001720:	e92d 4ff0 	stmdb	sp!, {r4, r5, r6, r7, r8, r9, sl, fp, lr}
10001724:	ed2d 8b02 	vpush	{d8}
10001728:	b085      	sub	sp, #20
1000172a:	f3ef 8305 	mrs	r3, IPSR
1000172e:	b2db      	uxtb	r3, r3
10001730:	3b10      	subs	r3, #16
10001732:	089a      	lsrs	r2, r3, #2
10001734:	bf18      	it	ne
10001736:	2201      	movne	r2, #1
10001738:	f04f 0101 	mov.w	r1, #1
1000173c:	f003 0b03 	and.w	fp, r3, #3
10001740:	bf18      	it	ne
10001742:	4ca9      	ldrne	r4, [pc, #676]	@ (100019e8 <alarm_pool_irq_handler+0x2c8>)
10001744:	4ba9      	ldr	r3, [pc, #676]	@ (100019ec <alarm_pool_irq_handler+0x2cc>)
10001746:	bf08      	it	eq
10001748:	4ca9      	ldreq	r4, [pc, #676]	@ (100019f0 <alarm_pool_irq_handler+0x2d0>)
1000174a:	eb0b 0282 	add.w	r2, fp, r2, lsl #2
1000174e:	f853 5022 	ldr.w	r5, [r3, r2, lsl #2]
10001752:	fa01 f20b 	lsl.w	r2, r1, fp
10001756:	f504 5341 	add.w	r3, r4, #12352	@ 0x3040
1000175a:	ed9f 8ba1 	vldr	d8, [pc, #644]	@ 100019e0 <alarm_pool_irq_handler+0x2c0>
1000175e:	9202      	str	r2, [sp, #8]
10001760:	605a      	str	r2, [r3, #4]
10001762:	e02f      	b.n	100017c4 <alarm_pool_irq_handler+0xa4>
10001764:	88ab      	ldrh	r3, [r5, #4]
10001766:	0419      	lsls	r1, r3, #16
10001768:	f140 8094 	bpl.w	10001894 <alarm_pool_irq_handler+0x174>
1000176c:	79ab      	ldrb	r3, [r5, #6]
1000176e:	2b00      	cmp	r3, #0
10001770:	f040 80de 	bne.w	10001930 <alarm_pool_irq_handler+0x210>
10001774:	f9b5 6008 	ldrsh.w	r6, [r5, #8]
10001778:	2e00      	cmp	r6, #0
1000177a:	f2c0 811c 	blt.w	100019b6 <alarm_pool_irq_handler+0x296>
1000177e:	696b      	ldr	r3, [r5, #20]
10001780:	eb06 0646 	add.w	r6, r6, r6, lsl #1
10001784:	eb03 03c6 	add.w	r3, r3, r6, lsl #3
10001788:	e9d3 6702 	ldrd	r6, r7, [r3, #8]
1000178c:	f1b7 3fff 	cmp.w	r7, #4294967295	@ 0xffffffff
10001790:	bf08      	it	eq
10001792:	f1b6 3fff 	cmpeq.w	r6, #4294967295	@ 0xffffffff
10001796:	d00e      	beq.n	100017b6 <alarm_pool_irq_handler+0x96>
10001798:	eb04 018b 	add.w	r1, r4, fp, lsl #2
1000179c:	6aa3      	ldr	r3, [r4, #40]	@ 0x28
1000179e:	690a      	ldr	r2, [r1, #16]
100017a0:	1ad2      	subs	r2, r2, r3
100017a2:	1af3      	subs	r3, r6, r3
100017a4:	4293      	cmp	r3, r2
100017a6:	d305      	bcc.n	100017b4 <alarm_pool_irq_handler+0x94>
100017a8:	2301      	movs	r3, #1
100017aa:	6a22      	ldr	r2, [r4, #32]
100017ac:	fa03 f30b 	lsl.w	r3, r3, fp
100017b0:	4213      	tst	r3, r2
100017b2:	d100      	bne.n	100017b6 <alarm_pool_irq_handler+0x96>
100017b4:	610e      	str	r6, [r1, #16]
100017b6:	4620      	mov	r0, r4
100017b8:	f000 fbc6 	bl	10001f48 <timer_time_us_64>
100017bc:	42b0      	cmp	r0, r6
100017be:	41b9      	sbcs	r1, r7
100017c0:	f2c0 80f9 	blt.w	100019b6 <alarm_pool_irq_handler+0x296>
100017c4:	f9b5 6008 	ldrsh.w	r6, [r5, #8]
100017c8:	9b02      	ldr	r3, [sp, #8]
100017ca:	2e00      	cmp	r6, #0
100017cc:	63e3      	str	r3, [r4, #60]	@ 0x3c
100017ce:	dbc9      	blt.n	10001764 <alarm_pool_irq_handler+0x44>
100017d0:	f8d5 9014 	ldr.w	r9, [r5, #20]
100017d4:	eb06 0a46 	add.w	sl, r6, r6, lsl #1
100017d8:	eb09 07ca 	add.w	r7, r9, sl, lsl #3
100017dc:	68bb      	ldr	r3, [r7, #8]
100017de:	4620      	mov	r0, r4
100017e0:	f8d7 800c 	ldr.w	r8, [r7, #12]
100017e4:	9301      	str	r3, [sp, #4]
100017e6:	f000 fbaf 	bl	10001f48 <timer_time_us_64>
100017ea:	9b01      	ldr	r3, [sp, #4]
100017ec:	4298      	cmp	r0, r3
100017ee:	eb71 0108 	sbcs.w	r1, r1, r8
100017f2:	dbb7      	blt.n	10001764 <alarm_pool_irq_handler+0x44>
100017f4:	f1b8 0f00 	cmp.w	r8, #0
100017f8:	f2c0 80c0 	blt.w	1000197c <alarm_pool_irq_handler+0x25c>
100017fc:	e9d7 3104 	ldrd	r3, r1, [r7, #16]
10001800:	4a7c      	ldr	r2, [pc, #496]	@ (100019f4 <alarm_pool_irq_handler+0x2d4>)
10001802:	4293      	cmp	r3, r2
10001804:	f000 80f8 	beq.w	100019f8 <alarm_pool_irq_handler+0x2d8>
10001808:	887a      	ldrh	r2, [r7, #2]
1000180a:	f9b5 0008 	ldrsh.w	r0, [r5, #8]
1000180e:	b292      	uxth	r2, r2
10001810:	ea42 4000 	orr.w	r0, r2, r0, lsl #16
10001814:	4798      	blx	r3
10001816:	4602      	mov	r2, r0
10001818:	460b      	mov	r3, r1
1000181a:	ea52 0103 	orrs.w	r1, r2, r3
1000181e:	f000 80ad 	beq.w	1000197c <alarm_pool_irq_handler+0x25c>
10001822:	2b00      	cmp	r3, #0
10001824:	f280 80cd 	bge.w	100019c2 <alarm_pool_irq_handler+0x2a2>
10001828:	9901      	ldr	r1, [sp, #4]
1000182a:	ebb1 0e02 	subs.w	lr, r1, r2
1000182e:	eb68 0803 	sbc.w	r8, r8, r3
10001832:	f939 303a 	ldrsh.w	r3, [r9, sl, lsl #3]
10001836:	e9c7 e802 	strd	lr, r8, [r7, #8]
1000183a:	2b00      	cmp	r3, #0
1000183c:	db92      	blt.n	10001764 <alarm_pool_irq_handler+0x44>
1000183e:	6968      	ldr	r0, [r5, #20]
10001840:	eb03 0243 	add.w	r2, r3, r3, lsl #1
10001844:	eb00 02c2 	add.w	r2, r0, r2, lsl #3
10001848:	e9d2 7102 	ldrd	r7, r1, [r2, #8]
1000184c:	45be      	cmp	lr, r7
1000184e:	eb78 0c01 	sbcs.w	ip, r8, r1
10001852:	ea4f 0243 	mov.w	r2, r3, lsl #1
10001856:	db85      	blt.n	10001764 <alarm_pool_irq_handler+0x44>
10001858:	46ac      	mov	ip, r5
1000185a:	f82c 3f08 	strh.w	r3, [ip, #8]!
1000185e:	e006      	b.n	1000186e <alarm_pool_irq_handler+0x14e>
10001860:	eb03 0143 	add.w	r1, r3, r3, lsl #1
10001864:	eb00 01c1 	add.w	r1, r0, r1, lsl #3
10001868:	005a      	lsls	r2, r3, #1
1000186a:	e9d1 7102 	ldrd	r7, r1, [r1, #8]
1000186e:	45be      	cmp	lr, r7
10001870:	eb78 0101 	sbcs.w	r1, r8, r1
10001874:	441a      	add	r2, r3
10001876:	db05      	blt.n	10001884 <alarm_pool_irq_handler+0x164>
10001878:	f930 3032 	ldrsh.w	r3, [r0, r2, lsl #3]
1000187c:	eb00 0cc2 	add.w	ip, r0, r2, lsl #3
10001880:	2b00      	cmp	r3, #0
10001882:	daed      	bge.n	10001860 <alarm_pool_irq_handler+0x140>
10001884:	f829 303a 	strh.w	r3, [r9, sl, lsl #3]
10001888:	f8ac 6000 	strh.w	r6, [ip]
1000188c:	88ab      	ldrh	r3, [r5, #4]
1000188e:	0419      	lsls	r1, r3, #16
10001890:	f53f af6c 	bmi.w	1000176c <alarm_pool_irq_handler+0x4c>
10001894:	692b      	ldr	r3, [r5, #16]
10001896:	f3ef 8210 	mrs	r2, PRIMASK
1000189a:	b672      	cpsid	i
1000189c:	e8d3 0fcf 	ldaexb	r0, [r3]
100018a0:	2101      	movs	r1, #1
100018a2:	2800      	cmp	r0, #0
100018a4:	d1fa      	bne.n	1000189c <alarm_pool_irq_handler+0x17c>
100018a6:	e8c3 1f40 	strexb	r0, r1, [r3]
100018aa:	2800      	cmp	r0, #0
100018ac:	d1f6      	bne.n	1000189c <alarm_pool_irq_handler+0x17c>
100018ae:	f3bf 8f5f 	dmb	sy
100018b2:	f64f 76ff 	movw	r6, #65535	@ 0xffff
100018b6:	88a8      	ldrh	r0, [r5, #4]
100018b8:	2300      	movs	r3, #0
100018ba:	6929      	ldr	r1, [r5, #16]
100018bc:	b200      	sxth	r0, r0
100018be:	80ae      	strh	r6, [r5, #4]
100018c0:	e8c1 3f8f 	stlb	r3, [r1]
100018c4:	f382 8810 	msr	PRIMASK, r2
100018c8:	4298      	cmp	r0, r3
100018ca:	f6ff af4f 	blt.w	1000176c <alarm_pool_irq_handler+0x4c>
100018ce:	4607      	mov	r7, r0
100018d0:	46a1      	mov	r9, r4
100018d2:	696e      	ldr	r6, [r5, #20]
100018d4:	f105 0808 	add.w	r8, r5, #8
100018d8:	f9b5 3008 	ldrsh.w	r3, [r5, #8]
100018dc:	eb07 0e47 	add.w	lr, r7, r7, lsl #1
100018e0:	2b00      	cmp	r3, #0
100018e2:	46c4      	mov	ip, r8
100018e4:	eb06 02ce 	add.w	r2, r6, lr, lsl #3
100018e8:	db15      	blt.n	10001916 <alarm_pool_irq_handler+0x1f6>
100018ea:	e9d2 4002 	ldrd	r4, r0, [r2, #8]
100018ee:	46aa      	mov	sl, r5
100018f0:	9701      	str	r7, [sp, #4]
100018f2:	e004      	b.n	100018fe <alarm_pool_irq_handler+0x1de>
100018f4:	f936 3035 	ldrsh.w	r3, [r6, r5, lsl #3]
100018f8:	4694      	mov	ip, r2
100018fa:	2b00      	cmp	r3, #0
100018fc:	db09      	blt.n	10001912 <alarm_pool_irq_handler+0x1f2>
100018fe:	eb03 0543 	add.w	r5, r3, r3, lsl #1
10001902:	eb06 02c5 	add.w	r2, r6, r5, lsl #3
10001906:	e9d2 7102 	ldrd	r7, r1, [r2, #8]
1000190a:	42bc      	cmp	r4, r7
1000190c:	eb70 0101 	sbcs.w	r1, r0, r1
10001910:	daf0      	bge.n	100018f4 <alarm_pool_irq_handler+0x1d4>
10001912:	4655      	mov	r5, sl
10001914:	9f01      	ldr	r7, [sp, #4]
10001916:	f8ac 7000 	strh.w	r7, [ip]
1000191a:	f936 703e 	ldrsh.w	r7, [r6, lr, lsl #3]
1000191e:	f826 303e 	strh.w	r3, [r6, lr, lsl #3]
10001922:	2f00      	cmp	r7, #0
10001924:	dad8      	bge.n	100018d8 <alarm_pool_irq_handler+0x1b8>
10001926:	79ab      	ldrb	r3, [r5, #6]
10001928:	464c      	mov	r4, r9
1000192a:	2b00      	cmp	r3, #0
1000192c:	f43f af22 	beq.w	10001774 <alarm_pool_irq_handler+0x54>
10001930:	2300      	movs	r3, #0
10001932:	71ab      	strb	r3, [r5, #6]
10001934:	f9b5 6008 	ldrsh.w	r6, [r5, #8]
10001938:	1c72      	adds	r2, r6, #1
1000193a:	4633      	mov	r3, r6
1000193c:	d03b      	beq.n	100019b6 <alarm_pool_irq_handler+0x296>
1000193e:	6968      	ldr	r0, [r5, #20]
10001940:	f105 0e08 	add.w	lr, r5, #8
10001944:	e003      	b.n	1000194e <alarm_pool_irq_handler+0x22e>
10001946:	468e      	mov	lr, r1
10001948:	1c5a      	adds	r2, r3, #1
1000194a:	f43f af15 	beq.w	10001778 <alarm_pool_irq_handler+0x58>
1000194e:	eb03 0243 	add.w	r2, r3, r3, lsl #1
10001952:	eb00 01c2 	add.w	r1, r0, r2, lsl #3
10001956:	884f      	ldrh	r7, [r1, #2]
10001958:	469c      	mov	ip, r3
1000195a:	043f      	lsls	r7, r7, #16
1000195c:	f930 3032 	ldrsh.w	r3, [r0, r2, lsl #3]
10001960:	d5f1      	bpl.n	10001946 <alarm_pool_irq_handler+0x226>
10001962:	4566      	cmp	r6, ip
10001964:	ed81 8b02 	vstr	d8, [r1, #8]
10001968:	d0ee      	beq.n	10001948 <alarm_pool_irq_handler+0x228>
1000196a:	f8ae 3000 	strh.w	r3, [lr]
1000196e:	8929      	ldrh	r1, [r5, #8]
10001970:	4666      	mov	r6, ip
10001972:	f820 1032 	strh.w	r1, [r0, r2, lsl #3]
10001976:	f8a5 c008 	strh.w	ip, [r5, #8]
1000197a:	e7e5      	b.n	10001948 <alarm_pool_irq_handler+0x228>
1000197c:	f839 303a 	ldrh.w	r3, [r9, sl, lsl #3]
10001980:	812b      	strh	r3, [r5, #8]
10001982:	692b      	ldr	r3, [r5, #16]
10001984:	f3ef 8210 	mrs	r2, PRIMASK
10001988:	b672      	cpsid	i
1000198a:	e8d3 0fcf 	ldaexb	r0, [r3]
1000198e:	2101      	movs	r1, #1
10001990:	2800      	cmp	r0, #0
10001992:	d1fa      	bne.n	1000198a <alarm_pool_irq_handler+0x26a>
10001994:	e8c3 1f40 	strexb	r0, r1, [r3]
10001998:	2800      	cmp	r0, #0
1000199a:	d1f6      	bne.n	1000198a <alarm_pool_irq_handler+0x26a>
1000199c:	f3bf 8f5f 	dmb	sy
100019a0:	886b      	ldrh	r3, [r5, #2]
100019a2:	6929      	ldr	r1, [r5, #16]
100019a4:	f829 303a 	strh.w	r3, [r9, sl, lsl #3]
100019a8:	2300      	movs	r3, #0
100019aa:	806e      	strh	r6, [r5, #2]
100019ac:	e8c1 3f8f 	stlb	r3, [r1]
100019b0:	f382 8810 	msr	PRIMASK, r2
100019b4:	e6d6      	b.n	10001764 <alarm_pool_irq_handler+0x44>
100019b6:	bf40      	sev
100019b8:	b005      	add	sp, #20
100019ba:	ecbd 8b02 	vpop	{d8}
100019be:	e8bd 8ff0 	ldmia.w	sp!, {r4, r5, r6, r7, r8, r9, sl, fp, pc}
100019c2:	4620      	mov	r0, r4
100019c4:	9303      	str	r3, [sp, #12]
100019c6:	9201      	str	r2, [sp, #4]
100019c8:	f000 fabe 	bl	10001f48 <timer_time_us_64>
100019cc:	9a01      	ldr	r2, [sp, #4]
100019ce:	9b03      	ldr	r3, [sp, #12]
100019d0:	eb10 0e02 	adds.w	lr, r0, r2
100019d4:	eb43 0801 	adc.w	r8, r3, r1
100019d8:	e72b      	b.n	10001832 <alarm_pool_irq_handler+0x112>
100019da:	bf00      	nop
100019dc:	f3af 8000 	nop.w
100019e0:	ffffffff 	.word	0xffffffff
100019e4:	ffffffff 	.word	0xffffffff
100019e8:	400b8000 	.word	0x400b8000
100019ec:	20002c58 	.word	0x20002c58
100019f0:	400b0000 	.word	0x400b0000
100019f4:	10001721 	.word	0x10001721
100019f8:	4608      	mov	r0, r1
100019fa:	690b      	ldr	r3, [r1, #16]
100019fc:	9103      	str	r1, [sp, #12]
100019fe:	4798      	blx	r3
10001a00:	2800      	cmp	r0, #0
10001a02:	d0bb      	beq.n	1000197c <alarm_pool_irq_handler+0x25c>
10001a04:	9903      	ldr	r1, [sp, #12]
10001a06:	e9d1 2300 	ldrd	r2, r3, [r1]
10001a0a:	e706      	b.n	1000181a <alarm_pool_irq_handler+0xfa>

10001a0c <runtime_init_default_alarm_pool>:
10001a0c:	b538      	push	{r3, r4, r5, lr}
10001a0e:	4b38      	ldr	r3, [pc, #224]	@ (10001af0 <runtime_init_default_alarm_pool+0xe4>)
10001a10:	691c      	ldr	r4, [r3, #16]
10001a12:	b12c      	cbz	r4, 10001a20 <runtime_init_default_alarm_pool+0x14>
10001a14:	e8bd 4038 	ldmia.w	sp!, {r3, r4, r5, lr}
10001a18:	210a      	movs	r1, #10
10001a1a:	4836      	ldr	r0, [pc, #216]	@ (10001af4 <runtime_init_default_alarm_pool+0xe8>)
10001a1c:	f7ff be12 	b.w	10001644 <lock_init>
10001a20:	2103      	movs	r1, #3
10001a22:	4835      	ldr	r0, [pc, #212]	@ (10001af8 <runtime_init_default_alarm_pool+0xec>)
10001a24:	f000 fa7e 	bl	10001f24 <timer_hardware_alarm_claim>
10001a28:	4d33      	ldr	r5, [pc, #204]	@ (10001af8 <runtime_init_default_alarm_pool+0xec>)
10001a2a:	4b31      	ldr	r3, [pc, #196]	@ (10001af0 <runtime_init_default_alarm_pool+0xe4>)
10001a2c:	60dd      	str	r5, [r3, #12]
10001a2e:	f7ff fbc7 	bl	100011c0 <next_striped_spin_lock_num>
10001a32:	4a32      	ldr	r2, [pc, #200]	@ (10001afc <runtime_init_default_alarm_pool+0xf0>)
10001a34:	f04f 4e50 	mov.w	lr, #3489660928	@ 0xd0000000
10001a38:	4402      	add	r2, r0
10001a3a:	2003      	movs	r0, #3
10001a3c:	4b2c      	ldr	r3, [pc, #176]	@ (10001af0 <runtime_init_default_alarm_pool+0xe4>)
10001a3e:	f04f 0c0f 	mov.w	ip, #15
10001a42:	7018      	strb	r0, [r3, #0]
10001a44:	611a      	str	r2, [r3, #16]
10001a46:	f8de 2000 	ldr.w	r2, [lr]
10001a4a:	f64f 71ff 	movw	r1, #65535	@ 0xffff
10001a4e:	705a      	strb	r2, [r3, #1]
10001a50:	695a      	ldr	r2, [r3, #20]
10001a52:	f8a3 c002 	strh.w	ip, [r3, #2]
10001a56:	8314      	strh	r4, [r2, #24]
10001a58:	f04f 0402 	mov.w	r4, #2
10001a5c:	f8a2 4048 	strh.w	r4, [r2, #72]	@ 0x48
10001a60:	f04f 0404 	mov.w	r4, #4
10001a64:	f8a2 4078 	strh.w	r4, [r2, #120]	@ 0x78
10001a68:	f04f 0405 	mov.w	r4, #5
10001a6c:	f8a2 4090 	strh.w	r4, [r2, #144]	@ 0x90
10001a70:	f04f 0406 	mov.w	r4, #6
10001a74:	f8a2 40a8 	strh.w	r4, [r2, #168]	@ 0xa8
10001a78:	f04f 0407 	mov.w	r4, #7
10001a7c:	f8a2 40c0 	strh.w	r4, [r2, #192]	@ 0xc0
10001a80:	f04f 0409 	mov.w	r4, #9
10001a84:	f8a2 40f0 	strh.w	r4, [r2, #240]	@ 0xf0
10001a88:	f04f 040a 	mov.w	r4, #10
10001a8c:	f8a2 4108 	strh.w	r4, [r2, #264]	@ 0x108
10001a90:	f04f 040b 	mov.w	r4, #11
10001a94:	f8a2 4120 	strh.w	r4, [r2, #288]	@ 0x120
10001a98:	f04f 040c 	mov.w	r4, #12
10001a9c:	f8a2 4138 	strh.w	r4, [r2, #312]	@ 0x138
10001aa0:	f04f 0401 	mov.w	r4, #1
10001aa4:	8614      	strh	r4, [r2, #48]	@ 0x30
10001aa6:	f04f 0408 	mov.w	r4, #8
10001aaa:	f8a2 40d8 	strh.w	r4, [r2, #216]	@ 0xd8
10001aae:	4c14      	ldr	r4, [pc, #80]	@ (10001b00 <runtime_init_default_alarm_pool+0xf4>)
10001ab0:	f04f 0e0d 	mov.w	lr, #13
10001ab4:	f04f 0c0e 	mov.w	ip, #14
10001ab8:	609c      	str	r4, [r3, #8]
10001aba:	2408      	movs	r4, #8
10001abc:	8099      	strh	r1, [r3, #4]
10001abe:	f8a2 e150 	strh.w	lr, [r2, #336]	@ 0x150
10001ac2:	f8a2 c168 	strh.w	ip, [r2, #360]	@ 0x168
10001ac6:	f8a2 0060 	strh.w	r0, [r2, #96]	@ 0x60
10001aca:	8011      	strh	r1, [r2, #0]
10001acc:	4a0d      	ldr	r2, [pc, #52]	@ (10001b04 <runtime_init_default_alarm_pool+0xf8>)
10001ace:	622c      	str	r4, [r5, #32]
10001ad0:	490d      	ldr	r1, [pc, #52]	@ (10001b08 <runtime_init_default_alarm_pool+0xfc>)
10001ad2:	60d3      	str	r3, [r2, #12]
10001ad4:	f7ff fc08 	bl	100012e8 <irq_set_exclusive_handler>
10001ad8:	2101      	movs	r1, #1
10001ada:	2003      	movs	r0, #3
10001adc:	f7ff fbc2 	bl	10001264 <irq_set_enabled>
10001ae0:	4b0a      	ldr	r3, [pc, #40]	@ (10001b0c <runtime_init_default_alarm_pool+0x100>)
10001ae2:	210a      	movs	r1, #10
10001ae4:	641c      	str	r4, [r3, #64]	@ 0x40
10001ae6:	4803      	ldr	r0, [pc, #12]	@ (10001af4 <runtime_init_default_alarm_pool+0xe8>)
10001ae8:	e8bd 4038 	ldmia.w	sp!, {r3, r4, r5, lr}
10001aec:	f7ff bdaa 	b.w	10001644 <lock_init>
10001af0:	2000151c 	.word	0x2000151c
10001af4:	20002c80 	.word	0x20002c80
10001af8:	400b0000 	.word	0x400b0000
10001afc:	200022bc 	.word	0x200022bc
10001b00:	0010ffff 	.word	0x0010ffff
10001b04:	20002c58 	.word	0x20002c58
10001b08:	10001721 	.word	0x10001721
10001b0c:	400b2000 	.word	0x400b2000

10001b10 <alarm_pool_get_default>:
10001b10:	4800      	ldr	r0, [pc, #0]	@ (10001b14 <alarm_pool_get_default+0x4>)
10001b12:	4770      	bx	lr
10001b14:	2000151c 	.word	0x2000151c

10001b18 <alarm_pool_add_alarm_at>:
10001b18:	b5f0      	push	{r4, r5, r6, r7, lr}
10001b1a:	b083      	sub	sp, #12
10001b1c:	f89d 4028 	ldrb.w	r4, [sp, #40]	@ 0x28
10001b20:	461d      	mov	r5, r3
10001b22:	4603      	mov	r3, r0
10001b24:	b954      	cbnz	r4, 10001b3c <alarm_pool_add_alarm_at+0x24>
10001b26:	e9cd 0200 	strd	r0, r2, [sp]
10001b2a:	f000 fa15 	bl	10001f58 <time_us_64>
10001b2e:	9a01      	ldr	r2, [sp, #4]
10001b30:	9b00      	ldr	r3, [sp, #0]
10001b32:	4282      	cmp	r2, r0
10001b34:	eb65 0101 	sbc.w	r1, r5, r1
10001b38:	42a1      	cmp	r1, r4
10001b3a:	db5b      	blt.n	10001bf4 <alarm_pool_add_alarm_at+0xdc>
10001b3c:	6919      	ldr	r1, [r3, #16]
10001b3e:	f3ef 8010 	mrs	r0, PRIMASK
10001b42:	b672      	cpsid	i
10001b44:	e8d1 6fcf 	ldaexb	r6, [r1]
10001b48:	2401      	movs	r4, #1
10001b4a:	2e00      	cmp	r6, #0
10001b4c:	d1fa      	bne.n	10001b44 <alarm_pool_add_alarm_at+0x2c>
10001b4e:	e8c1 4f46 	strexb	r6, r4, [r1]
10001b52:	2e00      	cmp	r6, #0
10001b54:	d1f6      	bne.n	10001b44 <alarm_pool_add_alarm_at+0x2c>
10001b56:	f3bf 8f5f 	dmb	sy
10001b5a:	f9b3 4002 	ldrsh.w	r4, [r3, #2]
10001b5e:	691f      	ldr	r7, [r3, #16]
10001b60:	2c00      	cmp	r4, #0
10001b62:	db3e      	blt.n	10001be2 <alarm_pool_add_alarm_at+0xca>
10001b64:	f8d3 c014 	ldr.w	ip, [r3, #20]
10001b68:	eb04 0e44 	add.w	lr, r4, r4, lsl #1
10001b6c:	f83c 103e 	ldrh.w	r1, [ip, lr, lsl #3]
10001b70:	2600      	movs	r6, #0
10001b72:	8059      	strh	r1, [r3, #2]
10001b74:	eb0c 01ce 	add.w	r1, ip, lr, lsl #3
10001b78:	e8c7 6f8f 	stlb	r6, [r7]
10001b7c:	f380 8810 	msr	PRIMASK, r0
10001b80:	8848      	ldrh	r0, [r1, #2]
10001b82:	e9c1 2502 	strd	r2, r5, [r1, #8]
10001b86:	3001      	adds	r0, #1
10001b88:	f3c0 000e 	ubfx	r0, r0, #0, #15
10001b8c:	2801      	cmp	r0, #1
10001b8e:	bf38      	it	cc
10001b90:	2001      	movcc	r0, #1
10001b92:	9a08      	ldr	r2, [sp, #32]
10001b94:	8048      	strh	r0, [r1, #2]
10001b96:	610a      	str	r2, [r1, #16]
10001b98:	9a09      	ldr	r2, [sp, #36]	@ 0x24
10001b9a:	ea40 4004 	orr.w	r0, r0, r4, lsl #16
10001b9e:	614a      	str	r2, [r1, #20]
10001ba0:	691a      	ldr	r2, [r3, #16]
10001ba2:	f3ef 8110 	mrs	r1, PRIMASK
10001ba6:	b672      	cpsid	i
10001ba8:	e8d2 7fcf 	ldaexb	r7, [r2]
10001bac:	2501      	movs	r5, #1
10001bae:	2f00      	cmp	r7, #0
10001bb0:	d1fa      	bne.n	10001ba8 <alarm_pool_add_alarm_at+0x90>
10001bb2:	e8c2 5f47 	strexb	r7, r5, [r2]
10001bb6:	2f00      	cmp	r7, #0
10001bb8:	d1f6      	bne.n	10001ba8 <alarm_pool_add_alarm_at+0x90>
10001bba:	f3bf 8f5f 	dmb	sy
10001bbe:	889a      	ldrh	r2, [r3, #4]
10001bc0:	f82c 203e 	strh.w	r2, [ip, lr, lsl #3]
10001bc4:	691a      	ldr	r2, [r3, #16]
10001bc6:	809c      	strh	r4, [r3, #4]
10001bc8:	e8c2 6f8f 	stlb	r6, [r2]
10001bcc:	f381 8810 	msr	PRIMASK, r1
10001bd0:	2101      	movs	r1, #1
10001bd2:	781c      	ldrb	r4, [r3, #0]
10001bd4:	68da      	ldr	r2, [r3, #12]
10001bd6:	40a1      	lsls	r1, r4
10001bd8:	f502 5301 	add.w	r3, r2, #8256	@ 0x2040
10001bdc:	6059      	str	r1, [r3, #4]
10001bde:	b003      	add	sp, #12
10001be0:	bdf0      	pop	{r4, r5, r6, r7, pc}
10001be2:	2300      	movs	r3, #0
10001be4:	e8c7 3f8f 	stlb	r3, [r7]
10001be8:	f380 8810 	msr	PRIMASK, r0
10001bec:	f04f 30ff 	mov.w	r0, #4294967295	@ 0xffffffff
10001bf0:	b003      	add	sp, #12
10001bf2:	bdf0      	pop	{r4, r5, r6, r7, pc}
10001bf4:	4620      	mov	r0, r4
10001bf6:	b003      	add	sp, #12
10001bf8:	bdf0      	pop	{r4, r5, r6, r7, pc}
10001bfa:	bf00      	nop

10001bfc <alarm_pool_add_alarm_at_force_in_context>:
10001bfc:	b5f0      	push	{r4, r5, r6, r7, lr}
10001bfe:	4616      	mov	r6, r2
10001c00:	461f      	mov	r7, r3
10001c02:	6902      	ldr	r2, [r0, #16]
10001c04:	4603      	mov	r3, r0
10001c06:	f3ef 8010 	mrs	r0, PRIMASK
10001c0a:	b672      	cpsid	i
10001c0c:	e8d2 4fcf 	ldaexb	r4, [r2]
10001c10:	2101      	movs	r1, #1
10001c12:	2c00      	cmp	r4, #0
10001c14:	d1fa      	bne.n	10001c0c <alarm_pool_add_alarm_at_force_in_context+0x10>
10001c16:	e8c2 1f44 	strexb	r4, r1, [r2]
10001c1a:	2c00      	cmp	r4, #0
10001c1c:	d1f6      	bne.n	10001c0c <alarm_pool_add_alarm_at_force_in_context+0x10>
10001c1e:	f3bf 8f5f 	dmb	sy
10001c22:	f9b3 1002 	ldrsh.w	r1, [r3, #2]
10001c26:	691d      	ldr	r5, [r3, #16]
10001c28:	2900      	cmp	r1, #0
10001c2a:	db45      	blt.n	10001cb8 <alarm_pool_add_alarm_at_force_in_context+0xbc>
10001c2c:	f8d3 e014 	ldr.w	lr, [r3, #20]
10001c30:	eb01 0241 	add.w	r2, r1, r1, lsl #1
10001c34:	f83e 4032 	ldrh.w	r4, [lr, r2, lsl #3]
10001c38:	eb0e 0cc2 	add.w	ip, lr, r2, lsl #3
10001c3c:	805c      	strh	r4, [r3, #2]
10001c3e:	2400      	movs	r4, #0
10001c40:	e8c5 4f8f 	stlb	r4, [r5]
10001c44:	f380 8810 	msr	PRIMASK, r0
10001c48:	9805      	ldr	r0, [sp, #20]
10001c4a:	4635      	mov	r5, r6
10001c4c:	f8cc 0010 	str.w	r0, [ip, #16]
10001c50:	9806      	ldr	r0, [sp, #24]
10001c52:	463e      	mov	r6, r7
10001c54:	f8cc 0014 	str.w	r0, [ip, #20]
10001c58:	f8bc 0002 	ldrh.w	r0, [ip, #2]
10001c5c:	e9cc 5602 	strd	r5, r6, [ip, #8]
10001c60:	3001      	adds	r0, #1
10001c62:	f3c0 000e 	ubfx	r0, r0, #0, #15
10001c66:	2801      	cmp	r0, #1
10001c68:	bf38      	it	cc
10001c6a:	2001      	movcc	r0, #1
10001c6c:	f8ac 0002 	strh.w	r0, [ip, #2]
10001c70:	ea40 4001 	orr.w	r0, r0, r1, lsl #16
10001c74:	f8d3 c010 	ldr.w	ip, [r3, #16]
10001c78:	f3ef 8510 	mrs	r5, PRIMASK
10001c7c:	b672      	cpsid	i
10001c7e:	e8dc 7fcf 	ldaexb	r7, [ip]
10001c82:	2601      	movs	r6, #1
10001c84:	2f00      	cmp	r7, #0
10001c86:	d1fa      	bne.n	10001c7e <alarm_pool_add_alarm_at_force_in_context+0x82>
10001c88:	e8cc 6f47 	strexb	r7, r6, [ip]
10001c8c:	2f00      	cmp	r7, #0
10001c8e:	d1f6      	bne.n	10001c7e <alarm_pool_add_alarm_at_force_in_context+0x82>
10001c90:	f3bf 8f5f 	dmb	sy
10001c94:	f8b3 c004 	ldrh.w	ip, [r3, #4]
10001c98:	f82e c032 	strh.w	ip, [lr, r2, lsl #3]
10001c9c:	8099      	strh	r1, [r3, #4]
10001c9e:	691a      	ldr	r2, [r3, #16]
10001ca0:	e8c2 4f8f 	stlb	r4, [r2]
10001ca4:	f385 8810 	msr	PRIMASK, r5
10001ca8:	2101      	movs	r1, #1
10001caa:	781c      	ldrb	r4, [r3, #0]
10001cac:	68da      	ldr	r2, [r3, #12]
10001cae:	40a1      	lsls	r1, r4
10001cb0:	f502 5301 	add.w	r3, r2, #8256	@ 0x2040
10001cb4:	6059      	str	r1, [r3, #4]
10001cb6:	bdf0      	pop	{r4, r5, r6, r7, pc}
10001cb8:	2300      	movs	r3, #0
10001cba:	e8c5 3f8f 	stlb	r3, [r5]
10001cbe:	f380 8810 	msr	PRIMASK, r0
10001cc2:	f04f 30ff 	mov.w	r0, #4294967295	@ 0xffffffff
10001cc6:	bdf0      	pop	{r4, r5, r6, r7, pc}

10001cc8 <alarm_pool_cancel_alarm>:
10001cc8:	4603      	mov	r3, r0
10001cca:	8940      	ldrh	r0, [r0, #10]
10001ccc:	ebb0 4f21 	cmp.w	r0, r1, asr #16
10001cd0:	dd3a      	ble.n	10001d48 <alarm_pool_cancel_alarm+0x80>
10001cd2:	6958      	ldr	r0, [r3, #20]
10001cd4:	140a      	asrs	r2, r1, #16
10001cd6:	eb02 0242 	add.w	r2, r2, r2, lsl #1
10001cda:	b510      	push	{r4, lr}
10001cdc:	f8d3 c010 	ldr.w	ip, [r3, #16]
10001ce0:	eb00 00c2 	add.w	r0, r0, r2, lsl #3
10001ce4:	f3ef 8e10 	mrs	lr, PRIMASK
10001ce8:	b672      	cpsid	i
10001cea:	e8dc 4fcf 	ldaexb	r4, [ip]
10001cee:	2201      	movs	r2, #1
10001cf0:	2c00      	cmp	r4, #0
10001cf2:	d1fa      	bne.n	10001cea <alarm_pool_cancel_alarm+0x22>
10001cf4:	e8cc 2f44 	strexb	r4, r2, [ip]
10001cf8:	2c00      	cmp	r4, #0
10001cfa:	d1f6      	bne.n	10001cea <alarm_pool_cancel_alarm+0x22>
10001cfc:	f3bf 8f5f 	dmb	sy
10001d00:	8842      	ldrh	r2, [r0, #2]
10001d02:	b289      	uxth	r1, r1
10001d04:	b292      	uxth	r2, r2
10001d06:	428a      	cmp	r2, r1
10001d08:	d007      	beq.n	10001d1a <alarm_pool_cancel_alarm+0x52>
10001d0a:	2200      	movs	r2, #0
10001d0c:	691b      	ldr	r3, [r3, #16]
10001d0e:	e8c3 2f8f 	stlb	r2, [r3]
10001d12:	f38e 8810 	msr	PRIMASK, lr
10001d16:	2000      	movs	r0, #0
10001d18:	bd10      	pop	{r4, pc}
10001d1a:	ea6f 4242 	mvn.w	r2, r2, lsl #17
10001d1e:	ea6f 4252 	mvn.w	r2, r2, lsr #17
10001d22:	8042      	strh	r2, [r0, #2]
10001d24:	2101      	movs	r1, #1
10001d26:	2200      	movs	r2, #0
10001d28:	6918      	ldr	r0, [r3, #16]
10001d2a:	7199      	strb	r1, [r3, #6]
10001d2c:	e8c0 2f8f 	stlb	r2, [r0]
10001d30:	f38e 8810 	msr	PRIMASK, lr
10001d34:	f893 c000 	ldrb.w	ip, [r3]
10001d38:	68da      	ldr	r2, [r3, #12]
10001d3a:	4608      	mov	r0, r1
10001d3c:	f502 5301 	add.w	r3, r2, #8256	@ 0x2040
10001d40:	fa01 f10c 	lsl.w	r1, r1, ip
10001d44:	6059      	str	r1, [r3, #4]
10001d46:	bd10      	pop	{r4, pc}
10001d48:	2000      	movs	r0, #0
10001d4a:	4770      	bx	lr

10001d4c <alarm_pool_core_num>:
10001d4c:	7840      	ldrb	r0, [r0, #1]
10001d4e:	4770      	bx	lr

10001d50 <sleep_ms>:
10001d50:	e92d 41f0 	stmdb	sp!, {r4, r5, r6, r7, r8, lr}
10001d54:	b082      	sub	sp, #8
10001d56:	4606      	mov	r6, r0
10001d58:	f000 f8fe 	bl	10001f58 <time_us_64>
10001d5c:	f44f 737a 	mov.w	r3, #1000	@ 0x3e8
10001d60:	4604      	mov	r4, r0
10001d62:	f04f 30ff 	mov.w	r0, #4294967295	@ 0xffffffff
10001d66:	f06f 4200 	mvn.w	r2, #2147483648	@ 0x80000000
10001d6a:	fbe6 4103 	umlal	r4, r1, r6, r3
10001d6e:	42a0      	cmp	r0, r4
10001d70:	eb72 0301 	sbcs.w	r3, r2, r1
10001d74:	bf3a      	itte	cc
10001d76:	4604      	movcc	r4, r0
10001d78:	4615      	movcc	r5, r2
10001d7a:	460d      	movcs	r5, r1
10001d7c:	1fa6      	subs	r6, r4, #6
10001d7e:	f145 37ff 	adc.w	r7, r5, #4294967295	@ 0xffffffff
10001d82:	42b4      	cmp	r4, r6
10001d84:	eb75 0307 	sbcs.w	r3, r5, r7
10001d88:	bf3c      	itt	cc
10001d8a:	2600      	movcc	r6, #0
10001d8c:	4637      	movcc	r7, r6
10001d8e:	f000 f8e3 	bl	10001f58 <time_us_64>
10001d92:	1a30      	subs	r0, r6, r0
10001d94:	eb67 0101 	sbc.w	r1, r7, r1
10001d98:	2801      	cmp	r0, #1
10001d9a:	f171 0100 	sbcs.w	r1, r1, #0
10001d9e:	da06      	bge.n	10001dae <sleep_ms+0x5e>
10001da0:	4620      	mov	r0, r4
10001da2:	4629      	mov	r1, r5
10001da4:	b002      	add	sp, #8
10001da6:	e8bd 41f0 	ldmia.w	sp!, {r4, r5, r6, r7, r8, lr}
10001daa:	f000 b90f 	b.w	10001fcc <busy_wait_until>
10001dae:	f000 f8d3 	bl	10001f58 <time_us_64>
10001db2:	4286      	cmp	r6, r0
10001db4:	eb67 0101 	sbc.w	r1, r7, r1
10001db8:	2900      	cmp	r1, #0
10001dba:	db0a      	blt.n	10001dd2 <sleep_ms+0x82>
10001dbc:	2100      	movs	r1, #0
10001dbe:	4b17      	ldr	r3, [pc, #92]	@ (10001e1c <sleep_ms+0xcc>)
10001dc0:	4632      	mov	r2, r6
10001dc2:	9300      	str	r3, [sp, #0]
10001dc4:	4816      	ldr	r0, [pc, #88]	@ (10001e20 <sleep_ms+0xd0>)
10001dc6:	463b      	mov	r3, r7
10001dc8:	9101      	str	r1, [sp, #4]
10001dca:	f7ff ff17 	bl	10001bfc <alarm_pool_add_alarm_at_force_in_context>
10001dce:	3001      	adds	r0, #1
10001dd0:	d0e6      	beq.n	10001da0 <sleep_ms+0x50>
10001dd2:	f04f 0c00 	mov.w	ip, #0
10001dd6:	4a13      	ldr	r2, [pc, #76]	@ (10001e24 <sleep_ms+0xd4>)
10001dd8:	4913      	ldr	r1, [pc, #76]	@ (10001e28 <sleep_ms+0xd8>)
10001dda:	6a53      	ldr	r3, [r2, #36]	@ 0x24
10001ddc:	429f      	cmp	r7, r3
10001dde:	d804      	bhi.n	10001dea <sleep_ms+0x9a>
10001de0:	6a90      	ldr	r0, [r2, #40]	@ 0x28
10001de2:	42b0      	cmp	r0, r6
10001de4:	d2dc      	bcs.n	10001da0 <sleep_ms+0x50>
10001de6:	429f      	cmp	r7, r3
10001de8:	d1da      	bne.n	10001da0 <sleep_ms+0x50>
10001dea:	680b      	ldr	r3, [r1, #0]
10001dec:	f3ef 8010 	mrs	r0, PRIMASK
10001df0:	b672      	cpsid	i
10001df2:	e8d3 8fcf 	ldaexb	r8, [r3]
10001df6:	f05f 0e01 	movs.w	lr, #1
10001dfa:	f1b8 0f00 	cmp.w	r8, #0
10001dfe:	d1f8      	bne.n	10001df2 <sleep_ms+0xa2>
10001e00:	e8c3 ef48 	strexb	r8, lr, [r3]
10001e04:	f1b8 0f00 	cmp.w	r8, #0
10001e08:	d1f3      	bne.n	10001df2 <sleep_ms+0xa2>
10001e0a:	f3bf 8f5f 	dmb	sy
10001e0e:	680b      	ldr	r3, [r1, #0]
10001e10:	e8c3 cf8f 	stlb	ip, [r3]
10001e14:	f380 8810 	msr	PRIMASK, r0
10001e18:	bf20      	wfe
10001e1a:	e7de      	b.n	10001dda <sleep_ms+0x8a>
10001e1c:	100016e5 	.word	0x100016e5
10001e20:	2000151c 	.word	0x2000151c
10001e24:	400b0000 	.word	0x400b0000
10001e28:	20002c80 	.word	0x20002c80

10001e2c <best_effort_wfe_or_timeout>:
10001e2c:	f3ef 8205 	mrs	r2, IPSR
10001e30:	b2d2      	uxtb	r2, r2
10001e32:	b182      	cbz	r2, 10001e56 <best_effort_wfe_or_timeout+0x2a>
10001e34:	4b38      	ldr	r3, [pc, #224]	@ (10001f18 <best_effort_wfe_or_timeout+0xec>)
10001e36:	6a5a      	ldr	r2, [r3, #36]	@ 0x24
10001e38:	428a      	cmp	r2, r1
10001e3a:	d202      	bcs.n	10001e42 <best_effort_wfe_or_timeout+0x16>
10001e3c:	2200      	movs	r2, #0
10001e3e:	4610      	mov	r0, r2
10001e40:	4770      	bx	lr
10001e42:	bf14      	ite	ne
10001e44:	2201      	movne	r2, #1
10001e46:	2200      	moveq	r2, #0
10001e48:	6a9b      	ldr	r3, [r3, #40]	@ 0x28
10001e4a:	4283      	cmp	r3, r0
10001e4c:	bf28      	it	cs
10001e4e:	f042 0201 	orrcs.w	r2, r2, #1
10001e52:	4610      	mov	r0, r2
10001e54:	4770      	bx	lr
10001e56:	b570      	push	{r4, r5, r6, lr}
10001e58:	b084      	sub	sp, #16
10001e5a:	9203      	str	r2, [sp, #12]
10001e5c:	4a2f      	ldr	r2, [pc, #188]	@ (10001f1c <best_effort_wfe_or_timeout+0xf0>)
10001e5e:	4606      	mov	r6, r0
10001e60:	68d3      	ldr	r3, [r2, #12]
10001e62:	7815      	ldrb	r5, [r2, #0]
10001e64:	4618      	mov	r0, r3
10001e66:	460c      	mov	r4, r1
10001e68:	9302      	str	r3, [sp, #8]
10001e6a:	f000 f86d 	bl	10001f48 <timer_time_us_64>
10001e6e:	9b02      	ldr	r3, [sp, #8]
10001e70:	f105 0c04 	add.w	ip, r5, #4
10001e74:	f853 c02c 	ldr.w	ip, [r3, ip, lsl #2]
10001e78:	9a03      	ldr	r2, [sp, #12]
10001e7a:	ebac 0c00 	sub.w	ip, ip, r0
10001e7e:	1a30      	subs	r0, r6, r0
10001e80:	eb64 0101 	sbc.w	r1, r4, r1
10001e84:	4560      	cmp	r0, ip
10001e86:	f171 0100 	sbcs.w	r1, r1, #0
10001e8a:	db0f      	blt.n	10001eac <best_effort_wfe_or_timeout+0x80>
10001e8c:	bf20      	wfe
10001e8e:	4b22      	ldr	r3, [pc, #136]	@ (10001f18 <best_effort_wfe_or_timeout+0xec>)
10001e90:	6a59      	ldr	r1, [r3, #36]	@ 0x24
10001e92:	42a1      	cmp	r1, r4
10001e94:	d307      	bcc.n	10001ea6 <best_effort_wfe_or_timeout+0x7a>
10001e96:	bf14      	ite	ne
10001e98:	2201      	movne	r2, #1
10001e9a:	2200      	moveq	r2, #0
10001e9c:	6a9b      	ldr	r3, [r3, #40]	@ 0x28
10001e9e:	42b3      	cmp	r3, r6
10001ea0:	bf28      	it	cs
10001ea2:	f042 0201 	orrcs.w	r2, r2, #1
10001ea6:	4610      	mov	r0, r2
10001ea8:	b004      	add	sp, #16
10001eaa:	bd70      	pop	{r4, r5, r6, pc}
10001eac:	9202      	str	r2, [sp, #8]
10001eae:	f000 f853 	bl	10001f58 <time_us_64>
10001eb2:	4286      	cmp	r6, r0
10001eb4:	eb64 0101 	sbc.w	r1, r4, r1
10001eb8:	2900      	cmp	r1, #0
10001eba:	9a02      	ldr	r2, [sp, #8]
10001ebc:	db1b      	blt.n	10001ef6 <best_effort_wfe_or_timeout+0xca>
10001ebe:	4918      	ldr	r1, [pc, #96]	@ (10001f20 <best_effort_wfe_or_timeout+0xf4>)
10001ec0:	4623      	mov	r3, r4
10001ec2:	e9cd 1200 	strd	r1, r2, [sp]
10001ec6:	4815      	ldr	r0, [pc, #84]	@ (10001f1c <best_effort_wfe_or_timeout+0xf0>)
10001ec8:	4632      	mov	r2, r6
10001eca:	f7ff fe97 	bl	10001bfc <alarm_pool_add_alarm_at_force_in_context>
10001ece:	1e01      	subs	r1, r0, #0
10001ed0:	dd11      	ble.n	10001ef6 <best_effort_wfe_or_timeout+0xca>
10001ed2:	4b11      	ldr	r3, [pc, #68]	@ (10001f18 <best_effort_wfe_or_timeout+0xec>)
10001ed4:	6a5a      	ldr	r2, [r3, #36]	@ 0x24
10001ed6:	42a2      	cmp	r2, r4
10001ed8:	d31c      	bcc.n	10001f14 <best_effort_wfe_or_timeout+0xe8>
10001eda:	6a9b      	ldr	r3, [r3, #40]	@ 0x28
10001edc:	42b3      	cmp	r3, r6
10001ede:	d317      	bcc.n	10001f10 <best_effort_wfe_or_timeout+0xe4>
10001ee0:	480e      	ldr	r0, [pc, #56]	@ (10001f1c <best_effort_wfe_or_timeout+0xf0>)
10001ee2:	f7ff fef1 	bl	10001cc8 <alarm_pool_cancel_alarm>
10001ee6:	4b0c      	ldr	r3, [pc, #48]	@ (10001f18 <best_effort_wfe_or_timeout+0xec>)
10001ee8:	6a5a      	ldr	r2, [r3, #36]	@ 0x24
10001eea:	42a2      	cmp	r2, r4
10001eec:	d2d3      	bcs.n	10001e96 <best_effort_wfe_or_timeout+0x6a>
10001eee:	2200      	movs	r2, #0
10001ef0:	4610      	mov	r0, r2
10001ef2:	b004      	add	sp, #16
10001ef4:	bd70      	pop	{r4, r5, r6, pc}
10001ef6:	4b08      	ldr	r3, [pc, #32]	@ (10001f18 <best_effort_wfe_or_timeout+0xec>)
10001ef8:	6a5a      	ldr	r2, [r3, #36]	@ 0x24
10001efa:	42a2      	cmp	r2, r4
10001efc:	d3f7      	bcc.n	10001eee <best_effort_wfe_or_timeout+0xc2>
10001efe:	1b12      	subs	r2, r2, r4
10001f00:	bf18      	it	ne
10001f02:	2201      	movne	r2, #1
10001f04:	6a9b      	ldr	r3, [r3, #40]	@ 0x28
10001f06:	42b3      	cmp	r3, r6
10001f08:	bf28      	it	cs
10001f0a:	f042 0201 	orrcs.w	r2, r2, #1
10001f0e:	e7ca      	b.n	10001ea6 <best_effort_wfe_or_timeout+0x7a>
10001f10:	42a2      	cmp	r2, r4
10001f12:	d1e5      	bne.n	10001ee0 <best_effort_wfe_or_timeout+0xb4>
10001f14:	bf20      	wfe
10001f16:	e7e3      	b.n	10001ee0 <best_effort_wfe_or_timeout+0xb4>
10001f18:	400b0000 	.word	0x400b0000
10001f1c:	2000151c 	.word	0x2000151c
10001f20:	100016e5 	.word	0x100016e5

10001f24 <timer_hardware_alarm_claim>:
10001f24:	b410      	push	{r4}
10001f26:	4b05      	ldr	r3, [pc, #20]	@ (10001f3c <timer_hardware_alarm_claim+0x18>)
10001f28:	4c05      	ldr	r4, [pc, #20]	@ (10001f40 <timer_hardware_alarm_claim+0x1c>)
10001f2a:	4a06      	ldr	r2, [pc, #24]	@ (10001f44 <timer_hardware_alarm_claim+0x20>)
10001f2c:	42a0      	cmp	r0, r4
10001f2e:	bf14      	ite	ne
10001f30:	4618      	movne	r0, r3
10001f32:	1c58      	addeq	r0, r3, #1
10001f34:	bc10      	pop	{r4}
10001f36:	f7ff b8d5 	b.w	100010e4 <hw_claim_or_assert>
10001f3a:	bf00      	nop
10001f3c:	200026e0 	.word	0x200026e0
10001f40:	400b8000 	.word	0x400b8000
10001f44:	1000b11c 	.word	0x1000b11c

10001f48 <timer_time_us_64>:
10001f48:	4603      	mov	r3, r0
10001f4a:	6a41      	ldr	r1, [r0, #36]	@ 0x24
10001f4c:	460a      	mov	r2, r1
10001f4e:	6a98      	ldr	r0, [r3, #40]	@ 0x28
10001f50:	6a59      	ldr	r1, [r3, #36]	@ 0x24
10001f52:	428a      	cmp	r2, r1
10001f54:	d1fa      	bne.n	10001f4c <timer_time_us_64+0x4>
10001f56:	4770      	bx	lr

10001f58 <time_us_64>:
10001f58:	4b03      	ldr	r3, [pc, #12]	@ (10001f68 <time_us_64+0x10>)
10001f5a:	6a59      	ldr	r1, [r3, #36]	@ 0x24
10001f5c:	460a      	mov	r2, r1
10001f5e:	6a98      	ldr	r0, [r3, #40]	@ 0x28
10001f60:	6a59      	ldr	r1, [r3, #36]	@ 0x24
10001f62:	4291      	cmp	r1, r2
10001f64:	d1fa      	bne.n	10001f5c <time_us_64+0x4>
10001f66:	4770      	bx	lr
10001f68:	400b0000 	.word	0x400b0000

10001f6c <busy_wait_us>:
10001f6c:	b500      	push	{lr}
10001f6e:	468e      	mov	lr, r1
10001f70:	4a15      	ldr	r2, [pc, #84]	@ (10001fc8 <busy_wait_us+0x5c>)
10001f72:	6a53      	ldr	r3, [r2, #36]	@ 0x24
10001f74:	469c      	mov	ip, r3
10001f76:	6a91      	ldr	r1, [r2, #40]	@ 0x28
10001f78:	6a53      	ldr	r3, [r2, #36]	@ 0x24
10001f7a:	4563      	cmp	r3, ip
10001f7c:	d1fa      	bne.n	10001f74 <busy_wait_us+0x8>
10001f7e:	1840      	adds	r0, r0, r1
10001f80:	eb53 030e 	adcs.w	r3, r3, lr
10001f84:	f04f 0200 	mov.w	r2, #0
10001f88:	bf28      	it	cs
10001f8a:	2201      	movcs	r2, #1
10001f8c:	b1ba      	cbz	r2, 10001fbe <busy_wait_us+0x52>
10001f8e:	4b0e      	ldr	r3, [pc, #56]	@ (10001fc8 <busy_wait_us+0x5c>)
10001f90:	6a5a      	ldr	r2, [r3, #36]	@ 0x24
10001f92:	1c53      	adds	r3, r2, #1
10001f94:	bf08      	it	eq
10001f96:	4610      	moveq	r0, r2
10001f98:	d008      	beq.n	10001fac <busy_wait_us+0x40>
10001f9a:	f04f 33ff 	mov.w	r3, #4294967295	@ 0xffffffff
10001f9e:	4618      	mov	r0, r3
10001fa0:	4909      	ldr	r1, [pc, #36]	@ (10001fc8 <busy_wait_us+0x5c>)
10001fa2:	6a4a      	ldr	r2, [r1, #36]	@ 0x24
10001fa4:	429a      	cmp	r2, r3
10001fa6:	d3fc      	bcc.n	10001fa2 <busy_wait_us+0x36>
10001fa8:	429a      	cmp	r2, r3
10001faa:	d107      	bne.n	10001fbc <busy_wait_us+0x50>
10001fac:	4b06      	ldr	r3, [pc, #24]	@ (10001fc8 <busy_wait_us+0x5c>)
10001fae:	e002      	b.n	10001fb6 <busy_wait_us+0x4a>
10001fb0:	6a59      	ldr	r1, [r3, #36]	@ 0x24
10001fb2:	4291      	cmp	r1, r2
10001fb4:	d102      	bne.n	10001fbc <busy_wait_us+0x50>
10001fb6:	6a99      	ldr	r1, [r3, #40]	@ 0x28
10001fb8:	4281      	cmp	r1, r0
10001fba:	d3f9      	bcc.n	10001fb0 <busy_wait_us+0x44>
10001fbc:	bd00      	pop	{pc}
10001fbe:	4a02      	ldr	r2, [pc, #8]	@ (10001fc8 <busy_wait_us+0x5c>)
10001fc0:	6a52      	ldr	r2, [r2, #36]	@ 0x24
10001fc2:	4293      	cmp	r3, r2
10001fc4:	d8ec      	bhi.n	10001fa0 <busy_wait_us+0x34>
10001fc6:	e7ef      	b.n	10001fa8 <busy_wait_us+0x3c>
10001fc8:	400b0000 	.word	0x400b0000

10001fcc <busy_wait_until>:
10001fcc:	4a07      	ldr	r2, [pc, #28]	@ (10001fec <busy_wait_until+0x20>)
10001fce:	6a53      	ldr	r3, [r2, #36]	@ 0x24
10001fd0:	4299      	cmp	r1, r3
10001fd2:	d8fc      	bhi.n	10001fce <busy_wait_until+0x2>
10001fd4:	4299      	cmp	r1, r3
10001fd6:	d107      	bne.n	10001fe8 <busy_wait_until+0x1c>
10001fd8:	4b04      	ldr	r3, [pc, #16]	@ (10001fec <busy_wait_until+0x20>)
10001fda:	e002      	b.n	10001fe2 <busy_wait_until+0x16>
10001fdc:	6a5a      	ldr	r2, [r3, #36]	@ 0x24
10001fde:	4291      	cmp	r1, r2
10001fe0:	d102      	bne.n	10001fe8 <busy_wait_until+0x1c>
10001fe2:	6a9a      	ldr	r2, [r3, #40]	@ 0x28
10001fe4:	4290      	cmp	r0, r2
10001fe6:	d8f9      	bhi.n	10001fdc <busy_wait_until+0x10>
10001fe8:	4770      	bx	lr
10001fea:	bf00      	nop
10001fec:	400b0000 	.word	0x400b0000

10001ff0 <uart_init>:
10001ff0:	b570      	push	{r4, r5, r6, lr}
10001ff2:	4604      	mov	r4, r0
10001ff4:	b082      	sub	sp, #8
10001ff6:	2006      	movs	r0, #6
10001ff8:	460e      	mov	r6, r1
10001ffa:	f000 f8ef 	bl	100021dc <clock_get_hz>
10001ffe:	2800      	cmp	r0, #0
10002000:	d044      	beq.n	1000208c <uart_init+0x9c>
10002002:	4a38      	ldr	r2, [pc, #224]	@ (100020e4 <uart_init+0xf4>)
10002004:	4838      	ldr	r0, [pc, #224]	@ (100020e8 <uart_init+0xf8>)
10002006:	4294      	cmp	r4, r2
10002008:	bf14      	ite	ne
1000200a:	f04f 6280 	movne.w	r2, #67108864	@ 0x4000000
1000200e:	f04f 6200 	moveq.w	r2, #134217728	@ 0x8000000
10002012:	4b36      	ldr	r3, [pc, #216]	@ (100020ec <uart_init+0xfc>)
10002014:	4936      	ldr	r1, [pc, #216]	@ (100020f0 <uart_init+0x100>)
10002016:	6002      	str	r2, [r0, #0]
10002018:	601a      	str	r2, [r3, #0]
1000201a:	688d      	ldr	r5, [r1, #8]
1000201c:	ea32 0505 	bics.w	r5, r2, r5
10002020:	d1fb      	bne.n	1000201a <uart_init+0x2a>
10002022:	4a30      	ldr	r2, [pc, #192]	@ (100020e4 <uart_init+0xf4>)
10002024:	f44f 7080 	mov.w	r0, #256	@ 0x100
10002028:	1aa2      	subs	r2, r4, r2
1000202a:	fab2 f282 	clz	r2, r2
1000202e:	4931      	ldr	r1, [pc, #196]	@ (100020f4 <uart_init+0x104>)
10002030:	0952      	lsrs	r2, r2, #5
10002032:	f821 0012 	strh.w	r0, [r1, r2, lsl #1]
10002036:	2006      	movs	r0, #6
10002038:	f000 f8d0 	bl	100021dc <clock_get_hz>
1000203c:	00c2      	lsls	r2, r0, #3
1000203e:	fbb2 f2f6 	udiv	r2, r2, r6
10002042:	3201      	adds	r2, #1
10002044:	09d1      	lsrs	r1, r2, #7
10002046:	d123      	bne.n	10002090 <uart_init+0xa0>
10002048:	2640      	movs	r6, #64	@ 0x40
1000204a:	2301      	movs	r3, #1
1000204c:	6263      	str	r3, [r4, #36]	@ 0x24
1000204e:	62a1      	str	r1, [r4, #40]	@ 0x28
10002050:	6b25      	ldr	r5, [r4, #48]	@ 0x30
10002052:	07eb      	lsls	r3, r5, #31
10002054:	d425      	bmi.n	100020a2 <uart_init+0xb2>
10002056:	4623      	mov	r3, r4
10002058:	2100      	movs	r1, #0
1000205a:	f853 2f2c 	ldr.w	r2, [r3, #44]!
1000205e:	2006      	movs	r0, #6
10002060:	f503 5280 	add.w	r2, r3, #4096	@ 0x1000
10002064:	6011      	str	r1, [r2, #0]
10002066:	6325      	str	r5, [r4, #48]	@ 0x30
10002068:	9201      	str	r2, [sp, #4]
1000206a:	f000 f8b7 	bl	100021dc <clock_get_hz>
1000206e:	f240 3501 	movw	r5, #769	@ 0x301
10002072:	2103      	movs	r1, #3
10002074:	0080      	lsls	r0, r0, #2
10002076:	fbb0 f0f6 	udiv	r0, r0, r6
1000207a:	6ae3      	ldr	r3, [r4, #44]	@ 0x2c
1000207c:	9a01      	ldr	r2, [sp, #4]
1000207e:	f083 0370 	eor.w	r3, r3, #112	@ 0x70
10002082:	f003 037e 	and.w	r3, r3, #126	@ 0x7e
10002086:	6013      	str	r3, [r2, #0]
10002088:	6325      	str	r5, [r4, #48]	@ 0x30
1000208a:	64a1      	str	r1, [r4, #72]	@ 0x48
1000208c:	b002      	add	sp, #8
1000208e:	bd70      	pop	{r4, r5, r6, pc}
10002090:	f64f 70fe 	movw	r0, #65534	@ 0xfffe
10002094:	4281      	cmp	r1, r0
10002096:	d91d      	bls.n	100020d4 <uart_init+0xe4>
10002098:	4629      	mov	r1, r5
1000209a:	f64f 73ff 	movw	r3, #65535	@ 0xffff
1000209e:	4e16      	ldr	r6, [pc, #88]	@ (100020f8 <uart_init+0x108>)
100020a0:	e7d4      	b.n	1000204c <uart_init+0x5c>
100020a2:	f240 3201 	movw	r2, #769	@ 0x301
100020a6:	f504 5340 	add.w	r3, r4, #12288	@ 0x3000
100020aa:	631a      	str	r2, [r3, #48]	@ 0x30
100020ac:	6a63      	ldr	r3, [r4, #36]	@ 0x24
100020ae:	6aa2      	ldr	r2, [r4, #40]	@ 0x28
100020b0:	2006      	movs	r0, #6
100020b2:	eb02 1283 	add.w	r2, r2, r3, lsl #6
100020b6:	9201      	str	r2, [sp, #4]
100020b8:	f000 f890 	bl	100021dc <clock_get_hz>
100020bc:	4b0f      	ldr	r3, [pc, #60]	@ (100020fc <uart_init+0x10c>)
100020be:	9a01      	ldr	r2, [sp, #4]
100020c0:	fba3 1300 	umull	r1, r3, r3, r0
100020c4:	0290      	lsls	r0, r2, #10
100020c6:	0adb      	lsrs	r3, r3, #11
100020c8:	fbb0 f0f3 	udiv	r0, r0, r3
100020cc:	2100      	movs	r1, #0
100020ce:	f7ff ff4d 	bl	10001f6c <busy_wait_us>
100020d2:	e7c0      	b.n	10002056 <uart_init+0x66>
100020d4:	f3c2 0245 	ubfx	r2, r2, #1, #6
100020d8:	460b      	mov	r3, r1
100020da:	eb02 1681 	add.w	r6, r2, r1, lsl #6
100020de:	4611      	mov	r1, r2
100020e0:	e7b4      	b.n	1000204c <uart_init+0x5c>
100020e2:	bf00      	nop
100020e4:	40078000 	.word	0x40078000
100020e8:	40022000 	.word	0x40022000
100020ec:	40023000 	.word	0x40023000
100020f0:	40020000 	.word	0x40020000
100020f4:	20002c8c 	.word	0x20002c8c
100020f8:	003fffc0 	.word	0x003fffc0
100020fc:	8f2b7b75 	.word	0x8f2b7b75

10002100 <clock_configure_undivided>:
10002100:	eb00 0c40 	add.w	ip, r0, r0, lsl #1
10002104:	ea4f 0c8c 	mov.w	ip, ip, lsl #2
10002108:	f10c 4c80 	add.w	ip, ip, #1073741824	@ 0x40000000
1000210c:	f50c 3c80 	add.w	ip, ip, #65536	@ 0x10000
10002110:	b570      	push	{r4, r5, r6, lr}
10002112:	461e      	mov	r6, r3
10002114:	f8dc 3004 	ldr.w	r3, [ip, #4]
10002118:	1f04      	subs	r4, r0, #4
1000211a:	f5b3 3f80 	cmp.w	r3, #65536	@ 0x10000
1000211e:	bf38      	it	cc
10002120:	f44f 3380 	movcc.w	r3, #65536	@ 0x10000
10002124:	b2e4      	uxtb	r4, r4
10002126:	bf38      	it	cc
10002128:	f8cc 3004 	strcc.w	r3, [ip, #4]
1000212c:	2c01      	cmp	r4, #1
1000212e:	d92e      	bls.n	1000218e <clock_configure_undivided+0x8e>
10002130:	f44f 6500 	mov.w	r5, #2048	@ 0x800
10002134:	4b28      	ldr	r3, [pc, #160]	@ (100021d8 <clock_configure_undivided+0xd8>)
10002136:	f50c 5e40 	add.w	lr, ip, #12288	@ 0x3000
1000213a:	f8ce 5000 	str.w	r5, [lr]
1000213e:	f853 e020 	ldr.w	lr, [r3, r0, lsl #2]
10002142:	f1be 0f00 	cmp.w	lr, #0
10002146:	d117      	bne.n	10002178 <clock_configure_undivided+0x78>
10002148:	f8dc e000 	ldr.w	lr, [ip]
1000214c:	2c01      	cmp	r4, #1
1000214e:	ea8e 1242 	eor.w	r2, lr, r2, lsl #5
10002152:	f002 02e0 	and.w	r2, r2, #224	@ 0xe0
10002156:	f50c 5e80 	add.w	lr, ip, #4096	@ 0x1000
1000215a:	f8ce 2000 	str.w	r2, [lr]
1000215e:	d92b      	bls.n	100021b8 <clock_configure_undivided+0xb8>
10002160:	f44f 6100 	mov.w	r1, #2048	@ 0x800
10002164:	f843 6020 	str.w	r6, [r3, r0, lsl #2]
10002168:	f44f 3380 	mov.w	r3, #65536	@ 0x10000
1000216c:	f50c 5200 	add.w	r2, ip, #8192	@ 0x2000
10002170:	6011      	str	r1, [r2, #0]
10002172:	f8cc 3004 	str.w	r3, [ip, #4]
10002176:	bd70      	pop	{r4, r5, r6, pc}
10002178:	695d      	ldr	r5, [r3, #20]
1000217a:	fbb5 fefe 	udiv	lr, r5, lr
1000217e:	f10e 0e01 	add.w	lr, lr, #1
10002182:	eb0e 0e4e 	add.w	lr, lr, lr, lsl #1
10002186:	f1be 0e03 	subs.w	lr, lr, #3
1000218a:	d2fc      	bcs.n	10002186 <clock_configure_undivided+0x86>
1000218c:	e7dc      	b.n	10002148 <clock_configure_undivided+0x48>
1000218e:	2901      	cmp	r1, #1
10002190:	d1ce      	bne.n	10002130 <clock_configure_undivided+0x30>
10002192:	2403      	movs	r4, #3
10002194:	f50c 5340 	add.w	r3, ip, #12288	@ 0x3000
10002198:	601c      	str	r4, [r3, #0]
1000219a:	f8dc 3008 	ldr.w	r3, [ip, #8]
1000219e:	07db      	lsls	r3, r3, #31
100021a0:	d5fb      	bpl.n	1000219a <clock_configure_undivided+0x9a>
100021a2:	f8dc 3000 	ldr.w	r3, [ip]
100021a6:	f50c 5e80 	add.w	lr, ip, #4096	@ 0x1000
100021aa:	ea83 1342 	eor.w	r3, r3, r2, lsl #5
100021ae:	f003 03e0 	and.w	r3, r3, #224	@ 0xe0
100021b2:	f8ce 3000 	str.w	r3, [lr]
100021b6:	4b08      	ldr	r3, [pc, #32]	@ (100021d8 <clock_configure_undivided+0xd8>)
100021b8:	2201      	movs	r2, #1
100021ba:	f8dc 4000 	ldr.w	r4, [ip]
100021be:	404c      	eors	r4, r1
100021c0:	f004 0403 	and.w	r4, r4, #3
100021c4:	f8ce 4000 	str.w	r4, [lr]
100021c8:	fa02 f101 	lsl.w	r1, r2, r1
100021cc:	f8dc 2008 	ldr.w	r2, [ip, #8]
100021d0:	420a      	tst	r2, r1
100021d2:	d0fb      	beq.n	100021cc <clock_configure_undivided+0xcc>
100021d4:	e7c4      	b.n	10002160 <clock_configure_undivided+0x60>
100021d6:	bf00      	nop
100021d8:	200026e4 	.word	0x200026e4

100021dc <clock_get_hz>:
100021dc:	4b01      	ldr	r3, [pc, #4]	@ (100021e4 <clock_get_hz+0x8>)
100021de:	f853 0020 	ldr.w	r0, [r3, r0, lsl #2]
100021e2:	4770      	bx	lr
100021e4:	200026e4 	.word	0x200026e4

100021e8 <pll_init>:
100021e8:	b510      	push	{r4, lr}
100021ea:	9c02      	ldr	r4, [sp, #8]
100021ec:	468e      	mov	lr, r1
100021ee:	ea4f 3c04 	mov.w	ip, r4, lsl #12
100021f2:	ea4c 4c03 	orr.w	ip, ip, r3, lsl #16
100021f6:	4b1c      	ldr	r3, [pc, #112]	@ (10002268 <pll_init+0x80>)
100021f8:	fbb3 f3f1 	udiv	r3, r3, r1
100021fc:	6801      	ldr	r1, [r0, #0]
100021fe:	fbb2 f4f3 	udiv	r4, r2, r3
10002202:	2900      	cmp	r1, #0
10002204:	db20      	blt.n	10002248 <pll_init+0x60>
10002206:	4a19      	ldr	r2, [pc, #100]	@ (1000226c <pll_init+0x84>)
10002208:	4b19      	ldr	r3, [pc, #100]	@ (10002270 <pll_init+0x88>)
1000220a:	4290      	cmp	r0, r2
1000220c:	bf14      	ite	ne
1000220e:	f44f 4280 	movne.w	r2, #16384	@ 0x4000
10002212:	f44f 4200 	moveq.w	r2, #32768	@ 0x8000
10002216:	4917      	ldr	r1, [pc, #92]	@ (10002274 <pll_init+0x8c>)
10002218:	601a      	str	r2, [r3, #0]
1000221a:	f503 5380 	add.w	r3, r3, #4096	@ 0x1000
1000221e:	601a      	str	r2, [r3, #0]
10002220:	688b      	ldr	r3, [r1, #8]
10002222:	ea32 0303 	bics.w	r3, r2, r3
10002226:	d1fb      	bne.n	10002220 <pll_init+0x38>
10002228:	2221      	movs	r2, #33	@ 0x21
1000222a:	f500 5340 	add.w	r3, r0, #12288	@ 0x3000
1000222e:	3304      	adds	r3, #4
10002230:	f8c0 e000 	str.w	lr, [r0]
10002234:	6084      	str	r4, [r0, #8]
10002236:	601a      	str	r2, [r3, #0]
10002238:	6802      	ldr	r2, [r0, #0]
1000223a:	2a00      	cmp	r2, #0
1000223c:	dafc      	bge.n	10002238 <pll_init+0x50>
1000223e:	2208      	movs	r2, #8
10002240:	f8c0 c00c 	str.w	ip, [r0, #12]
10002244:	601a      	str	r2, [r3, #0]
10002246:	bd10      	pop	{r4, pc}
10002248:	6803      	ldr	r3, [r0, #0]
1000224a:	f003 033f 	and.w	r3, r3, #63	@ 0x3f
1000224e:	4573      	cmp	r3, lr
10002250:	d1d9      	bne.n	10002206 <pll_init+0x1e>
10002252:	6883      	ldr	r3, [r0, #8]
10002254:	f3c3 030b 	ubfx	r3, r3, #0, #12
10002258:	42a3      	cmp	r3, r4
1000225a:	d1d4      	bne.n	10002206 <pll_init+0x1e>
1000225c:	68c3      	ldr	r3, [r0, #12]
1000225e:	f403 23ee 	and.w	r3, r3, #487424	@ 0x77000
10002262:	4563      	cmp	r3, ip
10002264:	d1cf      	bne.n	10002206 <pll_init+0x1e>
10002266:	bd10      	pop	{r4, pc}
10002268:	00b71b00 	.word	0x00b71b00
1000226c:	40058000 	.word	0x40058000
10002270:	40022000 	.word	0x40022000
10002274:	40020000 	.word	0x40020000

10002278 <watchdog_reboot>:
10002278:	f04f 4c80 	mov.w	ip, #1073741824	@ 0x40000000
1000227c:	4b21      	ldr	r3, [pc, #132]	@ (10002304 <watchdog_reboot+0x8c>)
1000227e:	b500      	push	{lr}
10002280:	f8c3 c000 	str.w	ip, [r3]
10002284:	2800      	cmp	r0, #0
10002286:	d039      	beq.n	100022fc <watchdog_reboot+0x84>
10002288:	f8df c088 	ldr.w	ip, [pc, #136]	@ 10002314 <watchdog_reboot+0x9c>
1000228c:	f5a3 5340 	sub.w	r3, r3, #12288	@ 0x3000
10002290:	f8c3 c01c 	str.w	ip, [r3, #28]
10002294:	f8df c080 	ldr.w	ip, [pc, #128]	@ 10002318 <watchdog_reboot+0xa0>
10002298:	f040 0001 	orr.w	r0, r0, #1
1000229c:	ea80 0c0c 	eor.w	ip, r0, ip
100022a0:	f8c3 c020 	str.w	ip, [r3, #32]
100022a4:	6259      	str	r1, [r3, #36]	@ 0x24
100022a6:	6298      	str	r0, [r3, #40]	@ 0x28
100022a8:	f04f 4e80 	mov.w	lr, #1073741824	@ 0x40000000
100022ac:	f04f 61e0 	mov.w	r1, #117440512	@ 0x7000000
100022b0:	4b14      	ldr	r3, [pc, #80]	@ (10002304 <watchdog_reboot+0x8c>)
100022b2:	4815      	ldr	r0, [pc, #84]	@ (10002308 <watchdog_reboot+0x90>)
100022b4:	f8df c064 	ldr.w	ip, [pc, #100]	@ 1000231c <watchdog_reboot+0xa4>
100022b8:	f8c3 e000 	str.w	lr, [r3]
100022bc:	f8c0 c008 	str.w	ip, [r0, #8]
100022c0:	6019      	str	r1, [r3, #0]
100022c2:	b92a      	cbnz	r2, 100022d0 <watchdog_reboot+0x58>
100022c4:	f04f 4200 	mov.w	r2, #2147483648	@ 0x80000000
100022c8:	f5a3 5380 	sub.w	r3, r3, #4096	@ 0x1000
100022cc:	601a      	str	r2, [r3, #0]
100022ce:	bd00      	pop	{pc}
100022d0:	f44f 737a 	mov.w	r3, #1000	@ 0x3e8
100022d4:	fb03 f202 	mul.w	r2, r3, r2
100022d8:	f1b2 7f80 	cmp.w	r2, #16777216	@ 0x1000000
100022dc:	bf2a      	itet	cs
100022de:	f06f 437f 	mvncs.w	r3, #4278190080	@ 0xff000000
100022e2:	4613      	movcc	r3, r2
100022e4:	461a      	movcs	r2, r3
100022e6:	f04f 4180 	mov.w	r1, #1073741824	@ 0x40000000
100022ea:	f8df c034 	ldr.w	ip, [pc, #52]	@ 10002320 <watchdog_reboot+0xa8>
100022ee:	4807      	ldr	r0, [pc, #28]	@ (1000230c <watchdog_reboot+0x94>)
100022f0:	f8cc 3000 	str.w	r3, [ip]
100022f4:	4b06      	ldr	r3, [pc, #24]	@ (10002310 <watchdog_reboot+0x98>)
100022f6:	6042      	str	r2, [r0, #4]
100022f8:	6019      	str	r1, [r3, #0]
100022fa:	bd00      	pop	{pc}
100022fc:	4b03      	ldr	r3, [pc, #12]	@ (1000230c <watchdog_reboot+0x94>)
100022fe:	61d8      	str	r0, [r3, #28]
10002300:	e7d2      	b.n	100022a8 <watchdog_reboot+0x30>
10002302:	bf00      	nop
10002304:	400db000 	.word	0x400db000
10002308:	4001a000 	.word	0x4001a000
1000230c:	400d8000 	.word	0x400d8000
10002310:	400da000 	.word	0x400da000
10002314:	b007c0d3 	.word	0xb007c0d3
10002318:	4ff83f2d 	.word	0x4ff83f2d
1000231c:	01fffff3 	.word	0x01fffff3
10002320:	20002bd0 	.word	0x20002bd0

10002324 <tick_start>:
10002324:	2301      	movs	r3, #1
10002326:	eb00 0040 	add.w	r0, r0, r0, lsl #1
1000232a:	0080      	lsls	r0, r0, #2
1000232c:	f100 4080 	add.w	r0, r0, #1073741824	@ 0x40000000
10002330:	f500 1084 	add.w	r0, r0, #1081344	@ 0x108000
10002334:	6041      	str	r1, [r0, #4]
10002336:	6003      	str	r3, [r0, #0]
10002338:	4770      	bx	lr
1000233a:	bf00      	nop

1000233c <rom_reboot.constprop.0.isra.0>:
1000233c:	b510      	push	{r4, lr}
1000233e:	2400      	movs	r4, #0
10002340:	b082      	sub	sp, #8
10002342:	460b      	mov	r3, r1
10002344:	8ae4      	ldrh	r4, [r4, #22]
10002346:	2100      	movs	r1, #0
10002348:	e841 f100 	tt	r1, r1
1000234c:	e9cd 0300 	strd	r0, r3, [sp]
10002350:	024b      	lsls	r3, r1, #9
10002352:	bf54      	ite	pl
10002354:	2110      	movpl	r1, #16
10002356:	2104      	movmi	r1, #4
10002358:	f244 2052 	movw	r0, #16978	@ 0x4252
1000235c:	47a0      	blx	r4
1000235e:	e9dd 2300 	ldrd	r2, r3, [sp]
10002362:	4686      	mov	lr, r0
10002364:	210a      	movs	r1, #10
10002366:	f44f 7081 	mov.w	r0, #258	@ 0x102
1000236a:	46f4      	mov	ip, lr
1000236c:	b002      	add	sp, #8
1000236e:	e8bd 4010 	ldmia.w	sp!, {r4, lr}
10002372:	4760      	bx	ip

10002374 <rom_func_lookup>:
10002374:	2300      	movs	r3, #0
10002376:	8adb      	ldrh	r3, [r3, #22]
10002378:	2200      	movs	r2, #0
1000237a:	e842 f200 	tt	r2, r2
1000237e:	0252      	lsls	r2, r2, #9
10002380:	d401      	bmi.n	10002386 <rom_func_lookup+0x12>
10002382:	2110      	movs	r1, #16
10002384:	4718      	bx	r3
10002386:	2104      	movs	r1, #4
10002388:	4718      	bx	r3
1000238a:	bf00      	nop

1000238c <rom_reset_usb_boot_extra>:
1000238c:	b508      	push	{r3, lr}
1000238e:	4603      	mov	r3, r0
10002390:	4608      	mov	r0, r1
10002392:	1e19      	subs	r1, r3, #0
10002394:	db02      	blt.n	1000239c <rom_reset_usb_boot_extra+0x10>
10002396:	b11a      	cbz	r2, 100023a0 <rom_reset_usb_boot_extra+0x14>
10002398:	f040 0030 	orr.w	r0, r0, #48	@ 0x30
1000239c:	f7ff ffce 	bl	1000233c <rom_reboot.constprop.0.isra.0>
100023a0:	f040 0020 	orr.w	r0, r0, #32
100023a4:	e7fa      	b.n	1000239c <rom_reset_usb_boot_extra+0x10>
100023a6:	bf00      	nop

100023a8 <runtime_init_bootrom_locking_enable>:
100023a8:	4a03      	ldr	r2, [pc, #12]	@ (100023b8 <runtime_init_bootrom_locking_enable+0x10>)
100023aa:	f8d2 3828 	ldr.w	r3, [r2, #2088]	@ 0x828
100023ae:	2b00      	cmp	r3, #0
100023b0:	d0fb      	beq.n	100023aa <runtime_init_bootrom_locking_enable+0x2>
100023b2:	f3bf 8f5f 	dmb	sy
100023b6:	4770      	bx	lr
100023b8:	400e0000 	.word	0x400e0000

100023bc <runtime_init_boot_locks_reset>:
100023bc:	2100      	movs	r1, #0
100023be:	4b04      	ldr	r3, [pc, #16]	@ (100023d0 <runtime_init_boot_locks_reset+0x14>)
100023c0:	4a04      	ldr	r2, [pc, #16]	@ (100023d4 <runtime_init_boot_locks_reset+0x18>)
100023c2:	f3bf 8f5f 	dmb	sy
100023c6:	f843 1b04 	str.w	r1, [r3], #4
100023ca:	4293      	cmp	r3, r2
100023cc:	d1f9      	bne.n	100023c2 <runtime_init_boot_locks_reset+0x6>
100023ce:	4770      	bx	lr
100023d0:	400e080c 	.word	0x400e080c
100023d4:	400e082c 	.word	0x400e082c

100023d8 <xosc_init>:
100023d8:	f44f 6c2a 	mov.w	ip, #2720	@ 0xaa0
100023dc:	f44f 708d 	mov.w	r0, #282	@ 0x11a
100023e0:	4a05      	ldr	r2, [pc, #20]	@ (100023f8 <xosc_init+0x20>)
100023e2:	4b06      	ldr	r3, [pc, #24]	@ (100023fc <xosc_init+0x24>)
100023e4:	4906      	ldr	r1, [pc, #24]	@ (10002400 <xosc_init+0x28>)
100023e6:	f8c2 c000 	str.w	ip, [r2]
100023ea:	60d0      	str	r0, [r2, #12]
100023ec:	6019      	str	r1, [r3, #0]
100023ee:	6853      	ldr	r3, [r2, #4]
100023f0:	2b00      	cmp	r3, #0
100023f2:	dafc      	bge.n	100023ee <xosc_init+0x16>
100023f4:	4770      	bx	lr
100023f6:	bf00      	nop
100023f8:	40048000 	.word	0x40048000
100023fc:	4004a000 	.word	0x4004a000
10002400:	00fab000 	.word	0x00fab000

10002404 <first_per_core_initializer>:
10002404:	4770      	bx	lr
10002406:	bf00      	nop

10002408 <hard_assertion_failure>:
10002408:	b508      	push	{r3, lr}
1000240a:	4801      	ldr	r0, [pc, #4]	@ (10002410 <hard_assertion_failure+0x8>)
1000240c:	f7fe fe52 	bl	100010b4 <panic>
10002410:	1000b140 	.word	0x1000b140

10002414 <runtime_run_initializers>:
10002414:	b538      	push	{r3, r4, r5, lr}
10002416:	4c05      	ldr	r4, [pc, #20]	@ (1000242c <runtime_run_initializers+0x18>)
10002418:	4d05      	ldr	r5, [pc, #20]	@ (10002430 <runtime_run_initializers+0x1c>)
1000241a:	42ac      	cmp	r4, r5
1000241c:	d204      	bcs.n	10002428 <runtime_run_initializers+0x14>
1000241e:	f854 3b04 	ldr.w	r3, [r4], #4
10002422:	4798      	blx	r3
10002424:	42ac      	cmp	r4, r5
10002426:	d3fa      	bcc.n	1000241e <runtime_run_initializers+0xa>
10002428:	bd38      	pop	{r3, r4, r5, pc}
1000242a:	bf00      	nop
1000242c:	1000afb8 	.word	0x1000afb8
10002430:	1000aff8 	.word	0x1000aff8

10002434 <runtime_init_early_resets>:
10002434:	4806      	ldr	r0, [pc, #24]	@ (10002450 <runtime_init_early_resets+0x1c>)
10002436:	f8df c028 	ldr.w	ip, [pc, #40]	@ 10002460 <runtime_init_early_resets+0x2c>
1000243a:	4b06      	ldr	r3, [pc, #24]	@ (10002454 <runtime_init_early_resets+0x20>)
1000243c:	4a06      	ldr	r2, [pc, #24]	@ (10002458 <runtime_init_early_resets+0x24>)
1000243e:	4907      	ldr	r1, [pc, #28]	@ (1000245c <runtime_init_early_resets+0x28>)
10002440:	f8c0 c000 	str.w	ip, [r0]
10002444:	601a      	str	r2, [r3, #0]
10002446:	688b      	ldr	r3, [r1, #8]
10002448:	ea32 0303 	bics.w	r3, r2, r3
1000244c:	d1fb      	bne.n	10002446 <runtime_init_early_resets+0x12>
1000244e:	4770      	bx	lr
10002450:	40022000 	.word	0x40022000
10002454:	40023000 	.word	0x40023000
10002458:	03f3fff6 	.word	0x03f3fff6
1000245c:	40020000 	.word	0x40020000
10002460:	efef3b7f 	.word	0xefef3b7f

10002464 <runtime_init_usb_power_down>:
10002464:	4b04      	ldr	r3, [pc, #16]	@ (10002478 <runtime_init_usb_power_down+0x14>)
10002466:	6cdb      	ldr	r3, [r3, #76]	@ 0x4c
10002468:	f5b3 4f00 	cmp.w	r3, #32768	@ 0x8000
1000246c:	d103      	bne.n	10002476 <runtime_init_usb_power_down+0x12>
1000246e:	f44f 2280 	mov.w	r2, #262144	@ 0x40000
10002472:	4b02      	ldr	r3, [pc, #8]	@ (1000247c <runtime_init_usb_power_down+0x18>)
10002474:	64da      	str	r2, [r3, #76]	@ 0x4c
10002476:	4770      	bx	lr
10002478:	50110000 	.word	0x50110000
1000247c:	50112000 	.word	0x50112000

10002480 <runtime_init_per_core_enable_coprocessors>:
10002480:	f04f 22e0 	mov.w	r2, #3758153728	@ 0xe000e000
10002484:	4b04      	ldr	r3, [pc, #16]	@ (10002498 <runtime_init_per_core_enable_coprocessors+0x18>)
10002486:	f8d2 1d88 	ldr.w	r1, [r2, #3464]	@ 0xd88
1000248a:	430b      	orrs	r3, r1
1000248c:	f8c2 3d88 	str.w	r3, [r2, #3464]	@ 0xd88
10002490:	ee10 0430 			dcp_rcmp r0
10002494:	4770      	bx	lr
10002496:	bf00      	nop
10002498:	00300303 	.word	0x00300303

1000249c <runtime_init_post_clock_resets>:
1000249c:	f06f 4160 	mvn.w	r1, #3758096384	@ 0xe0000000
100024a0:	4b04      	ldr	r3, [pc, #16]	@ (100024b4 <runtime_init_post_clock_resets+0x18>)
100024a2:	4a05      	ldr	r2, [pc, #20]	@ (100024b8 <runtime_init_post_clock_resets+0x1c>)
100024a4:	6019      	str	r1, [r3, #0]
100024a6:	6893      	ldr	r3, [r2, #8]
100024a8:	43db      	mvns	r3, r3
100024aa:	f033 4360 	bics.w	r3, r3, #3758096384	@ 0xe0000000
100024ae:	d1fa      	bne.n	100024a6 <runtime_init_post_clock_resets+0xa>
100024b0:	4770      	bx	lr
100024b2:	bf00      	nop
100024b4:	40023000 	.word	0x40023000
100024b8:	40020000 	.word	0x40020000

100024bc <runtime_init_bootrom_reset>:
100024bc:	b510      	push	{r4, lr}
100024be:	f245 2053 	movw	r0, #21075	@ 0x5253
100024c2:	f7ff ff57 	bl	10002374 <rom_func_lookup>
100024c6:	e8bd 4010 	ldmia.w	sp!, {r4, lr}
100024ca:	4603      	mov	r3, r0
100024cc:	2004      	movs	r0, #4
100024ce:	4718      	bx	r3

100024d0 <runtime_init_per_core_bootrom_reset>:
100024d0:	b510      	push	{r4, lr}
100024d2:	f245 2053 	movw	r0, #21075	@ 0x5253
100024d6:	f7ff ff4d 	bl	10002374 <rom_func_lookup>
100024da:	e8bd 4010 	ldmia.w	sp!, {r4, lr}
100024de:	4603      	mov	r3, r0
100024e0:	2001      	movs	r0, #1
100024e2:	4718      	bx	r3

100024e4 <runtime_init_spin_locks_reset>:
100024e4:	f7fe be92 	b.w	1000120c <spin_locks_reset>

100024e8 <runtime_init_install_ram_vector_table>:
100024e8:	4914      	ldr	r1, [pc, #80]	@ (1000253c <runtime_init_install_ram_vector_table+0x54>)
100024ea:	4b15      	ldr	r3, [pc, #84]	@ (10002540 <runtime_init_install_ram_vector_table+0x58>)
100024ec:	b570      	push	{r4, r5, r6, lr}
100024ee:	1a5c      	subs	r4, r3, r1
100024f0:	10a6      	asrs	r6, r4, #2
100024f2:	2e44      	cmp	r6, #68	@ 0x44
100024f4:	4632      	mov	r2, r6
100024f6:	bf28      	it	cs
100024f8:	2244      	movcs	r2, #68	@ 0x44
100024fa:	4d12      	ldr	r5, [pc, #72]	@ (10002544 <runtime_init_install_ram_vector_table+0x5c>)
100024fc:	0092      	lsls	r2, r2, #2
100024fe:	4628      	mov	r0, r5
10002500:	f006 ffe8 	bl	100094d4 <memcpy>
10002504:	f5b4 7f86 	cmp.w	r4, #268	@ 0x10c
10002508:	d813      	bhi.n	10002532 <runtime_init_install_ram_vector_table+0x4a>
1000250a:	4a0f      	ldr	r2, [pc, #60]	@ (10002548 <runtime_init_install_ram_vector_table+0x60>)
1000250c:	d014      	beq.n	10002538 <runtime_init_install_ram_vector_table+0x50>
1000250e:	f1c6 0044 	rsb	r0, r6, #68	@ 0x44
10002512:	192b      	adds	r3, r5, r4
10002514:	0841      	lsrs	r1, r0, #1
10002516:	eb03 01c1 	add.w	r1, r3, r1, lsl #3
1000251a:	e9c3 2200 	strd	r2, r2, [r3]
1000251e:	3308      	adds	r3, #8
10002520:	4299      	cmp	r1, r3
10002522:	d1fa      	bne.n	1000251a <runtime_init_install_ram_vector_table+0x32>
10002524:	07c3      	lsls	r3, r0, #31
10002526:	d504      	bpl.n	10002532 <runtime_init_install_ram_vector_table+0x4a>
10002528:	f020 0001 	bic.w	r0, r0, #1
1000252c:	4430      	add	r0, r6
1000252e:	f845 2020 	str.w	r2, [r5, r0, lsl #2]
10002532:	4b06      	ldr	r3, [pc, #24]	@ (1000254c <runtime_init_install_ram_vector_table+0x64>)
10002534:	609d      	str	r5, [r3, #8]
10002536:	bd70      	pop	{r4, r5, r6, pc}
10002538:	2043      	movs	r0, #67	@ 0x43
1000253a:	e7f8      	b.n	1000252e <runtime_init_install_ram_vector_table+0x46>
1000253c:	10000000 	.word	0x10000000
10002540:	10000110 	.word	0x10000110
10002544:	20000000 	.word	0x20000000
10002548:	10000111 	.word	0x10000111
1000254c:	e000ed00 	.word	0xe000ed00

10002550 <runtime_init_clocks>:
10002550:	2300      	movs	r3, #0
10002552:	b570      	push	{r4, r5, r6, lr}
10002554:	4c2b      	ldr	r4, [pc, #172]	@ (10002604 <runtime_init_clocks+0xb4>)
10002556:	b082      	sub	sp, #8
10002558:	f8c4 3084 	str.w	r3, [r4, #132]	@ 0x84
1000255c:	f7ff ff3c 	bl	100023d8 <xosc_init>
10002560:	2201      	movs	r2, #1
10002562:	4b29      	ldr	r3, [pc, #164]	@ (10002608 <runtime_init_clocks+0xb8>)
10002564:	63da      	str	r2, [r3, #60]	@ 0x3c
10002566:	6c63      	ldr	r3, [r4, #68]	@ 0x44
10002568:	2b01      	cmp	r3, #1
1000256a:	d1fc      	bne.n	10002566 <runtime_init_clocks+0x16>
1000256c:	2103      	movs	r1, #3
1000256e:	4a26      	ldr	r2, [pc, #152]	@ (10002608 <runtime_init_clocks+0xb8>)
10002570:	4b24      	ldr	r3, [pc, #144]	@ (10002604 <runtime_init_clocks+0xb4>)
10002572:	6311      	str	r1, [r2, #48]	@ 0x30
10002574:	6b9c      	ldr	r4, [r3, #56]	@ 0x38
10002576:	2c01      	cmp	r4, #1
10002578:	d1fc      	bne.n	10002574 <runtime_init_clocks+0x24>
1000257a:	2602      	movs	r6, #2
1000257c:	2505      	movs	r5, #5
1000257e:	4621      	mov	r1, r4
10002580:	2305      	movs	r3, #5
10002582:	4a22      	ldr	r2, [pc, #136]	@ (1000260c <runtime_init_clocks+0xbc>)
10002584:	4822      	ldr	r0, [pc, #136]	@ (10002610 <runtime_init_clocks+0xc0>)
10002586:	9600      	str	r6, [sp, #0]
10002588:	f7ff fe2e 	bl	100021e8 <pll_init>
1000258c:	4621      	mov	r1, r4
1000258e:	462b      	mov	r3, r5
10002590:	4a20      	ldr	r2, [pc, #128]	@ (10002614 <runtime_init_clocks+0xc4>)
10002592:	4821      	ldr	r0, [pc, #132]	@ (10002618 <runtime_init_clocks+0xc8>)
10002594:	9500      	str	r5, [sp, #0]
10002596:	f7ff fe27 	bl	100021e8 <pll_init>
1000259a:	2200      	movs	r2, #0
1000259c:	2004      	movs	r0, #4
1000259e:	4631      	mov	r1, r6
100025a0:	4b1e      	ldr	r3, [pc, #120]	@ (1000261c <runtime_init_clocks+0xcc>)
100025a2:	f7ff fdad 	bl	10002100 <clock_configure_undivided>
100025a6:	4621      	mov	r1, r4
100025a8:	4628      	mov	r0, r5
100025aa:	2200      	movs	r2, #0
100025ac:	4b1c      	ldr	r3, [pc, #112]	@ (10002620 <runtime_init_clocks+0xd0>)
100025ae:	f7ff fda7 	bl	10002100 <clock_configure_undivided>
100025b2:	2200      	movs	r2, #0
100025b4:	2008      	movs	r0, #8
100025b6:	4611      	mov	r1, r2
100025b8:	4b1a      	ldr	r3, [pc, #104]	@ (10002624 <runtime_init_clocks+0xd4>)
100025ba:	f7ff fda1 	bl	10002100 <clock_configure_undivided>
100025be:	2200      	movs	r2, #0
100025c0:	2009      	movs	r0, #9
100025c2:	4611      	mov	r1, r2
100025c4:	4b17      	ldr	r3, [pc, #92]	@ (10002624 <runtime_init_clocks+0xd4>)
100025c6:	f7ff fd9b 	bl	10002100 <clock_configure_undivided>
100025ca:	2200      	movs	r2, #0
100025cc:	2006      	movs	r0, #6
100025ce:	4611      	mov	r1, r2
100025d0:	4b13      	ldr	r3, [pc, #76]	@ (10002620 <runtime_init_clocks+0xd0>)
100025d2:	f7ff fd95 	bl	10002100 <clock_configure_undivided>
100025d6:	2200      	movs	r2, #0
100025d8:	4b11      	ldr	r3, [pc, #68]	@ (10002620 <runtime_init_clocks+0xd0>)
100025da:	2007      	movs	r0, #7
100025dc:	4611      	mov	r1, r2
100025de:	f7ff fd8f 	bl	10002100 <clock_configure_undivided>
100025e2:	2004      	movs	r0, #4
100025e4:	f7ff fdfa 	bl	100021dc <clock_get_hz>
100025e8:	2400      	movs	r4, #0
100025ea:	4b0f      	ldr	r3, [pc, #60]	@ (10002628 <runtime_init_clocks+0xd8>)
100025ec:	fba3 3500 	umull	r3, r5, r3, r0
100025f0:	0cad      	lsrs	r5, r5, #18
100025f2:	b2e0      	uxtb	r0, r4
100025f4:	4629      	mov	r1, r5
100025f6:	3401      	adds	r4, #1
100025f8:	f7ff fe94 	bl	10002324 <tick_start>
100025fc:	2c06      	cmp	r4, #6
100025fe:	d1f8      	bne.n	100025f2 <runtime_init_clocks+0xa2>
10002600:	b002      	add	sp, #8
10002602:	bd70      	pop	{r4, r5, r6, pc}
10002604:	40010000 	.word	0x40010000
10002608:	40013000 	.word	0x40013000
1000260c:	59682f00 	.word	0x59682f00
10002610:	40050000 	.word	0x40050000
10002614:	47868c00 	.word	0x47868c00
10002618:	40058000 	.word	0x40058000
1000261c:	00b71b00 	.word	0x00b71b00
10002620:	08f0d180 	.word	0x08f0d180
10002624:	02dc6c00 	.word	0x02dc6c00
10002628:	431bde83 	.word	0x431bde83

1000262c <generic_save_state>:
1000262c:	b086      	sub	sp, #24
1000262e:	b403      	push	{r0, r1}
10002630:	fc51 0408 	dcp_pxmd r0, r1
10002634:	e9cd 0102 	strd	r0, r1, [sp, #8]
10002638:	fc51 0409 	dcp_pymd r0, r1
1000263c:	e9cd 0104 	strd	r0, r1, [sp, #16]
10002640:	ec51 040a 	dcp_refd r0, r1
10002644:	e9cd 0106 	strd	r0, r1, [sp, #24]
10002648:	bc03      	pop	{r0, r1}
1000264a:	47f0      	blx	lr

1000264c <generic_restore_state>:
1000264c:	e8bd 5000 	ldmia.w	sp!, {ip, lr}
10002650:	ec4e c400 	dcp_wxmd ip, lr
10002654:	e8bd 5000 	ldmia.w	sp!, {ip, lr}
10002658:	ec4e c401 	dcp_wymd ip, lr
1000265c:	e8bd 5000 	ldmia.w	sp!, {ip, lr}
10002660:	ec4e c402 	dcp_wefd ip, lr
10002664:	bd00      	pop	{pc}
10002666:	0000      	movs	r0, r0
10002668:	b500      	push	{lr}
1000266a:	f7ff ffdf 	bl	1000262c <generic_save_state>
1000266e:	e002      	b.n	10002676 <__wrap___aeabi_dadd+0x6>

10002670 <__wrap___aeabi_dadd>:
10002670:	fe10 f430 	dcp_pcmp APSR_nzcv
10002674:	d4f8      	bmi.n	10002668 <generic_restore_state+0x1c>
10002676:	ec41 0410 	dcp_wxup r0, r1
1000267a:	ec43 2411 	dcp_wyup r2, r3
1000267e:	ee00 0401 			dcp_add0
10002682:	ee10 0401 			dcp_add1
10002686:	ee80 0420 			dcp_nrdd
1000268a:	ec51 0410 	dcp_rdda r0, r1
1000268e:	4770      	bx	lr
10002690:	b500      	push	{lr}
10002692:	f7ff ffcb 	bl	1000262c <generic_save_state>
10002696:	e002      	b.n	1000269e <__wrap___aeabi_dsub+0x6>

10002698 <__wrap___aeabi_dsub>:
10002698:	fe10 f430 	dcp_pcmp APSR_nzcv
1000269c:	d4f8      	bmi.n	10002690 <__wrap___aeabi_dadd+0x20>
1000269e:	ec41 0410 	dcp_wxup r0, r1
100026a2:	ec43 2411 	dcp_wyup r2, r3
100026a6:	ee00 0401 			dcp_add0
100026aa:	ee10 0421 			dcp_sub1
100026ae:	ee80 0420 			dcp_nrdd
100026b2:	ec51 0430 	dcp_rdds r0, r1
100026b6:	4770      	bx	lr
100026b8:	b500      	push	{lr}
100026ba:	f7ff ffb7 	bl	1000262c <generic_save_state>
100026be:	e002      	b.n	100026c6 <__wrap___aeabi_dmul+0x6>

100026c0 <__wrap___aeabi_dmul>:
100026c0:	fe10 f430 	dcp_pcmp APSR_nzcv
100026c4:	d4f8      	bmi.n	100026b8 <__wrap___aeabi_dsub+0x20>
100026c6:	b510      	push	{r4, lr}
100026c8:	ec41 0410 	dcp_wxup r0, r1
100026cc:	ec43 2411 	dcp_wyup r2, r3
100026d0:	ec51 0404 	dcp_rxms r0, r1, #0x0
100026d4:	ec53 2405 	dcp_ryms r2, r3, #0x0
100026d8:	fba0 4c02 	umull	r4, ip, r0, r2
100026dc:	f05f 0e00 	movs.w	lr, #0
100026e0:	fbe0 ce03 	umlal	ip, lr, r0, r3
100026e4:	fbe1 ce02 	umlal	ip, lr, r1, r2
100026e8:	ec4c 4420 	dcp_wxms r4, ip
100026ec:	2400      	movs	r4, #0
100026ee:	fbe1 e403 	umlal	lr, r4, r1, r3
100026f2:	ec44 e430 	dcp_wxmo lr, r4
100026f6:	ee80 0420 			dcp_nrdd
100026fa:	ec51 0450 	dcp_rddm r0, r1
100026fe:	e8bd 4010 	ldmia.w	sp!, {r4, lr}
10002702:	4770      	bx	lr
10002704:	b500      	push	{lr}
10002706:	f7ff ff91 	bl	1000262c <generic_save_state>
1000270a:	e002      	b.n	10002712 <__wrap___aeabi_ddiv+0x6>

1000270c <__wrap___aeabi_ddiv>:
1000270c:	fe10 f430 	dcp_pcmp APSR_nzcv
10002710:	d4f8      	bmi.n	10002704 <__wrap___aeabi_dmul+0x44>
10002712:	ec41 0410 	dcp_wxup r0, r1
10002716:	ec43 2411 	dcp_wyup r2, r3
1000271a:	ec51 0421 	dcp_rymr r0, r1
1000271e:	fba0 1201 	umull	r1, r2, r0, r1
10002722:	ea6f 0282 	mvn.w	r2, r2, lsl #2
10002726:	fb52 0010 	smmlar	r0, r2, r0, r0
1000272a:	fb52 f212 	smmulr	r2, r2, r2
1000272e:	fb52 0010 	smmlar	r0, r2, r0, r0
10002732:	eba0 7cd0 	sub.w	ip, r0, r0, lsr #31
10002736:	ec53 2404 	dcp_rxms r2, r3, #0x0
1000273a:	fb5c f113 	smmulr	r1, ip, r3
1000273e:	ec53 2415 	dcp_ryms r2, r3, #0x1
10002742:	fba1 2002 	umull	r2, r0, r1, r2
10002746:	fb01 0003 	mla	r0, r1, r3, r0
1000274a:	ec53 2444 	dcp_rxms r2, r3, #0x4
1000274e:	eba2 0000 	sub.w	r0, r2, r0
10002752:	fb50 f21c 	smmulr	r2, r0, ip
10002756:	ea4f 1311 	mov.w	r3, r1, lsr #4
1000275a:	eb12 7001 	adds.w	r0, r2, r1, lsl #28
1000275e:	eb43 71e2 	adc.w	r1, r3, r2, asr #31
10002762:	ea40 5051 	orr.w	r0, r0, r1, lsr #21
10002766:	ea20 5091 	bic.w	r0, r0, r1, lsr #22
1000276a:	f020 0007 	bic.w	r0, r0, #7
1000276e:	ec53 2475 	dcp_ryms r2, r3, #0x7
10002772:	fba0 3c02 	umull	r3, ip, r0, r2
10002776:	ec53 2475 	dcp_ryms r2, r3, #0x7
1000277a:	fb00 cc03 	mla	ip, r0, r3, ip
1000277e:	fb01 cc02 	mla	ip, r1, r2, ip
10002782:	ec53 2404 	dcp_rxms r2, r3, #0x0
10002786:	ebac 4c82 	sub.w	ip, ip, r2, lsl #18
1000278a:	ea40 705c 	orr.w	r0, r0, ip, lsr #29
1000278e:	f1a0 0001 	sub.w	r0, r0, #1
10002792:	ec41 0440 	dcp_wxdd r0, r1
10002796:	ee80 0420 			dcp_nrdd
1000279a:	ec51 0470 	dcp_rddd r0, r1
1000279e:	4770      	bx	lr
100027a0:	b500      	push	{lr}
100027a2:	f7ff ff43 	bl	1000262c <generic_save_state>
100027a6:	e002      	b.n	100027ae <__wrap___aeabi_d2f+0x6>

100027a8 <__wrap___aeabi_d2f>:
100027a8:	fe10 f430 	dcp_pcmp APSR_nzcv
100027ac:	d4f8      	bmi.n	100027a0 <__wrap___aeabi_ddiv+0x94>
100027ae:	ec41 0410 	dcp_wxup r0, r1
100027b2:	ee80 0422 			dcp_nrdf
100027b6:	ee10 04b2 			dcp_rdfg r0
100027ba:	4770      	bx	lr
100027bc:	b500      	push	{lr}
100027be:	f7ff ff35 	bl	1000262c <generic_save_state>
100027c2:	e002      	b.n	100027ca <__wrap___aeabi_i2d+0x6>

100027c4 <__wrap___aeabi_i2d>:
100027c4:	fe10 f430 	dcp_pcmp APSR_nzcv
100027c8:	d4f8      	bmi.n	100027bc <__wrap___aeabi_d2f+0x14>
100027ca:	ec40 0470 	dcp_wxic r0, r0
100027ce:	ee00 0401 			dcp_add0
100027d2:	ee10 0421 			dcp_sub1
100027d6:	ee80 0420 			dcp_nrdd
100027da:	ec51 0430 	dcp_rdds r0, r1
100027de:	4770      	bx	lr
100027e0:	b500      	push	{lr}
100027e2:	f7ff ff23 	bl	1000262c <generic_save_state>
100027e6:	e002      	b.n	100027ee <__wrap___aeabi_ui2d+0x6>

100027e8 <__wrap___aeabi_ui2d>:
100027e8:	fe10 f430 	dcp_pcmp APSR_nzcv
100027ec:	d4f8      	bmi.n	100027e0 <__wrap___aeabi_i2d+0x1c>
100027ee:	ec40 0460 	dcp_wxuc r0, r0
100027f2:	ee00 0401 			dcp_add0
100027f6:	ee10 0421 			dcp_sub1
100027fa:	ee80 0420 			dcp_nrdd
100027fe:	ec51 0430 	dcp_rdds r0, r1
10002802:	4770      	bx	lr
10002804:	b500      	push	{lr}
10002806:	f7ff ff11 	bl	1000262c <generic_save_state>
1000280a:	e002      	b.n	10002812 <double2int_z_entry>

1000280c <__wrap___aeabi_d2iz>:
1000280c:	fe10 f430 	dcp_pcmp APSR_nzcv
10002810:	d4f8      	bmi.n	10002804 <__wrap___aeabi_ui2d+0x1c>

10002812 <double2int_z_entry>:
10002812:	ec41 0480 	dcp_wxdc r0, r1
10002816:	ee00 0401 			dcp_add0
1000281a:	ee10 0401 			dcp_add1
1000281e:	ee80 0440 			dcp_ntdc
10002822:	ee10 0413 			dcp_rdic r0
10002826:	4770      	bx	lr
10002828:	b500      	push	{lr}
1000282a:	f7ff feff 	bl	1000262c <generic_save_state>
1000282e:	e002      	b.n	10002836 <double2uint_z_entry>

10002830 <__wrap___aeabi_d2uiz>:
10002830:	fe10 f430 	dcp_pcmp APSR_nzcv
10002834:	d4f8      	bmi.n	10002828 <double2int_z_entry+0x16>

10002836 <double2uint_z_entry>:
10002836:	ec41 0480 	dcp_wxdc r0, r1
1000283a:	ee00 0401 			dcp_add0
1000283e:	ee10 0401 			dcp_add1
10002842:	ee80 0440 			dcp_ntdc
10002846:	ee10 0433 			dcp_rduc r0
1000284a:	4770      	bx	lr
1000284c:	b500      	push	{lr}
1000284e:	f7ff feed 	bl	1000262c <generic_save_state>
10002852:	e002      	b.n	1000285a <__wrap___aeabi_dcmpun+0x6>

10002854 <__wrap___aeabi_dcmpun>:
10002854:	fe10 f430 	dcp_pcmp APSR_nzcv
10002858:	d4f8      	bmi.n	1000284c <double2uint_z_entry+0x16>
1000285a:	ec41 0410 	dcp_wxup r0, r1
1000285e:	ec43 2411 	dcp_wyup r2, r3
10002862:	ee00 0401 			dcp_add0
10002866:	ee10 0430 			dcp_rcmp r0
1000286a:	f3c0 7000 	ubfx	r0, r0, #28, #1
1000286e:	4770      	bx	lr
10002870:	b500      	push	{lr}
10002872:	f7ff fedb 	bl	1000262c <generic_save_state>
10002876:	e002      	b.n	1000287e <__wrap___aeabi_dcmpeq+0x6>

10002878 <__wrap___aeabi_dcmpeq>:
10002878:	fe10 f430 	dcp_pcmp APSR_nzcv
1000287c:	d4f8      	bmi.n	10002870 <__wrap___aeabi_dcmpun+0x1c>
1000287e:	ec41 0410 	dcp_wxup r0, r1
10002882:	ec43 2411 	dcp_wyup r2, r3
10002886:	ee00 0401 			dcp_add0
1000288a:	ee10 0430 			dcp_rcmp r0
1000288e:	f3c0 7080 	ubfx	r0, r0, #30, #1
10002892:	4770      	bx	lr
10002894:	b500      	push	{lr}
10002896:	f7ff fec9 	bl	1000262c <generic_save_state>
1000289a:	e002      	b.n	100028a2 <__wrap___aeabi_dcmplt+0x6>

1000289c <__wrap___aeabi_dcmplt>:
1000289c:	fe10 f430 	dcp_pcmp APSR_nzcv
100028a0:	d4f8      	bmi.n	10002894 <__wrap___aeabi_dcmpeq+0x1c>
100028a2:	ec43 2410 	dcp_wxup r2, r3
100028a6:	ec41 0411 	dcp_wyup r0, r1
100028aa:	ee00 0401 			dcp_add0
100028ae:	ee10 f430 			dcp_rcmp APSR_nzcv
100028b2:	bf8c      	ite	hi
100028b4:	2001      	movhi	r0, #1
100028b6:	2000      	movls	r0, #0
100028b8:	4770      	bx	lr
100028ba:	bf00      	nop
100028bc:	b500      	push	{lr}
100028be:	f7ff feb5 	bl	1000262c <generic_save_state>
100028c2:	e002      	b.n	100028ca <__wrap___aeabi_dcmple+0x6>

100028c4 <__wrap___aeabi_dcmple>:
100028c4:	fe10 f430 	dcp_pcmp APSR_nzcv
100028c8:	d4f8      	bmi.n	100028bc <__wrap___aeabi_dcmplt+0x20>
100028ca:	ec43 2410 	dcp_wxup r2, r3
100028ce:	ec41 0411 	dcp_wyup r0, r1
100028d2:	ee00 0401 			dcp_add0
100028d6:	ee10 f430 			dcp_rcmp APSR_nzcv
100028da:	bf2c      	ite	cs
100028dc:	2001      	movcs	r0, #1
100028de:	2000      	movcc	r0, #0
100028e0:	4770      	bx	lr
100028e2:	bf00      	nop
100028e4:	b500      	push	{lr}
100028e6:	f7ff fea1 	bl	1000262c <generic_save_state>
100028ea:	e002      	b.n	100028f2 <__wrap___aeabi_dcmpge+0x6>

100028ec <__wrap___aeabi_dcmpge>:
100028ec:	fe10 f430 	dcp_pcmp APSR_nzcv
100028f0:	d4f8      	bmi.n	100028e4 <__wrap___aeabi_dcmple+0x20>
100028f2:	ec41 0410 	dcp_wxup r0, r1
100028f6:	ec43 2411 	dcp_wyup r2, r3
100028fa:	ee00 0401 			dcp_add0
100028fe:	ee10 f430 			dcp_rcmp APSR_nzcv
10002902:	bf2c      	ite	cs
10002904:	2001      	movcs	r0, #1
10002906:	2000      	movcc	r0, #0
10002908:	4770      	bx	lr
1000290a:	bf00      	nop
1000290c:	b500      	push	{lr}
1000290e:	f7ff fe8d 	bl	1000262c <generic_save_state>
10002912:	e002      	b.n	1000291a <__wrap___aeabi_dcmpgt+0x6>

10002914 <__wrap___aeabi_dcmpgt>:
10002914:	fe10 f430 	dcp_pcmp APSR_nzcv
10002918:	d4f8      	bmi.n	1000290c <__wrap___aeabi_dcmpge+0x20>
1000291a:	ec41 0410 	dcp_wxup r0, r1
1000291e:	ec43 2411 	dcp_wyup r2, r3
10002922:	ee00 0401 			dcp_add0
10002926:	ee10 f430 			dcp_rcmp APSR_nzcv
1000292a:	bf8c      	ite	hi
1000292c:	2001      	movhi	r0, #1
1000292e:	2000      	movls	r0, #0
10002930:	4770      	bx	lr
10002932:	bf00      	nop

10002934 <__wrap___aeabi_l2d>:
10002934:	2200      	movs	r2, #0

10002936 <fix642double>:
10002936:	2900      	cmp	r1, #0
10002938:	da50      	bge.n	100029dc <ufix642double>
1000293a:	4240      	negs	r0, r0
1000293c:	eb61 0141 	sbc.w	r1, r1, r1, lsl #1
10002940:	b1c9      	cbz	r1, 10002976 <fix642double+0x40>
10002942:	fab1 f381 	clz	r3, r1
10002946:	3b0b      	subs	r3, #11
10002948:	d417      	bmi.n	1000297a <fix642double+0x44>
1000294a:	f1d3 0c20 	rsbs	ip, r3, #32
1000294e:	fa30 fc0c 	lsrs.w	ip, r0, ip
10002952:	4098      	lsls	r0, r3
10002954:	4099      	lsls	r1, r3
10002956:	ea51 010c 	orrs.w	r1, r1, ip
1000295a:	441a      	add	r2, r3
1000295c:	4252      	negs	r2, r2
1000295e:	f202 4232 	addw	r2, r2, #1074	@ 0x432
10002962:	eb01 5102 	add.w	r1, r1, r2, lsl #20
10002966:	f041 4100 	orr.w	r1, r1, #2147483648	@ 0x80000000
1000296a:	f240 73fe 	movw	r3, #2046	@ 0x7fe
1000296e:	429a      	cmp	r2, r3
10002970:	bf38      	it	cc
10002972:	4770      	bxcc	lr
10002974:	e021      	b.n	100029ba <fix642double+0x84>
10002976:	4611      	mov	r1, r2
10002978:	e07e      	b.n	10002a78 <fix2double_neg>
1000297a:	f103 0321 	add.w	r3, r3, #33	@ 0x21
1000297e:	fa10 fc03 	lsls.w	ip, r0, r3
10002982:	f1a3 0301 	sub.w	r3, r3, #1
10002986:	fa01 fc03 	lsl.w	ip, r1, r3
1000298a:	f1c3 0320 	rsb	r3, r3, #32
1000298e:	fa20 f003 	lsr.w	r0, r0, r3
10002992:	fa21 f103 	lsr.w	r1, r1, r3
10002996:	ea40 000c 	orr.w	r0, r0, ip
1000299a:	eba3 0202 	sub.w	r2, r3, r2
1000299e:	f202 4232 	addw	r2, r2, #1074	@ 0x432
100029a2:	d014      	beq.n	100029ce <fix642double+0x98>
100029a4:	f150 0000 	adcs.w	r0, r0, #0
100029a8:	eb41 5102 	adc.w	r1, r1, r2, lsl #20
100029ac:	f041 4100 	orr.w	r1, r1, #2147483648	@ 0x80000000
100029b0:	f240 73fe 	movw	r3, #2046	@ 0x7fe
100029b4:	429a      	cmp	r2, r3
100029b6:	bf38      	it	cc
100029b8:	4770      	bxcc	lr
100029ba:	f04f 0100 	mov.w	r1, #0
100029be:	bfa8      	it	ge
100029c0:	f6c7 71f0 	movtge	r1, #32752	@ 0x7ff0
100029c4:	f04f 0000 	mov.w	r0, #0
100029c8:	4770      	bx	lr
100029ca:	2100      	movs	r1, #0
100029cc:	4770      	bx	lr
100029ce:	d3eb      	bcc.n	100029a8 <fix642double+0x72>
100029d0:	f150 0000 	adcs.w	r0, r0, #0
100029d4:	f020 0001 	bic.w	r0, r0, #1
100029d8:	e7e6      	b.n	100029a8 <fix642double+0x72>

100029da <__wrap___aeabi_ul2d>:
100029da:	2200      	movs	r2, #0

100029dc <ufix642double>:
100029dc:	b1b9      	cbz	r1, 10002a0e <ufix642double+0x32>
100029de:	fab1 f381 	clz	r3, r1
100029e2:	3b0b      	subs	r3, #11
100029e4:	d416      	bmi.n	10002a14 <ufix642double+0x38>
100029e6:	f1d3 0c20 	rsbs	ip, r3, #32
100029ea:	fa30 fc0c 	lsrs.w	ip, r0, ip
100029ee:	4098      	lsls	r0, r3
100029f0:	4099      	lsls	r1, r3
100029f2:	ea51 010c 	orrs.w	r1, r1, ip
100029f6:	441a      	add	r2, r3
100029f8:	4252      	negs	r2, r2
100029fa:	f202 4232 	addw	r2, r2, #1074	@ 0x432
100029fe:	eb01 5102 	add.w	r1, r1, r2, lsl #20
10002a02:	f240 73fe 	movw	r3, #2046	@ 0x7fe
10002a06:	429a      	cmp	r2, r3
10002a08:	bf38      	it	cc
10002a0a:	4770      	bxcc	lr
10002a0c:	e020      	b.n	10002a50 <ufix642double+0x74>
10002a0e:	4611      	mov	r1, r2
10002a10:	f000 b866 	b.w	10002ae0 <ufix2double>
10002a14:	f103 0321 	add.w	r3, r3, #33	@ 0x21
10002a18:	fa10 fc03 	lsls.w	ip, r0, r3
10002a1c:	f1a3 0301 	sub.w	r3, r3, #1
10002a20:	fa01 fc03 	lsl.w	ip, r1, r3
10002a24:	f1c3 0320 	rsb	r3, r3, #32
10002a28:	fa20 f003 	lsr.w	r0, r0, r3
10002a2c:	fa21 f103 	lsr.w	r1, r1, r3
10002a30:	ea40 000c 	orr.w	r0, r0, ip
10002a34:	eba3 0202 	sub.w	r2, r3, r2
10002a38:	f202 4232 	addw	r2, r2, #1074	@ 0x432
10002a3c:	d012      	beq.n	10002a64 <ufix642double+0x88>
10002a3e:	f150 0000 	adcs.w	r0, r0, #0
10002a42:	eb41 5102 	adc.w	r1, r1, r2, lsl #20
10002a46:	f240 73fe 	movw	r3, #2046	@ 0x7fe
10002a4a:	429a      	cmp	r2, r3
10002a4c:	bf38      	it	cc
10002a4e:	4770      	bxcc	lr
10002a50:	f04f 0100 	mov.w	r1, #0
10002a54:	bfa8      	it	ge
10002a56:	f6c7 71f0 	movtge	r1, #32752	@ 0x7ff0
10002a5a:	f04f 0000 	mov.w	r0, #0
10002a5e:	4770      	bx	lr
10002a60:	2100      	movs	r1, #0
10002a62:	4770      	bx	lr
10002a64:	d3ed      	bcc.n	10002a42 <ufix642double+0x66>
10002a66:	f150 0000 	adcs.w	r0, r0, #0
10002a6a:	f020 0001 	bic.w	r0, r0, #1
10002a6e:	e7e8      	b.n	10002a42 <ufix642double+0x66>

10002a70 <fix2double>:
10002a70:	2800      	cmp	r0, #0
10002a72:	f280 8035 	bge.w	10002ae0 <ufix2double>
10002a76:	4240      	negs	r0, r0

10002a78 <fix2double_neg>:
10002a78:	fab0 f380 	clz	r3, r0
10002a7c:	3b0b      	subs	r3, #11
10002a7e:	d411      	bmi.n	10002aa4 <fix2double_neg+0x2c>
10002a80:	4098      	lsls	r0, r3
10002a82:	eb01 0203 	add.w	r2, r1, r3
10002a86:	4252      	negs	r2, r2
10002a88:	f202 4212 	addw	r2, r2, #1042	@ 0x412
10002a8c:	eb00 5102 	add.w	r1, r0, r2, lsl #20
10002a90:	f041 4100 	orr.w	r1, r1, #2147483648	@ 0x80000000
10002a94:	f04f 0000 	mov.w	r0, #0
10002a98:	f240 73fe 	movw	r3, #2046	@ 0x7fe
10002a9c:	429a      	cmp	r2, r3
10002a9e:	bf38      	it	cc
10002aa0:	4770      	bxcc	lr
10002aa2:	e013      	b.n	10002acc <fix2double_neg+0x54>
10002aa4:	f1c3 0300 	rsb	r3, r3, #0
10002aa8:	fa30 fc03 	lsrs.w	ip, r0, r3
10002aac:	f1c3 0220 	rsb	r2, r3, #32
10002ab0:	4090      	lsls	r0, r2
10002ab2:	eba3 0201 	sub.w	r2, r3, r1
10002ab6:	f202 4212 	addw	r2, r2, #1042	@ 0x412
10002aba:	eb0c 5102 	add.w	r1, ip, r2, lsl #20
10002abe:	f041 4100 	orr.w	r1, r1, #2147483648	@ 0x80000000
10002ac2:	f240 73fe 	movw	r3, #2046	@ 0x7fe
10002ac6:	429a      	cmp	r2, r3
10002ac8:	bf38      	it	cc
10002aca:	4770      	bxcc	lr
10002acc:	f04f 4100 	mov.w	r1, #2147483648	@ 0x80000000
10002ad0:	bfa8      	it	ge
10002ad2:	f6cf 71f0 	movtge	r1, #65520	@ 0xfff0
10002ad6:	f04f 0000 	mov.w	r0, #0
10002ada:	4770      	bx	lr
10002adc:	2100      	movs	r1, #0
10002ade:	4770      	bx	lr

10002ae0 <ufix2double>:
10002ae0:	b360      	cbz	r0, 10002b3c <ufix2double+0x5c>
10002ae2:	fab0 f380 	clz	r3, r0
10002ae6:	3b0b      	subs	r3, #11
10002ae8:	d40f      	bmi.n	10002b0a <ufix2double+0x2a>
10002aea:	4098      	lsls	r0, r3
10002aec:	eb01 0203 	add.w	r2, r1, r3
10002af0:	4252      	negs	r2, r2
10002af2:	f202 4212 	addw	r2, r2, #1042	@ 0x412
10002af6:	eb00 5102 	add.w	r1, r0, r2, lsl #20
10002afa:	f04f 0000 	mov.w	r0, #0
10002afe:	f240 73fe 	movw	r3, #2046	@ 0x7fe
10002b02:	429a      	cmp	r2, r3
10002b04:	bf38      	it	cc
10002b06:	4770      	bxcc	lr
10002b08:	e010      	b.n	10002b2c <ufix2double+0x4c>
10002b0a:	425b      	negs	r3, r3
10002b0c:	fa30 fc03 	lsrs.w	ip, r0, r3
10002b10:	f1c3 0220 	rsb	r2, r3, #32
10002b14:	4090      	lsls	r0, r2
10002b16:	eba3 0201 	sub.w	r2, r3, r1
10002b1a:	f202 4212 	addw	r2, r2, #1042	@ 0x412
10002b1e:	eb0c 5102 	add.w	r1, ip, r2, lsl #20
10002b22:	f240 73fe 	movw	r3, #2046	@ 0x7fe
10002b26:	429a      	cmp	r2, r3
10002b28:	bf38      	it	cc
10002b2a:	4770      	bxcc	lr
10002b2c:	f04f 0100 	mov.w	r1, #0
10002b30:	bfa8      	it	ge
10002b32:	f6c7 71f0 	movtge	r1, #32752	@ 0x7ff0
10002b36:	f04f 0000 	mov.w	r0, #0
10002b3a:	4770      	bx	lr
10002b3c:	2100      	movs	r1, #0
10002b3e:	4770      	bx	lr

10002b40 <__wrap___aeabi_d2lz>:
10002b40:	2200      	movs	r2, #0

10002b42 <double2fix64_z>:
10002b42:	f2a2 4232 	subw	r2, r2, #1074	@ 0x432
10002b46:	ea5f 5c21 	movs.w	ip, r1, asr #20
10002b4a:	f1ac 0301 	sub.w	r3, ip, #1
10002b4e:	eba1 5103 	sub.w	r1, r1, r3, lsl #20
10002b52:	055b      	lsls	r3, r3, #21
10002b54:	f513 0f80 	cmn.w	r3, #4194304	@ 0x400000
10002b58:	d232      	bcs.n	10002bc0 <double2fix64_z+0x7e>
10002b5a:	eb12 5253 	adds.w	r2, r2, r3, lsr #21
10002b5e:	d410      	bmi.n	10002b82 <double2fix64_z+0x40>
10002b60:	2a0b      	cmp	r2, #11
10002b62:	da36      	bge.n	10002bd2 <double2fix64_z+0x90>
10002b64:	4091      	lsls	r1, r2
10002b66:	f1d2 0320 	rsbs	r3, r2, #32
10002b6a:	fa30 f303 	lsrs.w	r3, r0, r3
10002b6e:	4319      	orrs	r1, r3
10002b70:	4090      	lsls	r0, r2
10002b72:	f1bc 0f00 	cmp.w	ip, #0
10002b76:	bfa8      	it	ge
10002b78:	4770      	bxge	lr
10002b7a:	4240      	negs	r0, r0
10002b7c:	eb61 0141 	sbc.w	r1, r1, r1, lsl #1
10002b80:	4770      	bx	lr
10002b82:	3220      	adds	r2, #32
10002b84:	dd0e      	ble.n	10002ba4 <double2fix64_z+0x62>
10002b86:	fa01 f302 	lsl.w	r3, r1, r2
10002b8a:	f1d2 0220 	rsbs	r2, r2, #32
10002b8e:	40d1      	lsrs	r1, r2
10002b90:	40d0      	lsrs	r0, r2
10002b92:	4318      	orrs	r0, r3
10002b94:	f1bc 0f00 	cmp.w	ip, #0
10002b98:	bfa8      	it	ge
10002b9a:	4770      	bxge	lr
10002b9c:	4240      	negs	r0, r0
10002b9e:	eb61 0141 	sbc.w	r1, r1, r1, lsl #1
10002ba2:	4770      	bx	lr
10002ba4:	4252      	negs	r2, r2
10002ba6:	f382 0205 	usat	r2, #5, r2
10002baa:	fa31 f002 	lsrs.w	r0, r1, r2
10002bae:	2100      	movs	r1, #0
10002bb0:	f1bc 0f00 	cmp.w	ip, #0
10002bb4:	bfa8      	it	ge
10002bb6:	4770      	bxge	lr
10002bb8:	4240      	negs	r0, r0
10002bba:	eb61 0141 	sbc.w	r1, r1, r1, lsl #1
10002bbe:	4770      	bx	lr
10002bc0:	d002      	beq.n	10002bc8 <double2fix64_z+0x86>
10002bc2:	2000      	movs	r0, #0
10002bc4:	2100      	movs	r1, #0
10002bc6:	4770      	bx	lr
10002bc8:	ea50 3101 	orrs.w	r1, r0, r1, lsl #12
10002bcc:	bf18      	it	ne
10002bce:	f04f 0c00 	movne.w	ip, #0
10002bd2:	f06f 4100 	mvn.w	r1, #2147483648	@ 0x80000000
10002bd6:	eb01 71dc 	add.w	r1, r1, ip, lsr #31
10002bda:	ea6f 70ec 	mvn.w	r0, ip, asr #31
10002bde:	4770      	bx	lr

10002be0 <_out_null>:
10002be0:	4770      	bx	lr
10002be2:	bf00      	nop

10002be4 <_out_rev>:
10002be4:	e92d 4ff0 	stmdb	sp!, {r4, r5, r6, r7, r8, r9, sl, fp, lr}
10002be8:	b083      	sub	sp, #12
10002bea:	460f      	mov	r7, r1
10002bec:	4611      	mov	r1, r2
10002bee:	e9dd b20e 	ldrd	fp, r2, [sp, #56]	@ 0x38
10002bf2:	0792      	lsls	r2, r2, #30
10002bf4:	4698      	mov	r8, r3
10002bf6:	e9dd 930c 	ldrd	r9, r3, [sp, #48]	@ 0x30
10002bfa:	4606      	mov	r6, r0
10002bfc:	d029      	beq.n	10002c52 <_out_rev+0x6e>
10002bfe:	460d      	mov	r5, r1
10002c00:	b19b      	cbz	r3, 10002c2a <_out_rev+0x46>
10002c02:	eb09 0403 	add.w	r4, r9, r3
10002c06:	eb05 0a04 	add.w	sl, r5, r4
10002c0a:	9501      	str	r5, [sp, #4]
10002c0c:	460d      	mov	r5, r1
10002c0e:	930d      	str	r3, [sp, #52]	@ 0x34
10002c10:	ebaa 0204 	sub.w	r2, sl, r4
10002c14:	f814 0d01 	ldrb.w	r0, [r4, #-1]!
10002c18:	4643      	mov	r3, r8
10002c1a:	4639      	mov	r1, r7
10002c1c:	47b0      	blx	r6
10002c1e:	45a1      	cmp	r9, r4
10002c20:	d1f6      	bne.n	10002c10 <_out_rev+0x2c>
10002c22:	4629      	mov	r1, r5
10002c24:	9b0d      	ldr	r3, [sp, #52]	@ 0x34
10002c26:	9d01      	ldr	r5, [sp, #4]
10002c28:	441d      	add	r5, r3
10002c2a:	9b0f      	ldr	r3, [sp, #60]	@ 0x3c
10002c2c:	079b      	lsls	r3, r3, #30
10002c2e:	d50c      	bpl.n	10002c4a <_out_rev+0x66>
10002c30:	1a6c      	subs	r4, r5, r1
10002c32:	45a3      	cmp	fp, r4
10002c34:	d909      	bls.n	10002c4a <_out_rev+0x66>
10002c36:	462a      	mov	r2, r5
10002c38:	4643      	mov	r3, r8
10002c3a:	4639      	mov	r1, r7
10002c3c:	2020      	movs	r0, #32
10002c3e:	3401      	adds	r4, #1
10002c40:	47b0      	blx	r6
10002c42:	455c      	cmp	r4, fp
10002c44:	f105 0501 	add.w	r5, r5, #1
10002c48:	d3f5      	bcc.n	10002c36 <_out_rev+0x52>
10002c4a:	4628      	mov	r0, r5
10002c4c:	b003      	add	sp, #12
10002c4e:	e8bd 8ff0 	ldmia.w	sp!, {r4, r5, r6, r7, r8, r9, sl, fp, pc}
10002c52:	455b      	cmp	r3, fp
10002c54:	d215      	bcs.n	10002c82 <_out_rev+0x9e>
10002c56:	468a      	mov	sl, r1
10002c58:	461c      	mov	r4, r3
10002c5a:	4689      	mov	r9, r1
10002c5c:	ebab 0503 	sub.w	r5, fp, r3
10002c60:	440d      	add	r5, r1
10002c62:	4652      	mov	r2, sl
10002c64:	4643      	mov	r3, r8
10002c66:	4639      	mov	r1, r7
10002c68:	2020      	movs	r0, #32
10002c6a:	f10a 0a01 	add.w	sl, sl, #1
10002c6e:	47b0      	blx	r6
10002c70:	45aa      	cmp	sl, r5
10002c72:	d1f6      	bne.n	10002c62 <_out_rev+0x7e>
10002c74:	4649      	mov	r1, r9
10002c76:	4623      	mov	r3, r4
10002c78:	f8dd 9030 	ldr.w	r9, [sp, #48]	@ 0x30
10002c7c:	2c00      	cmp	r4, #0
10002c7e:	d1c0      	bne.n	10002c02 <_out_rev+0x1e>
10002c80:	e7e3      	b.n	10002c4a <_out_rev+0x66>
10002c82:	460d      	mov	r5, r1
10002c84:	2b00      	cmp	r3, #0
10002c86:	d1bc      	bne.n	10002c02 <_out_rev+0x1e>
10002c88:	e7df      	b.n	10002c4a <_out_rev+0x66>
10002c8a:	bf00      	nop

10002c8c <_ntoa_format>:
10002c8c:	e92d 4ff0 	stmdb	sp!, {r4, r5, r6, r7, r8, r9, sl, fp, lr}
10002c90:	460f      	mov	r7, r1
10002c92:	990f      	ldr	r1, [sp, #60]	@ 0x3c
10002c94:	4606      	mov	r6, r0
10002c96:	f89d 002c 	ldrb.w	r0, [sp, #44]	@ 0x2c
10002c9a:	078d      	lsls	r5, r1, #30
10002c9c:	4690      	mov	r8, r2
10002c9e:	e9dd a20c 	ldrd	sl, r2, [sp, #48]	@ 0x30
10002ca2:	4699      	mov	r9, r3
10002ca4:	4683      	mov	fp, r0
10002ca6:	9c09      	ldr	r4, [sp, #36]	@ 0x24
10002ca8:	f8dd c028 	ldr.w	ip, [sp, #40]	@ 0x28
10002cac:	9b0e      	ldr	r3, [sp, #56]	@ 0x38
10002cae:	d449      	bmi.n	10002d44 <_ntoa_format+0xb8>
10002cb0:	2b00      	cmp	r3, #0
10002cb2:	d142      	bne.n	10002d3a <_ntoa_format+0xae>
10002cb4:	4594      	cmp	ip, r2
10002cb6:	d245      	bcs.n	10002d44 <_ntoa_format+0xb8>
10002cb8:	f001 0501 	and.w	r5, r1, #1
10002cbc:	f104 3eff 	add.w	lr, r4, #4294967295	@ 0xffffffff
10002cc0:	2030      	movs	r0, #48	@ 0x30
10002cc2:	44e6      	add	lr, ip
10002cc4:	e005      	b.n	10002cd2 <_ntoa_format+0x46>
10002cc6:	f10c 0c01 	add.w	ip, ip, #1
10002cca:	4562      	cmp	r2, ip
10002ccc:	f80e 0f01 	strb.w	r0, [lr, #1]!
10002cd0:	d902      	bls.n	10002cd8 <_ntoa_format+0x4c>
10002cd2:	f1bc 0f20 	cmp.w	ip, #32
10002cd6:	d1f6      	bne.n	10002cc6 <_ntoa_format+0x3a>
10002cd8:	2d00      	cmp	r5, #0
10002cda:	f000 8087 	beq.w	10002dec <_ntoa_format+0x160>
10002cde:	4563      	cmp	r3, ip
10002ce0:	d930      	bls.n	10002d44 <_ntoa_format+0xb8>
10002ce2:	1e60      	subs	r0, r4, #1
10002ce4:	f04f 0e30 	mov.w	lr, #48	@ 0x30
10002ce8:	4460      	add	r0, ip
10002cea:	e005      	b.n	10002cf8 <_ntoa_format+0x6c>
10002cec:	f10c 0c01 	add.w	ip, ip, #1
10002cf0:	459c      	cmp	ip, r3
10002cf2:	f800 ef01 	strb.w	lr, [r0, #1]!
10002cf6:	d025      	beq.n	10002d44 <_ntoa_format+0xb8>
10002cf8:	f1bc 0f20 	cmp.w	ip, #32
10002cfc:	d1f6      	bne.n	10002cec <_ntoa_format+0x60>
10002cfe:	06cd      	lsls	r5, r1, #27
10002d00:	d50e      	bpl.n	10002d20 <_ntoa_format+0x94>
10002d02:	0548      	lsls	r0, r1, #21
10002d04:	d451      	bmi.n	10002daa <_ntoa_format+0x11e>
10002d06:	4562      	cmp	r2, ip
10002d08:	d064      	beq.n	10002dd4 <_ntoa_format+0x148>
10002d0a:	4563      	cmp	r3, ip
10002d0c:	d062      	beq.n	10002dd4 <_ntoa_format+0x148>
10002d0e:	f1ba 0f10 	cmp.w	sl, #16
10002d12:	d04d      	beq.n	10002db0 <_ntoa_format+0x124>
10002d14:	f1ba 0f02 	cmp.w	sl, #2
10002d18:	d055      	beq.n	10002dc6 <_ntoa_format+0x13a>
10002d1a:	f1bc 0f20 	cmp.w	ip, #32
10002d1e:	d12d      	bne.n	10002d7c <_ntoa_format+0xf0>
10002d20:	2220      	movs	r2, #32
10002d22:	e9cd 310b 	strd	r3, r1, [sp, #44]	@ 0x2c
10002d26:	920a      	str	r2, [sp, #40]	@ 0x28
10002d28:	464b      	mov	r3, r9
10002d2a:	4642      	mov	r2, r8
10002d2c:	4639      	mov	r1, r7
10002d2e:	4630      	mov	r0, r6
10002d30:	9409      	str	r4, [sp, #36]	@ 0x24
10002d32:	e8bd 4ff0 	ldmia.w	sp!, {r4, r5, r6, r7, r8, r9, sl, fp, lr}
10002d36:	f7ff bf55 	b.w	10002be4 <_out_rev>
10002d3a:	f011 0501 	ands.w	r5, r1, #1
10002d3e:	d12e      	bne.n	10002d9e <_ntoa_format+0x112>
10002d40:	4594      	cmp	ip, r2
10002d42:	d3bb      	bcc.n	10002cbc <_ntoa_format+0x30>
10002d44:	06cd      	lsls	r5, r1, #27
10002d46:	d51e      	bpl.n	10002d86 <_ntoa_format+0xfa>
10002d48:	0548      	lsls	r0, r1, #21
10002d4a:	d4e0      	bmi.n	10002d0e <_ntoa_format+0x82>
10002d4c:	f1bc 0f00 	cmp.w	ip, #0
10002d50:	d1d9      	bne.n	10002d06 <_ntoa_format+0x7a>
10002d52:	f1ba 0f10 	cmp.w	sl, #16
10002d56:	d05f      	beq.n	10002e18 <_ntoa_format+0x18c>
10002d58:	f1ba 0f02 	cmp.w	sl, #2
10002d5c:	d074      	beq.n	10002e48 <_ntoa_format+0x1bc>
10002d5e:	2230      	movs	r2, #48	@ 0x30
10002d60:	f04f 0c01 	mov.w	ip, #1
10002d64:	7022      	strb	r2, [r4, #0]
10002d66:	f1bb 0f00 	cmp.w	fp, #0
10002d6a:	d112      	bne.n	10002d92 <_ntoa_format+0x106>
10002d6c:	0748      	lsls	r0, r1, #29
10002d6e:	d542      	bpl.n	10002df6 <_ntoa_format+0x16a>
10002d70:	222b      	movs	r2, #43	@ 0x2b
10002d72:	f804 200c 	strb.w	r2, [r4, ip]
10002d76:	f10c 0201 	add.w	r2, ip, #1
10002d7a:	e7d2      	b.n	10002d22 <_ntoa_format+0x96>
10002d7c:	4662      	mov	r2, ip
10002d7e:	f10c 0c01 	add.w	ip, ip, #1
10002d82:	2030      	movs	r0, #48	@ 0x30
10002d84:	54a0      	strb	r0, [r4, r2]
10002d86:	f1bc 0f20 	cmp.w	ip, #32
10002d8a:	d0c9      	beq.n	10002d20 <_ntoa_format+0x94>
10002d8c:	f1bb 0f00 	cmp.w	fp, #0
10002d90:	d0ec      	beq.n	10002d6c <_ntoa_format+0xe0>
10002d92:	222d      	movs	r2, #45	@ 0x2d
10002d94:	f804 200c 	strb.w	r2, [r4, ip]
10002d98:	f10c 0201 	add.w	r2, ip, #1
10002d9c:	e7c1      	b.n	10002d22 <_ntoa_format+0x96>
10002d9e:	b398      	cbz	r0, 10002e08 <_ntoa_format+0x17c>
10002da0:	4594      	cmp	ip, r2
10002da2:	f103 33ff 	add.w	r3, r3, #4294967295	@ 0xffffffff
10002da6:	d389      	bcc.n	10002cbc <_ntoa_format+0x30>
10002da8:	e799      	b.n	10002cde <_ntoa_format+0x52>
10002daa:	f1ba 0f10 	cmp.w	sl, #16
10002dae:	d1b7      	bne.n	10002d20 <_ntoa_format+0x94>
10002db0:	068d      	lsls	r5, r1, #26
10002db2:	d53d      	bpl.n	10002e30 <_ntoa_format+0x1a4>
10002db4:	f1bc 0f20 	cmp.w	ip, #32
10002db8:	d0b2      	beq.n	10002d20 <_ntoa_format+0x94>
10002dba:	2258      	movs	r2, #88	@ 0x58
10002dbc:	f804 200c 	strb.w	r2, [r4, ip]
10002dc0:	f10c 0c01 	add.w	ip, ip, #1
10002dc4:	e7a9      	b.n	10002d1a <_ntoa_format+0x8e>
10002dc6:	f1bc 0f20 	cmp.w	ip, #32
10002dca:	d0a9      	beq.n	10002d20 <_ntoa_format+0x94>
10002dcc:	4662      	mov	r2, ip
10002dce:	f10c 0c01 	add.w	ip, ip, #1
10002dd2:	e008      	b.n	10002de6 <_ntoa_format+0x15a>
10002dd4:	f1bc 0201 	subs.w	r2, ip, #1
10002dd8:	d0bb      	beq.n	10002d52 <_ntoa_format+0xc6>
10002dda:	f1ba 0f10 	cmp.w	sl, #16
10002dde:	d035      	beq.n	10002e4c <_ntoa_format+0x1c0>
10002de0:	f1ba 0f02 	cmp.w	sl, #2
10002de4:	d1cd      	bne.n	10002d82 <_ntoa_format+0xf6>
10002de6:	2062      	movs	r0, #98	@ 0x62
10002de8:	54a0      	strb	r0, [r4, r2]
10002dea:	e796      	b.n	10002d1a <_ntoa_format+0x8e>
10002dec:	06cd      	lsls	r5, r1, #27
10002dee:	d5ca      	bpl.n	10002d86 <_ntoa_format+0xfa>
10002df0:	0548      	lsls	r0, r1, #21
10002df2:	d588      	bpl.n	10002d06 <_ntoa_format+0x7a>
10002df4:	e78b      	b.n	10002d0e <_ntoa_format+0x82>
10002df6:	070a      	lsls	r2, r1, #28
10002df8:	bf49      	itett	mi
10002dfa:	2220      	movmi	r2, #32
10002dfc:	4662      	movpl	r2, ip
10002dfe:	f804 200c 	strbmi.w	r2, [r4, ip]
10002e02:	f10c 0201 	addmi.w	r2, ip, #1
10002e06:	e78c      	b.n	10002d22 <_ntoa_format+0x96>
10002e08:	f011 0f0c 	tst.w	r1, #12
10002e0c:	d000      	beq.n	10002e10 <_ntoa_format+0x184>
10002e0e:	3b01      	subs	r3, #1
10002e10:	4594      	cmp	ip, r2
10002e12:	f4ff af53 	bcc.w	10002cbc <_ntoa_format+0x30>
10002e16:	e762      	b.n	10002cde <_ntoa_format+0x52>
10002e18:	068a      	lsls	r2, r1, #26
10002e1a:	d413      	bmi.n	10002e44 <_ntoa_format+0x1b8>
10002e1c:	2278      	movs	r2, #120	@ 0x78
10002e1e:	7022      	strb	r2, [r4, #0]
10002e20:	2230      	movs	r2, #48	@ 0x30
10002e22:	f04f 0c02 	mov.w	ip, #2
10002e26:	7062      	strb	r2, [r4, #1]
10002e28:	f1bb 0f00 	cmp.w	fp, #0
10002e2c:	d09e      	beq.n	10002d6c <_ntoa_format+0xe0>
10002e2e:	e7b0      	b.n	10002d92 <_ntoa_format+0x106>
10002e30:	f1bc 0f20 	cmp.w	ip, #32
10002e34:	f43f af74 	beq.w	10002d20 <_ntoa_format+0x94>
10002e38:	2278      	movs	r2, #120	@ 0x78
10002e3a:	f804 200c 	strb.w	r2, [r4, ip]
10002e3e:	f10c 0c01 	add.w	ip, ip, #1
10002e42:	e76a      	b.n	10002d1a <_ntoa_format+0x8e>
10002e44:	2258      	movs	r2, #88	@ 0x58
10002e46:	e7ea      	b.n	10002e1e <_ntoa_format+0x192>
10002e48:	2262      	movs	r2, #98	@ 0x62
10002e4a:	e7e8      	b.n	10002e1e <_ntoa_format+0x192>
10002e4c:	068d      	lsls	r5, r1, #26
10002e4e:	f1ac 0002 	sub.w	r0, ip, #2
10002e52:	d504      	bpl.n	10002e5e <_ntoa_format+0x1d2>
10002e54:	f04f 0e58 	mov.w	lr, #88	@ 0x58
10002e58:	f804 e000 	strb.w	lr, [r4, r0]
10002e5c:	e791      	b.n	10002d82 <_ntoa_format+0xf6>
10002e5e:	f04f 0e78 	mov.w	lr, #120	@ 0x78
10002e62:	f804 e000 	strb.w	lr, [r4, r0]
10002e66:	e78c      	b.n	10002d82 <_ntoa_format+0xf6>

10002e68 <_out_char>:
10002e68:	b900      	cbnz	r0, 10002e6c <_out_char+0x4>
10002e6a:	4770      	bx	lr
10002e6c:	f001 bc18 	b.w	100046a0 <__wrap_putchar>

10002e70 <_out_fct>:
10002e70:	b110      	cbz	r0, 10002e78 <_out_fct+0x8>
10002e72:	e9d1 3100 	ldrd	r3, r1, [r1]
10002e76:	4718      	bx	r3
10002e78:	4770      	bx	lr
10002e7a:	bf00      	nop
10002e7c:	0000      	movs	r0, r0
	...

10002e80 <_ftoa>:
10002e80:	e92d 4ff0 	stmdb	sp!, {r4, r5, r6, r7, r8, r9, sl, fp, lr}
10002e84:	b097      	sub	sp, #92	@ 0x5c
10002e86:	ed9d 7b20 	vldr	d7, [sp, #128]	@ 0x80
10002e8a:	e9dd 5b22 	ldrd	r5, fp, [sp, #136]	@ 0x88
10002e8e:	4680      	mov	r8, r0
10002e90:	4689      	mov	r9, r1
10002e92:	ec51 0b17 	vmov	r0, r1, d7
10002e96:	469a      	mov	sl, r3
10002e98:	9b24      	ldr	r3, [sp, #144]	@ 0x90
10002e9a:	920c      	str	r2, [sp, #48]	@ 0x30
10002e9c:	9307      	str	r3, [sp, #28]
10002e9e:	4602      	mov	r2, r0
10002ea0:	460b      	mov	r3, r1
10002ea2:	ed8d 7b04 	vstr	d7, [sp, #16]
10002ea6:	f7ff fcd5 	bl	10002854 <__wrap___aeabi_dcmpun>
10002eaa:	2800      	cmp	r0, #0
10002eac:	f040 81e3 	bne.w	10003276 <_ftoa+0x3f6>
10002eb0:	e9dd 0104 	ldrd	r0, r1, [sp, #16]
10002eb4:	f04f 32ff 	mov.w	r2, #4294967295	@ 0xffffffff
10002eb8:	f46f 1380 	mvn.w	r3, #1048576	@ 0x100000
10002ebc:	f7ff fcee 	bl	1000289c <__wrap___aeabi_dcmplt>
10002ec0:	2800      	cmp	r0, #0
10002ec2:	f040 80cb 	bne.w	1000305c <_ftoa+0x1dc>
10002ec6:	e9dd 0104 	ldrd	r0, r1, [sp, #16]
10002eca:	f04f 32ff 	mov.w	r2, #4294967295	@ 0xffffffff
10002ece:	4bb2      	ldr	r3, [pc, #712]	@ (10003198 <_ftoa+0x318>)
10002ed0:	f7ff fd20 	bl	10002914 <__wrap___aeabi_dcmpgt>
10002ed4:	2800      	cmp	r0, #0
10002ed6:	f040 809f 	bne.w	10003018 <_ftoa+0x198>
10002eda:	e9dd 6704 	ldrd	r6, r7, [sp, #16]
10002ede:	a3aa      	add	r3, pc, #680	@ (adr r3, 10003188 <_ftoa+0x308>)
10002ee0:	e9d3 2300 	ldrd	r2, r3, [r3]
10002ee4:	4630      	mov	r0, r6
10002ee6:	4639      	mov	r1, r7
10002ee8:	f7ff fd14 	bl	10002914 <__wrap___aeabi_dcmpgt>
10002eec:	2800      	cmp	r0, #0
10002eee:	f040 8082 	bne.w	10002ff6 <_ftoa+0x176>
10002ef2:	a3a7      	add	r3, pc, #668	@ (adr r3, 10003190 <_ftoa+0x310>)
10002ef4:	e9d3 2300 	ldrd	r2, r3, [r3]
10002ef8:	4630      	mov	r0, r6
10002efa:	4639      	mov	r1, r7
10002efc:	f7ff fcce 	bl	1000289c <__wrap___aeabi_dcmplt>
10002f00:	2800      	cmp	r0, #0
10002f02:	d178      	bne.n	10002ff6 <_ftoa+0x176>
10002f04:	4630      	mov	r0, r6
10002f06:	4639      	mov	r1, r7
10002f08:	2200      	movs	r2, #0
10002f0a:	2300      	movs	r3, #0
10002f0c:	f7ff fcc6 	bl	1000289c <__wrap___aeabi_dcmplt>
10002f10:	2800      	cmp	r0, #0
10002f12:	f040 8098 	bne.w	10003046 <_ftoa+0x1c6>
10002f16:	900d      	str	r0, [sp, #52]	@ 0x34
10002f18:	9b07      	ldr	r3, [sp, #28]
10002f1a:	2130      	movs	r1, #48	@ 0x30
10002f1c:	f413 6f80 	tst.w	r3, #1024	@ 0x400
10002f20:	bf08      	it	eq
10002f22:	2506      	moveq	r5, #6
10002f24:	aa0e      	add	r2, sp, #56	@ 0x38
10002f26:	462b      	mov	r3, r5
10002f28:	f1a5 0620 	sub.w	r6, r5, #32
10002f2c:	e005      	b.n	10002f3a <_ftoa+0xba>
10002f2e:	3b01      	subs	r3, #1
10002f30:	42b3      	cmp	r3, r6
10002f32:	f802 1b01 	strb.w	r1, [r2], #1
10002f36:	f000 8165 	beq.w	10003204 <_ftoa+0x384>
10002f3a:	2b09      	cmp	r3, #9
10002f3c:	d8f7      	bhi.n	10002f2e <_ftoa+0xae>
10002f3e:	461e      	mov	r6, r3
10002f40:	1aed      	subs	r5, r5, r3
10002f42:	e9dd 0104 	ldrd	r0, r1, [sp, #16]
10002f46:	f7ff fc61 	bl	1000280c <__wrap___aeabi_d2iz>
10002f4a:	4b94      	ldr	r3, [pc, #592]	@ (1000319c <_ftoa+0x31c>)
10002f4c:	4604      	mov	r4, r0
10002f4e:	eb03 03c6 	add.w	r3, r3, r6, lsl #3
10002f52:	ed93 7b00 	vldr	d7, [r3]
10002f56:	ed8d 7b08 	vstr	d7, [sp, #32]
10002f5a:	f7ff fc33 	bl	100027c4 <__wrap___aeabi_i2d>
10002f5e:	4602      	mov	r2, r0
10002f60:	460b      	mov	r3, r1
10002f62:	e9dd 0104 	ldrd	r0, r1, [sp, #16]
10002f66:	f7ff fb97 	bl	10002698 <__wrap___aeabi_dsub>
10002f6a:	e9dd 2308 	ldrd	r2, r3, [sp, #32]
10002f6e:	f7ff fba7 	bl	100026c0 <__wrap___aeabi_dmul>
10002f72:	e9cd 010a 	strd	r0, r1, [sp, #40]	@ 0x28
10002f76:	f7ff fc5b 	bl	10002830 <__wrap___aeabi_d2uiz>
10002f7a:	4607      	mov	r7, r0
10002f7c:	f7ff fc34 	bl	100027e8 <__wrap___aeabi_ui2d>
10002f80:	4602      	mov	r2, r0
10002f82:	460b      	mov	r3, r1
10002f84:	e9dd 010a 	ldrd	r0, r1, [sp, #40]	@ 0x28
10002f88:	f7ff fb86 	bl	10002698 <__wrap___aeabi_dsub>
10002f8c:	2200      	movs	r2, #0
10002f8e:	4b84      	ldr	r3, [pc, #528]	@ (100031a0 <_ftoa+0x320>)
10002f90:	e9cd 010a 	strd	r0, r1, [sp, #40]	@ 0x28
10002f94:	f7ff fcbe 	bl	10002914 <__wrap___aeabi_dcmpgt>
10002f98:	2800      	cmp	r0, #0
10002f9a:	f000 8088 	beq.w	100030ae <_ftoa+0x22e>
10002f9e:	3701      	adds	r7, #1
10002fa0:	4638      	mov	r0, r7
10002fa2:	f7ff fc21 	bl	100027e8 <__wrap___aeabi_ui2d>
10002fa6:	4602      	mov	r2, r0
10002fa8:	460b      	mov	r3, r1
10002faa:	e9dd 0108 	ldrd	r0, r1, [sp, #32]
10002fae:	f7ff fc89 	bl	100028c4 <__wrap___aeabi_dcmple>
10002fb2:	b108      	cbz	r0, 10002fb8 <_ftoa+0x138>
10002fb4:	2700      	movs	r7, #0
10002fb6:	3401      	adds	r4, #1
10002fb8:	2e00      	cmp	r6, #0
10002fba:	f000 8088 	beq.w	100030ce <_ftoa+0x24e>
10002fbe:	f10d 0337 	add.w	r3, sp, #55	@ 0x37
10002fc2:	f8df c1f0 	ldr.w	ip, [pc, #496]	@ 100031b4 <_ftoa+0x334>
10002fc6:	1958      	adds	r0, r3, r5
10002fc8:	e00d      	b.n	10002fe6 <_ftoa+0x166>
10002fca:	fbac 2107 	umull	r2, r1, ip, r7
10002fce:	08c9      	lsrs	r1, r1, #3
10002fd0:	eb01 0281 	add.w	r2, r1, r1, lsl #2
10002fd4:	eba7 0242 	sub.w	r2, r7, r2, lsl #1
10002fd8:	3230      	adds	r2, #48	@ 0x30
10002fda:	2f09      	cmp	r7, #9
10002fdc:	f800 2f01 	strb.w	r2, [r0, #1]!
10002fe0:	f240 80fb 	bls.w	100031da <_ftoa+0x35a>
10002fe4:	460f      	mov	r7, r1
10002fe6:	2d20      	cmp	r5, #32
10002fe8:	f106 36ff 	add.w	r6, r6, #4294967295	@ 0xffffffff
10002fec:	f105 0501 	add.w	r5, r5, #1
10002ff0:	d1eb      	bne.n	10002fca <_ftoa+0x14a>
10002ff2:	2520      	movs	r5, #32
10002ff4:	e086      	b.n	10003104 <_ftoa+0x284>
10002ff6:	9b07      	ldr	r3, [sp, #28]
10002ff8:	ed9d 7b04 	vldr	d7, [sp, #16]
10002ffc:	e9cd b323 	strd	fp, r3, [sp, #140]	@ 0x8c
10003000:	4649      	mov	r1, r9
10003002:	4653      	mov	r3, sl
10003004:	4640      	mov	r0, r8
10003006:	9a0c      	ldr	r2, [sp, #48]	@ 0x30
10003008:	ed8d 7b20 	vstr	d7, [sp, #128]	@ 0x80
1000300c:	9522      	str	r5, [sp, #136]	@ 0x88
1000300e:	b017      	add	sp, #92	@ 0x5c
10003010:	e8bd 4ff0 	ldmia.w	sp!, {r4, r5, r6, r7, r8, r9, sl, fp, lr}
10003014:	f000 b980 	b.w	10003318 <_etoa>
10003018:	9b07      	ldr	r3, [sp, #28]
1000301a:	4649      	mov	r1, r9
1000301c:	0758      	lsls	r0, r3, #29
1000301e:	bf4c      	ite	mi
10003020:	2304      	movmi	r3, #4
10003022:	2303      	movpl	r3, #3
10003024:	4640      	mov	r0, r8
10003026:	9321      	str	r3, [sp, #132]	@ 0x84
10003028:	4653      	mov	r3, sl
1000302a:	9a07      	ldr	r2, [sp, #28]
1000302c:	bf48      	it	mi
1000302e:	4c5d      	ldrmi	r4, [pc, #372]	@ (100031a4 <_ftoa+0x324>)
10003030:	e9cd b222 	strd	fp, r2, [sp, #136]	@ 0x88
10003034:	bf58      	it	pl
10003036:	4c5c      	ldrpl	r4, [pc, #368]	@ (100031a8 <_ftoa+0x328>)
10003038:	9a0c      	ldr	r2, [sp, #48]	@ 0x30
1000303a:	9420      	str	r4, [sp, #128]	@ 0x80
1000303c:	b017      	add	sp, #92	@ 0x5c
1000303e:	e8bd 4ff0 	ldmia.w	sp!, {r4, r5, r6, r7, r8, r9, sl, fp, lr}
10003042:	f7ff bdcf 	b.w	10002be4 <_out_rev>
10003046:	463b      	mov	r3, r7
10003048:	4632      	mov	r2, r6
1000304a:	2000      	movs	r0, #0
1000304c:	2100      	movs	r1, #0
1000304e:	f7ff fb23 	bl	10002698 <__wrap___aeabi_dsub>
10003052:	2301      	movs	r3, #1
10003054:	e9cd 0104 	strd	r0, r1, [sp, #16]
10003058:	930d      	str	r3, [sp, #52]	@ 0x34
1000305a:	e75d      	b.n	10002f18 <_ftoa+0x98>
1000305c:	9b07      	ldr	r3, [sp, #28]
1000305e:	f003 0202 	and.w	r2, r3, #2
10003062:	079c      	lsls	r4, r3, #30
10003064:	9204      	str	r2, [sp, #16]
10003066:	f000 80f4 	beq.w	10003252 <_ftoa+0x3d2>
1000306a:	9f0c      	ldr	r7, [sp, #48]	@ 0x30
1000306c:	463d      	mov	r5, r7
1000306e:	4e4f      	ldr	r6, [pc, #316]	@ (100031ac <_ftoa+0x32c>)
10003070:	1d34      	adds	r4, r6, #4
10003072:	f814 0d01 	ldrb.w	r0, [r4, #-1]!
10003076:	462a      	mov	r2, r5
10003078:	4653      	mov	r3, sl
1000307a:	4649      	mov	r1, r9
1000307c:	47c0      	blx	r8
1000307e:	42a6      	cmp	r6, r4
10003080:	f105 0501 	add.w	r5, r5, #1
10003084:	d1f5      	bne.n	10003072 <_ftoa+0x1f2>
10003086:	9b04      	ldr	r3, [sp, #16]
10003088:	1d3c      	adds	r4, r7, #4
1000308a:	b163      	cbz	r3, 100030a6 <_ftoa+0x226>
1000308c:	9d0c      	ldr	r5, [sp, #48]	@ 0x30
1000308e:	1b63      	subs	r3, r4, r5
10003090:	459b      	cmp	fp, r3
10003092:	d908      	bls.n	100030a6 <_ftoa+0x226>
10003094:	4622      	mov	r2, r4
10003096:	4653      	mov	r3, sl
10003098:	4649      	mov	r1, r9
1000309a:	2020      	movs	r0, #32
1000309c:	3401      	adds	r4, #1
1000309e:	47c0      	blx	r8
100030a0:	1b63      	subs	r3, r4, r5
100030a2:	459b      	cmp	fp, r3
100030a4:	d8f6      	bhi.n	10003094 <_ftoa+0x214>
100030a6:	4620      	mov	r0, r4
100030a8:	b017      	add	sp, #92	@ 0x5c
100030aa:	e8bd 8ff0 	ldmia.w	sp!, {r4, r5, r6, r7, r8, r9, sl, fp, pc}
100030ae:	2200      	movs	r2, #0
100030b0:	e9dd 010a 	ldrd	r0, r1, [sp, #40]	@ 0x28
100030b4:	4b3a      	ldr	r3, [pc, #232]	@ (100031a0 <_ftoa+0x320>)
100030b6:	f7ff fbf1 	bl	1000289c <__wrap___aeabi_dcmplt>
100030ba:	2800      	cmp	r0, #0
100030bc:	f47f af7c 	bne.w	10002fb8 <_ftoa+0x138>
100030c0:	2f00      	cmp	r7, #0
100030c2:	f040 80c2 	bne.w	1000324a <_ftoa+0x3ca>
100030c6:	3701      	adds	r7, #1
100030c8:	2e00      	cmp	r6, #0
100030ca:	f47f af78 	bne.w	10002fbe <_ftoa+0x13e>
100030ce:	4620      	mov	r0, r4
100030d0:	f7ff fb78 	bl	100027c4 <__wrap___aeabi_i2d>
100030d4:	4602      	mov	r2, r0
100030d6:	460b      	mov	r3, r1
100030d8:	e9dd 0104 	ldrd	r0, r1, [sp, #16]
100030dc:	f7ff fadc 	bl	10002698 <__wrap___aeabi_dsub>
100030e0:	2200      	movs	r2, #0
100030e2:	4b2f      	ldr	r3, [pc, #188]	@ (100031a0 <_ftoa+0x320>)
100030e4:	4606      	mov	r6, r0
100030e6:	460f      	mov	r7, r1
100030e8:	f7ff fbd8 	bl	1000289c <__wrap___aeabi_dcmplt>
100030ec:	b940      	cbnz	r0, 10003100 <_ftoa+0x280>
100030ee:	4630      	mov	r0, r6
100030f0:	4639      	mov	r1, r7
100030f2:	2200      	movs	r2, #0
100030f4:	4b2a      	ldr	r3, [pc, #168]	@ (100031a0 <_ftoa+0x320>)
100030f6:	f7ff fc0d 	bl	10002914 <__wrap___aeabi_dcmpgt>
100030fa:	2800      	cmp	r0, #0
100030fc:	f000 80a1 	beq.w	10003242 <_ftoa+0x3c2>
10003100:	f10d 0337 	add.w	r3, sp, #55	@ 0x37
10003104:	482a      	ldr	r0, [pc, #168]	@ (100031b0 <_ftoa+0x330>)
10003106:	1959      	adds	r1, r3, r5
10003108:	e00e      	b.n	10003128 <_ftoa+0x2a8>
1000310a:	fb80 7604 	smull	r7, r6, r0, r4
1000310e:	ebc2 02a6 	rsb	r2, r2, r6, asr #2
10003112:	eb02 0682 	add.w	r6, r2, r2, lsl #2
10003116:	eba4 0646 	sub.w	r6, r4, r6, lsl #1
1000311a:	3630      	adds	r6, #48	@ 0x30
1000311c:	4614      	mov	r4, r2
1000311e:	3501      	adds	r5, #1
10003120:	f801 6f01 	strb.w	r6, [r1, #1]!
10003124:	2a00      	cmp	r2, #0
10003126:	d047      	beq.n	100031b8 <_ftoa+0x338>
10003128:	2d20      	cmp	r5, #32
1000312a:	ea4f 72e4 	mov.w	r2, r4, asr #31
1000312e:	d1ec      	bne.n	1000310a <_ftoa+0x28a>
10003130:	9a07      	ldr	r2, [sp, #28]
10003132:	f002 0203 	and.w	r2, r2, #3
10003136:	2a01      	cmp	r2, #1
10003138:	d114      	bne.n	10003164 <_ftoa+0x2e4>
1000313a:	f1bb 0f00 	cmp.w	fp, #0
1000313e:	d011      	beq.n	10003164 <_ftoa+0x2e4>
10003140:	9a0d      	ldr	r2, [sp, #52]	@ 0x34
10003142:	2a00      	cmp	r2, #0
10003144:	d060      	beq.n	10003208 <_ftoa+0x388>
10003146:	f10b 3bff 	add.w	fp, fp, #4294967295	@ 0xffffffff
1000314a:	f1bb 0f20 	cmp.w	fp, #32
1000314e:	d909      	bls.n	10003164 <_ftoa+0x2e4>
10003150:	2230      	movs	r2, #48	@ 0x30
10003152:	442b      	add	r3, r5
10003154:	e004      	b.n	10003160 <_ftoa+0x2e0>
10003156:	3501      	adds	r5, #1
10003158:	455d      	cmp	r5, fp
1000315a:	f803 2f01 	strb.w	r2, [r3, #1]!
1000315e:	d231      	bcs.n	100031c4 <_ftoa+0x344>
10003160:	2d20      	cmp	r5, #32
10003162:	d1f8      	bne.n	10003156 <_ftoa+0x2d6>
10003164:	9b07      	ldr	r3, [sp, #28]
10003166:	ac0e      	add	r4, sp, #56	@ 0x38
10003168:	e9cd b302 	strd	fp, r3, [sp, #8]
1000316c:	9400      	str	r4, [sp, #0]
1000316e:	4653      	mov	r3, sl
10003170:	4649      	mov	r1, r9
10003172:	4640      	mov	r0, r8
10003174:	9a0c      	ldr	r2, [sp, #48]	@ 0x30
10003176:	9501      	str	r5, [sp, #4]
10003178:	f7ff fd34 	bl	10002be4 <_out_rev>
1000317c:	4604      	mov	r4, r0
1000317e:	4620      	mov	r0, r4
10003180:	b017      	add	sp, #92	@ 0x5c
10003182:	e8bd 8ff0 	ldmia.w	sp!, {r4, r5, r6, r7, r8, r9, sl, fp, pc}
10003186:	bf00      	nop
10003188:	00000000 	.word	0x00000000
1000318c:	41cdcd65 	.word	0x41cdcd65
10003190:	00000000 	.word	0x00000000
10003194:	c1cdcd65 	.word	0xc1cdcd65
10003198:	7fefffff 	.word	0x7fefffff
1000319c:	1000b430 	.word	0x1000b430
100031a0:	3fe00000 	.word	0x3fe00000
100031a4:	1000b194 	.word	0x1000b194
100031a8:	1000b19c 	.word	0x1000b19c
100031ac:	1000b1a4 	.word	0x1000b1a4
100031b0:	66666667 	.word	0x66666667
100031b4:	cccccccd 	.word	0xcccccccd
100031b8:	9a07      	ldr	r2, [sp, #28]
100031ba:	f002 0203 	and.w	r2, r2, #3
100031be:	2a01      	cmp	r2, #1
100031c0:	f000 8096 	beq.w	100032f0 <_ftoa+0x470>
100031c4:	2d20      	cmp	r5, #32
100031c6:	d0cd      	beq.n	10003164 <_ftoa+0x2e4>
100031c8:	9b0d      	ldr	r3, [sp, #52]	@ 0x34
100031ca:	b33b      	cbz	r3, 1000321c <_ftoa+0x39c>
100031cc:	222d      	movs	r2, #45	@ 0x2d
100031ce:	eb0d 0305 	add.w	r3, sp, r5
100031d2:	f883 2038 	strb.w	r2, [r3, #56]	@ 0x38
100031d6:	3501      	adds	r5, #1
100031d8:	e7c4      	b.n	10003164 <_ftoa+0x2e4>
100031da:	2d20      	cmp	r5, #32
100031dc:	f43f af09 	beq.w	10002ff2 <_ftoa+0x172>
100031e0:	2130      	movs	r1, #48	@ 0x30
100031e2:	442e      	add	r6, r5
100031e4:	195a      	adds	r2, r3, r5
100031e6:	e005      	b.n	100031f4 <_ftoa+0x374>
100031e8:	3501      	adds	r5, #1
100031ea:	2d20      	cmp	r5, #32
100031ec:	f802 1f01 	strb.w	r1, [r2, #1]!
100031f0:	f43f aeff 	beq.w	10002ff2 <_ftoa+0x172>
100031f4:	42ae      	cmp	r6, r5
100031f6:	d1f7      	bne.n	100031e8 <_ftoa+0x368>
100031f8:	222e      	movs	r2, #46	@ 0x2e
100031fa:	446e      	add	r6, sp
100031fc:	3501      	adds	r5, #1
100031fe:	f886 2038 	strb.w	r2, [r6, #56]	@ 0x38
10003202:	e77f      	b.n	10003104 <_ftoa+0x284>
10003204:	2520      	movs	r5, #32
10003206:	e69c      	b.n	10002f42 <_ftoa+0xc2>
10003208:	9a07      	ldr	r2, [sp, #28]
1000320a:	f012 0f0c 	tst.w	r2, #12
1000320e:	d05a      	beq.n	100032c6 <_ftoa+0x446>
10003210:	f10b 3bff 	add.w	fp, fp, #4294967295	@ 0xffffffff
10003214:	45ab      	cmp	fp, r5
10003216:	d89b      	bhi.n	10003150 <_ftoa+0x2d0>
10003218:	2d20      	cmp	r5, #32
1000321a:	d0a3      	beq.n	10003164 <_ftoa+0x2e4>
1000321c:	9b07      	ldr	r3, [sp, #28]
1000321e:	075a      	lsls	r2, r3, #29
10003220:	d506      	bpl.n	10003230 <_ftoa+0x3b0>
10003222:	222b      	movs	r2, #43	@ 0x2b
10003224:	eb0d 0305 	add.w	r3, sp, r5
10003228:	f883 2038 	strb.w	r2, [r3, #56]	@ 0x38
1000322c:	3501      	adds	r5, #1
1000322e:	e799      	b.n	10003164 <_ftoa+0x2e4>
10003230:	071b      	lsls	r3, r3, #28
10003232:	d597      	bpl.n	10003164 <_ftoa+0x2e4>
10003234:	2220      	movs	r2, #32
10003236:	eb0d 0305 	add.w	r3, sp, r5
1000323a:	f883 2038 	strb.w	r2, [r3, #56]	@ 0x38
1000323e:	3501      	adds	r5, #1
10003240:	e790      	b.n	10003164 <_ftoa+0x2e4>
10003242:	3401      	adds	r4, #1
10003244:	f024 0401 	bic.w	r4, r4, #1
10003248:	e75a      	b.n	10003100 <_ftoa+0x280>
1000324a:	07f9      	lsls	r1, r7, #31
1000324c:	f57f aeb4 	bpl.w	10002fb8 <_ftoa+0x138>
10003250:	e739      	b.n	100030c6 <_ftoa+0x246>
10003252:	f1bb 0f04 	cmp.w	fp, #4
10003256:	f67f af08 	bls.w	1000306a <_ftoa+0x1ea>
1000325a:	9b0c      	ldr	r3, [sp, #48]	@ 0x30
1000325c:	461d      	mov	r5, r3
1000325e:	3b04      	subs	r3, #4
10003260:	eb03 070b 	add.w	r7, r3, fp
10003264:	462a      	mov	r2, r5
10003266:	4653      	mov	r3, sl
10003268:	4649      	mov	r1, r9
1000326a:	2020      	movs	r0, #32
1000326c:	3501      	adds	r5, #1
1000326e:	47c0      	blx	r8
10003270:	42af      	cmp	r7, r5
10003272:	d1f7      	bne.n	10003264 <_ftoa+0x3e4>
10003274:	e6fa      	b.n	1000306c <_ftoa+0x1ec>
10003276:	9b07      	ldr	r3, [sp, #28]
10003278:	f003 0202 	and.w	r2, r3, #2
1000327c:	079d      	lsls	r5, r3, #30
1000327e:	9204      	str	r2, [sp, #16]
10003280:	d025      	beq.n	100032ce <_ftoa+0x44e>
10003282:	9f0c      	ldr	r7, [sp, #48]	@ 0x30
10003284:	463d      	mov	r5, r7
10003286:	4e22      	ldr	r6, [pc, #136]	@ (10003310 <_ftoa+0x490>)
10003288:	1cf4      	adds	r4, r6, #3
1000328a:	f814 0d01 	ldrb.w	r0, [r4, #-1]!
1000328e:	462a      	mov	r2, r5
10003290:	4653      	mov	r3, sl
10003292:	4649      	mov	r1, r9
10003294:	47c0      	blx	r8
10003296:	42a6      	cmp	r6, r4
10003298:	f105 0501 	add.w	r5, r5, #1
1000329c:	d1f5      	bne.n	1000328a <_ftoa+0x40a>
1000329e:	9b04      	ldr	r3, [sp, #16]
100032a0:	1cfc      	adds	r4, r7, #3
100032a2:	2b00      	cmp	r3, #0
100032a4:	f43f aeff 	beq.w	100030a6 <_ftoa+0x226>
100032a8:	9d0c      	ldr	r5, [sp, #48]	@ 0x30
100032aa:	1b63      	subs	r3, r4, r5
100032ac:	459b      	cmp	fp, r3
100032ae:	f67f aefa 	bls.w	100030a6 <_ftoa+0x226>
100032b2:	4622      	mov	r2, r4
100032b4:	4653      	mov	r3, sl
100032b6:	4649      	mov	r1, r9
100032b8:	2020      	movs	r0, #32
100032ba:	3401      	adds	r4, #1
100032bc:	47c0      	blx	r8
100032be:	1b63      	subs	r3, r4, r5
100032c0:	459b      	cmp	fp, r3
100032c2:	d8f6      	bhi.n	100032b2 <_ftoa+0x432>
100032c4:	e6ef      	b.n	100030a6 <_ftoa+0x226>
100032c6:	45ab      	cmp	fp, r5
100032c8:	f63f af42 	bhi.w	10003150 <_ftoa+0x2d0>
100032cc:	e74a      	b.n	10003164 <_ftoa+0x2e4>
100032ce:	f1bb 0f03 	cmp.w	fp, #3
100032d2:	d9d6      	bls.n	10003282 <_ftoa+0x402>
100032d4:	9b0c      	ldr	r3, [sp, #48]	@ 0x30
100032d6:	461d      	mov	r5, r3
100032d8:	3b03      	subs	r3, #3
100032da:	eb03 070b 	add.w	r7, r3, fp
100032de:	462a      	mov	r2, r5
100032e0:	4653      	mov	r3, sl
100032e2:	4649      	mov	r1, r9
100032e4:	2020      	movs	r0, #32
100032e6:	3501      	adds	r5, #1
100032e8:	47c0      	blx	r8
100032ea:	42bd      	cmp	r5, r7
100032ec:	d1f7      	bne.n	100032de <_ftoa+0x45e>
100032ee:	e7c9      	b.n	10003284 <_ftoa+0x404>
100032f0:	f1bb 0f00 	cmp.w	fp, #0
100032f4:	f43f af66 	beq.w	100031c4 <_ftoa+0x344>
100032f8:	9a0d      	ldr	r2, [sp, #52]	@ 0x34
100032fa:	2a00      	cmp	r2, #0
100032fc:	d084      	beq.n	10003208 <_ftoa+0x388>
100032fe:	f10b 3bff 	add.w	fp, fp, #4294967295	@ 0xffffffff
10003302:	455d      	cmp	r5, fp
10003304:	f4ff af24 	bcc.w	10003150 <_ftoa+0x2d0>
10003308:	2d20      	cmp	r5, #32
1000330a:	f47f af5f 	bne.w	100031cc <_ftoa+0x34c>
1000330e:	e729      	b.n	10003164 <_ftoa+0x2e4>
10003310:	1000b1a0 	.word	0x1000b1a0
10003314:	00000000 	.word	0x00000000

10003318 <_etoa>:
10003318:	e92d 4ff0 	stmdb	sp!, {r4, r5, r6, r7, r8, r9, sl, fp, lr}
1000331c:	b09f      	sub	sp, #124	@ 0x7c
1000331e:	461e      	mov	r6, r3
10003320:	e9dd ab28 	ldrd	sl, fp, [sp, #160]	@ 0xa0
10003324:	e9dd 982b 	ldrd	r9, r8, [sp, #172]	@ 0xac
10003328:	9b2a      	ldr	r3, [sp, #168]	@ 0xa8
1000332a:	4604      	mov	r4, r0
1000332c:	460d      	mov	r5, r1
1000332e:	920b      	str	r2, [sp, #44]	@ 0x2c
10003330:	930a      	str	r3, [sp, #40]	@ 0x28
10003332:	4652      	mov	r2, sl
10003334:	465b      	mov	r3, fp
10003336:	4650      	mov	r0, sl
10003338:	4659      	mov	r1, fp
1000333a:	f7ff fa8b 	bl	10002854 <__wrap___aeabi_dcmpun>
1000333e:	2800      	cmp	r0, #0
10003340:	f040 80c6 	bne.w	100034d0 <_etoa+0x1b8>
10003344:	4650      	mov	r0, sl
10003346:	4659      	mov	r1, fp
10003348:	f04f 32ff 	mov.w	r2, #4294967295	@ 0xffffffff
1000334c:	4b7b      	ldr	r3, [pc, #492]	@ (1000353c <_etoa+0x224>)
1000334e:	f7ff fae1 	bl	10002914 <__wrap___aeabi_dcmpgt>
10003352:	2800      	cmp	r0, #0
10003354:	f040 80bc 	bne.w	100034d0 <_etoa+0x1b8>
10003358:	4650      	mov	r0, sl
1000335a:	4659      	mov	r1, fp
1000335c:	f04f 32ff 	mov.w	r2, #4294967295	@ 0xffffffff
10003360:	f46f 1380 	mvn.w	r3, #1048576	@ 0x100000
10003364:	f7ff fa9a 	bl	1000289c <__wrap___aeabi_dcmplt>
10003368:	2800      	cmp	r0, #0
1000336a:	f040 80b1 	bne.w	100034d0 <_etoa+0x1b8>
1000336e:	4650      	mov	r0, sl
10003370:	4659      	mov	r1, fp
10003372:	2200      	movs	r2, #0
10003374:	2300      	movs	r3, #0
10003376:	f7ff fa91 	bl	1000289c <__wrap___aeabi_dcmplt>
1000337a:	2800      	cmp	r0, #0
1000337c:	f040 81dd 	bne.w	1000373a <_etoa+0x422>
10003380:	e9cd ab08 	strd	sl, fp, [sp, #32]
10003384:	e9dd 1208 	ldrd	r1, r2, [sp, #32]
10003388:	f418 6080 	ands.w	r0, r8, #1024	@ 0x400
1000338c:	460b      	mov	r3, r1
1000338e:	460f      	mov	r7, r1
10003390:	f408 6100 	and.w	r1, r8, #2048	@ 0x800
10003394:	920c      	str	r2, [sp, #48]	@ 0x30
10003396:	9114      	str	r1, [sp, #80]	@ 0x50
10003398:	9015      	str	r0, [sp, #84]	@ 0x54
1000339a:	f040 80a8 	bne.w	100034ee <_etoa+0x1d6>
1000339e:	4313      	orrs	r3, r2
100033a0:	f040 80d0 	bne.w	10003544 <_etoa+0x22c>
100033a4:	2900      	cmp	r1, #0
100033a6:	f040 81ec 	bne.w	10003782 <_etoa+0x46a>
100033aa:	2306      	movs	r3, #6
100033ac:	930a      	str	r3, [sp, #40]	@ 0x28
100033ae:	f018 0202 	ands.w	r2, r8, #2
100033b2:	9210      	str	r2, [sp, #64]	@ 0x40
100033b4:	f040 81dd 	bne.w	10003772 <_etoa+0x45a>
100033b8:	464b      	mov	r3, r9
100033ba:	2b04      	cmp	r3, #4
100033bc:	bf38      	it	cc
100033be:	2304      	movcc	r3, #4
100033c0:	920e      	str	r2, [sp, #56]	@ 0x38
100033c2:	2204      	movs	r2, #4
100033c4:	3b04      	subs	r3, #4
100033c6:	9212      	str	r2, [sp, #72]	@ 0x48
100033c8:	9314      	str	r3, [sp, #80]	@ 0x50
100033ca:	4650      	mov	r0, sl
100033cc:	4659      	mov	r1, fp
100033ce:	2200      	movs	r2, #0
100033d0:	2300      	movs	r3, #0
100033d2:	f7ff fa63 	bl	1000289c <__wrap___aeabi_dcmplt>
100033d6:	2800      	cmp	r0, #0
100033d8:	f040 822a 	bne.w	10003830 <_etoa+0x518>
100033dc:	ed9d 7b08 	vldr	d7, [sp, #32]
100033e0:	9b14      	ldr	r3, [sp, #80]	@ 0x50
100033e2:	9a0b      	ldr	r2, [sp, #44]	@ 0x2c
100033e4:	9303      	str	r3, [sp, #12]
100033e6:	9b0a      	ldr	r3, [sp, #40]	@ 0x28
100033e8:	ed8d 7b00 	vstr	d7, [sp]
100033ec:	9302      	str	r3, [sp, #8]
100033ee:	f428 6300 	bic.w	r3, r8, #2048	@ 0x800
100033f2:	9304      	str	r3, [sp, #16]
100033f4:	4629      	mov	r1, r5
100033f6:	4633      	mov	r3, r6
100033f8:	4620      	mov	r0, r4
100033fa:	f7ff fd41 	bl	10002e80 <_ftoa>
100033fe:	4602      	mov	r2, r0
10003400:	f018 0f20 	tst.w	r8, #32
10003404:	4633      	mov	r3, r6
10003406:	4629      	mov	r1, r5
10003408:	bf0c      	ite	eq
1000340a:	2065      	moveq	r0, #101	@ 0x65
1000340c:	2045      	movne	r0, #69	@ 0x45
1000340e:	f102 0801 	add.w	r8, r2, #1
10003412:	47a0      	blx	r4
10003414:	9b12      	ldr	r3, [sp, #72]	@ 0x48
10003416:	f10d 0a58 	add.w	sl, sp, #88	@ 0x58
1000341a:	f103 3bff 	add.w	fp, r3, #4294967295	@ 0xffffffff
1000341e:	9b0e      	ldr	r3, [sp, #56]	@ 0x38
10003420:	2200      	movs	r2, #0
10003422:	ea83 7ce3 	eor.w	ip, r3, r3, asr #31
10003426:	4650      	mov	r0, sl
10003428:	f8df e114 	ldr.w	lr, [pc, #276]	@ 10003540 <_etoa+0x228>
1000342c:	9f0b      	ldr	r7, [sp, #44]	@ 0x2c
1000342e:	ebac 7ce3 	sub.w	ip, ip, r3, asr #31
10003432:	0fd9      	lsrs	r1, r3, #31
10003434:	f8cd 8020 	str.w	r8, [sp, #32]
10003438:	e002      	b.n	10003440 <_etoa+0x128>
1000343a:	2a20      	cmp	r2, #32
1000343c:	46c4      	mov	ip, r8
1000343e:	d010      	beq.n	10003462 <_etoa+0x14a>
10003440:	fbae 380c 	umull	r3, r8, lr, ip
10003444:	ea4f 08d8 	mov.w	r8, r8, lsr #3
10003448:	eb08 0388 	add.w	r3, r8, r8, lsl #2
1000344c:	ebac 0343 	sub.w	r3, ip, r3, lsl #1
10003450:	3001      	adds	r0, #1
10003452:	3330      	adds	r3, #48	@ 0x30
10003454:	f1bc 0f09 	cmp.w	ip, #9
10003458:	f102 0201 	add.w	r2, r2, #1
1000345c:	f800 3c01 	strb.w	r3, [r0, #-1]
10003460:	d8eb      	bhi.n	1000343a <_etoa+0x122>
10003462:	2305      	movs	r3, #5
10003464:	f04f 0c00 	mov.w	ip, #0
10003468:	9306      	str	r3, [sp, #24]
1000346a:	230a      	movs	r3, #10
1000346c:	f8dd 8020 	ldr.w	r8, [sp, #32]
10003470:	e9cd 2101 	strd	r2, r1, [sp, #4]
10003474:	e9cd 3c03 	strd	r3, ip, [sp, #12]
10003478:	f8cd a000 	str.w	sl, [sp]
1000347c:	4633      	mov	r3, r6
1000347e:	4642      	mov	r2, r8
10003480:	4629      	mov	r1, r5
10003482:	4620      	mov	r0, r4
10003484:	f8cd b014 	str.w	fp, [sp, #20]
10003488:	f7ff fc00 	bl	10002c8c <_ntoa_format>
1000348c:	9b10      	ldr	r3, [sp, #64]	@ 0x40
1000348e:	4682      	mov	sl, r0
10003490:	b1d3      	cbz	r3, 100034c8 <_etoa+0x1b0>
10003492:	eba0 0807 	sub.w	r8, r0, r7
10003496:	45c1      	cmp	r9, r8
10003498:	d916      	bls.n	100034c8 <_etoa+0x1b0>
1000349a:	eb07 0208 	add.w	r2, r7, r8
1000349e:	4633      	mov	r3, r6
100034a0:	4629      	mov	r1, r5
100034a2:	2020      	movs	r0, #32
100034a4:	f108 0801 	add.w	r8, r8, #1
100034a8:	47a0      	blx	r4
100034aa:	45c1      	cmp	r9, r8
100034ac:	d8f5      	bhi.n	1000349a <_etoa+0x182>
100034ae:	1e7b      	subs	r3, r7, #1
100034b0:	444b      	add	r3, r9
100034b2:	f1c7 0201 	rsb	r2, r7, #1
100034b6:	eba3 030a 	sub.w	r3, r3, sl
100034ba:	4452      	add	r2, sl
100034bc:	4591      	cmp	r9, r2
100034be:	bf38      	it	cc
100034c0:	2300      	movcc	r3, #0
100034c2:	f10a 0a01 	add.w	sl, sl, #1
100034c6:	449a      	add	sl, r3
100034c8:	4650      	mov	r0, sl
100034ca:	b01f      	add	sp, #124	@ 0x7c
100034cc:	e8bd 8ff0 	ldmia.w	sp!, {r4, r5, r6, r7, r8, r9, sl, fp, pc}
100034d0:	4633      	mov	r3, r6
100034d2:	4629      	mov	r1, r5
100034d4:	4620      	mov	r0, r4
100034d6:	e9cd ab28 	strd	sl, fp, [sp, #160]	@ 0xa0
100034da:	9c0a      	ldr	r4, [sp, #40]	@ 0x28
100034dc:	e9cd 982b 	strd	r9, r8, [sp, #172]	@ 0xac
100034e0:	9a0b      	ldr	r2, [sp, #44]	@ 0x2c
100034e2:	942a      	str	r4, [sp, #168]	@ 0xa8
100034e4:	b01f      	add	sp, #124	@ 0x7c
100034e6:	e8bd 4ff0 	ldmia.w	sp!, {r4, r5, r6, r7, r8, r9, sl, fp, lr}
100034ea:	f7ff bcc9 	b.w	10002e80 <_ftoa>
100034ee:	ea57 0302 	orrs.w	r3, r7, r2
100034f2:	d129      	bne.n	10003548 <_etoa+0x230>
100034f4:	2900      	cmp	r1, #0
100034f6:	f43f af5a 	beq.w	100033ae <_etoa+0x96>
100034fa:	2300      	movs	r3, #0
100034fc:	930e      	str	r3, [sp, #56]	@ 0x38
100034fe:	9b0a      	ldr	r3, [sp, #40]	@ 0x28
10003500:	9a0e      	ldr	r2, [sp, #56]	@ 0x38
10003502:	4293      	cmp	r3, r2
10003504:	f300 81ba 	bgt.w	1000387c <_etoa+0x564>
10003508:	2700      	movs	r7, #0
1000350a:	4650      	mov	r0, sl
1000350c:	4659      	mov	r1, fp
1000350e:	2200      	movs	r2, #0
10003510:	2300      	movs	r3, #0
10003512:	f7ff f9c3 	bl	1000289c <__wrap___aeabi_dcmplt>
10003516:	2800      	cmp	r0, #0
10003518:	f040 8115 	bne.w	10003746 <_etoa+0x42e>
1000351c:	ed9d 7b08 	vldr	d7, [sp, #32]
10003520:	f428 6300 	bic.w	r3, r8, #2048	@ 0x800
10003524:	f443 6380 	orr.w	r3, r3, #1024	@ 0x400
10003528:	932c      	str	r3, [sp, #176]	@ 0xb0
1000352a:	ed8d 7b28 	vstr	d7, [sp, #160]	@ 0xa0
1000352e:	4633      	mov	r3, r6
10003530:	4629      	mov	r1, r5
10003532:	4620      	mov	r0, r4
10003534:	e9cd 792a 	strd	r7, r9, [sp, #168]	@ 0xa8
10003538:	9a0b      	ldr	r2, [sp, #44]	@ 0x2c
1000353a:	e7d3      	b.n	100034e4 <_etoa+0x1cc>
1000353c:	7fefffff 	.word	0x7fefffff
10003540:	cccccccd 	.word	0xcccccccd
10003544:	2306      	movs	r3, #6
10003546:	930a      	str	r3, [sp, #40]	@ 0x28
10003548:	9b0c      	ldr	r3, [sp, #48]	@ 0x30
1000354a:	f3c3 500a 	ubfx	r0, r3, #20, #11
1000354e:	f2a0 30ff 	subw	r0, r0, #1023	@ 0x3ff
10003552:	f7ff f937 	bl	100027c4 <__wrap___aeabi_i2d>
10003556:	a3b2      	add	r3, pc, #712	@ (adr r3, 10003820 <_etoa+0x508>)
10003558:	e9d3 2300 	ldrd	r2, r3, [r3]
1000355c:	f7ff f8b0 	bl	100026c0 <__wrap___aeabi_dmul>
10003560:	a3b1      	add	r3, pc, #708	@ (adr r3, 10003828 <_etoa+0x510>)
10003562:	e9d3 2300 	ldrd	r2, r3, [r3]
10003566:	f7ff f883 	bl	10002670 <__wrap___aeabi_dadd>
1000356a:	9b0c      	ldr	r3, [sp, #48]	@ 0x30
1000356c:	e9cd 010e 	strd	r0, r1, [sp, #56]	@ 0x38
10003570:	f3c3 0313 	ubfx	r3, r3, #0, #20
10003574:	f043 517f 	orr.w	r1, r3, #1069547520	@ 0x3fc00000
10003578:	4638      	mov	r0, r7
1000357a:	2200      	movs	r2, #0
1000357c:	4ba2      	ldr	r3, [pc, #648]	@ (10003808 <_etoa+0x4f0>)
1000357e:	f441 1140 	orr.w	r1, r1, #3145728	@ 0x300000
10003582:	f7ff f889 	bl	10002698 <__wrap___aeabi_dsub>
10003586:	a394      	add	r3, pc, #592	@ (adr r3, 100037d8 <_etoa+0x4c0>)
10003588:	e9d3 2300 	ldrd	r2, r3, [r3]
1000358c:	f7ff f898 	bl	100026c0 <__wrap___aeabi_dmul>
10003590:	4602      	mov	r2, r0
10003592:	460b      	mov	r3, r1
10003594:	e9dd 010e 	ldrd	r0, r1, [sp, #56]	@ 0x38
10003598:	f7ff f86a 	bl	10002670 <__wrap___aeabi_dadd>
1000359c:	f7ff f936 	bl	1000280c <__wrap___aeabi_d2iz>
100035a0:	900e      	str	r0, [sp, #56]	@ 0x38
100035a2:	f7ff f90f 	bl	100027c4 <__wrap___aeabi_i2d>
100035a6:	a38e      	add	r3, pc, #568	@ (adr r3, 100037e0 <_etoa+0x4c8>)
100035a8:	e9d3 2300 	ldrd	r2, r3, [r3]
100035ac:	e9cd 010c 	strd	r0, r1, [sp, #48]	@ 0x30
100035b0:	f7ff f886 	bl	100026c0 <__wrap___aeabi_dmul>
100035b4:	2200      	movs	r2, #0
100035b6:	4b95      	ldr	r3, [pc, #596]	@ (1000380c <_etoa+0x4f4>)
100035b8:	f7ff f85a 	bl	10002670 <__wrap___aeabi_dadd>
100035bc:	f7ff f926 	bl	1000280c <__wrap___aeabi_d2iz>
100035c0:	a389      	add	r3, pc, #548	@ (adr r3, 100037e8 <_etoa+0x4d0>)
100035c2:	e9d3 2300 	ldrd	r2, r3, [r3]
100035c6:	4607      	mov	r7, r0
100035c8:	e9dd 010c 	ldrd	r0, r1, [sp, #48]	@ 0x30
100035cc:	f7ff f878 	bl	100026c0 <__wrap___aeabi_dmul>
100035d0:	e9cd 010c 	strd	r0, r1, [sp, #48]	@ 0x30
100035d4:	4638      	mov	r0, r7
100035d6:	f7ff f8f5 	bl	100027c4 <__wrap___aeabi_i2d>
100035da:	a385      	add	r3, pc, #532	@ (adr r3, 100037f0 <_etoa+0x4d8>)
100035dc:	e9d3 2300 	ldrd	r2, r3, [r3]
100035e0:	f7ff f86e 	bl	100026c0 <__wrap___aeabi_dmul>
100035e4:	4602      	mov	r2, r0
100035e6:	460b      	mov	r3, r1
100035e8:	e9dd 010c 	ldrd	r0, r1, [sp, #48]	@ 0x30
100035ec:	f7ff f854 	bl	10002698 <__wrap___aeabi_dsub>
100035f0:	4602      	mov	r2, r0
100035f2:	460b      	mov	r3, r1
100035f4:	e9cd 230c 	strd	r2, r3, [sp, #48]	@ 0x30
100035f8:	f7ff f862 	bl	100026c0 <__wrap___aeabi_dmul>
100035fc:	e9cd 0110 	strd	r0, r1, [sp, #64]	@ 0x40
10003600:	e9dd 010c 	ldrd	r0, r1, [sp, #48]	@ 0x30
10003604:	4602      	mov	r2, r0
10003606:	460b      	mov	r3, r1
10003608:	f7ff f832 	bl	10002670 <__wrap___aeabi_dadd>
1000360c:	2200      	movs	r2, #0
1000360e:	e9cd 0112 	strd	r0, r1, [sp, #72]	@ 0x48
10003612:	e9dd 0110 	ldrd	r0, r1, [sp, #64]	@ 0x40
10003616:	4b7e      	ldr	r3, [pc, #504]	@ (10003810 <_etoa+0x4f8>)
10003618:	f7ff f878 	bl	1000270c <__wrap___aeabi_ddiv>
1000361c:	2200      	movs	r2, #0
1000361e:	4b7d      	ldr	r3, [pc, #500]	@ (10003814 <_etoa+0x4fc>)
10003620:	f7ff f826 	bl	10002670 <__wrap___aeabi_dadd>
10003624:	4602      	mov	r2, r0
10003626:	460b      	mov	r3, r1
10003628:	e9dd 0110 	ldrd	r0, r1, [sp, #64]	@ 0x40
1000362c:	f7ff f86e 	bl	1000270c <__wrap___aeabi_ddiv>
10003630:	2200      	movs	r2, #0
10003632:	4b79      	ldr	r3, [pc, #484]	@ (10003818 <_etoa+0x500>)
10003634:	f7ff f81c 	bl	10002670 <__wrap___aeabi_dadd>
10003638:	4602      	mov	r2, r0
1000363a:	460b      	mov	r3, r1
1000363c:	e9dd 0110 	ldrd	r0, r1, [sp, #64]	@ 0x40
10003640:	f7ff f864 	bl	1000270c <__wrap___aeabi_ddiv>
10003644:	e9cd 0110 	strd	r0, r1, [sp, #64]	@ 0x40
10003648:	e9dd 230c 	ldrd	r2, r3, [sp, #48]	@ 0x30
1000364c:	2000      	movs	r0, #0
1000364e:	f04f 4180 	mov.w	r1, #1073741824	@ 0x40000000
10003652:	f7ff f821 	bl	10002698 <__wrap___aeabi_dsub>
10003656:	4602      	mov	r2, r0
10003658:	460b      	mov	r3, r1
1000365a:	e9dd 0110 	ldrd	r0, r1, [sp, #64]	@ 0x40
1000365e:	f7ff f807 	bl	10002670 <__wrap___aeabi_dadd>
10003662:	4602      	mov	r2, r0
10003664:	460b      	mov	r3, r1
10003666:	e9dd 0112 	ldrd	r0, r1, [sp, #72]	@ 0x48
1000366a:	f7ff f84f 	bl	1000270c <__wrap___aeabi_ddiv>
1000366e:	2200      	movs	r2, #0
10003670:	4b6a      	ldr	r3, [pc, #424]	@ (1000381c <_etoa+0x504>)
10003672:	f7fe fffd 	bl	10002670 <__wrap___aeabi_dadd>
10003676:	f207 3cff 	addw	ip, r7, #1023	@ 0x3ff
1000367a:	2200      	movs	r2, #0
1000367c:	ea4f 530c 	mov.w	r3, ip, lsl #20
10003680:	f7ff f81e 	bl	100026c0 <__wrap___aeabi_dmul>
10003684:	4602      	mov	r2, r0
10003686:	460b      	mov	r3, r1
10003688:	e9dd 0108 	ldrd	r0, r1, [sp, #32]
1000368c:	e9cd 230c 	strd	r2, r3, [sp, #48]	@ 0x30
10003690:	f7ff f904 	bl	1000289c <__wrap___aeabi_dcmplt>
10003694:	b150      	cbz	r0, 100036ac <_etoa+0x394>
10003696:	e9dd 010c 	ldrd	r0, r1, [sp, #48]	@ 0x30
1000369a:	9b0e      	ldr	r3, [sp, #56]	@ 0x38
1000369c:	2200      	movs	r2, #0
1000369e:	3b01      	subs	r3, #1
100036a0:	930e      	str	r3, [sp, #56]	@ 0x38
100036a2:	4b5c      	ldr	r3, [pc, #368]	@ (10003814 <_etoa+0x4fc>)
100036a4:	f7ff f832 	bl	1000270c <__wrap___aeabi_ddiv>
100036a8:	e9cd 010c 	strd	r0, r1, [sp, #48]	@ 0x30
100036ac:	e9dd 010c 	ldrd	r0, r1, [sp, #48]	@ 0x30
100036b0:	9b0e      	ldr	r3, [sp, #56]	@ 0x38
100036b2:	4602      	mov	r2, r0
100036b4:	3363      	adds	r3, #99	@ 0x63
100036b6:	2bc6      	cmp	r3, #198	@ 0xc6
100036b8:	f008 0302 	and.w	r3, r8, #2
100036bc:	9310      	str	r3, [sp, #64]	@ 0x40
100036be:	9b14      	ldr	r3, [sp, #80]	@ 0x50
100036c0:	d82d      	bhi.n	1000371e <_etoa+0x406>
100036c2:	2b00      	cmp	r3, #0
100036c4:	d05f      	beq.n	10003786 <_etoa+0x46e>
100036c6:	2304      	movs	r3, #4
100036c8:	9312      	str	r3, [sp, #72]	@ 0x48
100036ca:	430a      	orrs	r2, r1
100036cc:	f43f af17 	beq.w	100034fe <_etoa+0x1e6>
100036d0:	e9dd 0108 	ldrd	r0, r1, [sp, #32]
100036d4:	a348      	add	r3, pc, #288	@ (adr r3, 100037f8 <_etoa+0x4e0>)
100036d6:	e9d3 2300 	ldrd	r2, r3, [r3]
100036da:	f7ff f907 	bl	100028ec <__wrap___aeabi_dcmpge>
100036de:	b148      	cbz	r0, 100036f4 <_etoa+0x3dc>
100036e0:	e9dd 0108 	ldrd	r0, r1, [sp, #32]
100036e4:	a346      	add	r3, pc, #280	@ (adr r3, 10003800 <_etoa+0x4e8>)
100036e6:	e9d3 2300 	ldrd	r2, r3, [r3]
100036ea:	f7ff f8d7 	bl	1000289c <__wrap___aeabi_dcmplt>
100036ee:	2800      	cmp	r0, #0
100036f0:	f47f af05 	bne.w	100034fe <_etoa+0x1e6>
100036f4:	9b0a      	ldr	r3, [sp, #40]	@ 0x28
100036f6:	2b00      	cmp	r3, #0
100036f8:	d051      	beq.n	1000379e <_etoa+0x486>
100036fa:	9a15      	ldr	r2, [sp, #84]	@ 0x54
100036fc:	2a00      	cmp	r2, #0
100036fe:	f000 80ac 	beq.w	1000385a <_etoa+0x542>
10003702:	3b01      	subs	r3, #1
10003704:	930a      	str	r3, [sp, #40]	@ 0x28
10003706:	9b12      	ldr	r3, [sp, #72]	@ 0x48
10003708:	4599      	cmp	r9, r3
1000370a:	d905      	bls.n	10003718 <_etoa+0x400>
1000370c:	9b10      	ldr	r3, [sp, #64]	@ 0x40
1000370e:	2b00      	cmp	r3, #0
10003710:	f000 80af 	beq.w	10003872 <_etoa+0x55a>
10003714:	2302      	movs	r3, #2
10003716:	9310      	str	r3, [sp, #64]	@ 0x40
10003718:	2300      	movs	r3, #0
1000371a:	9314      	str	r3, [sp, #80]	@ 0x50
1000371c:	e044      	b.n	100037a8 <_etoa+0x490>
1000371e:	bb2b      	cbnz	r3, 1000376c <_etoa+0x454>
10003720:	f1b9 0f05 	cmp.w	r9, #5
10003724:	d94f      	bls.n	100037c6 <_etoa+0x4ae>
10003726:	f008 0302 	and.w	r3, r8, #2
1000372a:	2b00      	cmp	r3, #0
1000372c:	d149      	bne.n	100037c2 <_etoa+0x4aa>
1000372e:	2305      	movs	r3, #5
10003730:	9312      	str	r3, [sp, #72]	@ 0x48
10003732:	f1a9 0305 	sub.w	r3, r9, #5
10003736:	9314      	str	r3, [sp, #80]	@ 0x50
10003738:	e03a      	b.n	100037b0 <_etoa+0x498>
1000373a:	f10b 4300 	add.w	r3, fp, #2147483648	@ 0x80000000
1000373e:	f8cd a020 	str.w	sl, [sp, #32]
10003742:	9309      	str	r3, [sp, #36]	@ 0x24
10003744:	e61e      	b.n	10003384 <_etoa+0x6c>
10003746:	f428 6300 	bic.w	r3, r8, #2048	@ 0x800
1000374a:	f443 6380 	orr.w	r3, r3, #1024	@ 0x400
1000374e:	4620      	mov	r0, r4
10003750:	e9cd 792a 	strd	r7, r9, [sp, #168]	@ 0xa8
10003754:	932c      	str	r3, [sp, #176]	@ 0xb0
10003756:	4633      	mov	r3, r6
10003758:	e9dd 6708 	ldrd	r6, r7, [sp, #32]
1000375c:	4634      	mov	r4, r6
1000375e:	4629      	mov	r1, r5
10003760:	f107 4500 	add.w	r5, r7, #2147483648	@ 0x80000000
10003764:	e9cd 4528 	strd	r4, r5, [sp, #160]	@ 0xa0
10003768:	9a0b      	ldr	r2, [sp, #44]	@ 0x2c
1000376a:	e6bb      	b.n	100034e4 <_etoa+0x1cc>
1000376c:	2305      	movs	r3, #5
1000376e:	9312      	str	r3, [sp, #72]	@ 0x48
10003770:	e7ab      	b.n	100036ca <_etoa+0x3b2>
10003772:	2202      	movs	r2, #2
10003774:	2300      	movs	r3, #0
10003776:	9210      	str	r2, [sp, #64]	@ 0x40
10003778:	2204      	movs	r2, #4
1000377a:	9314      	str	r3, [sp, #80]	@ 0x50
1000377c:	9212      	str	r2, [sp, #72]	@ 0x48
1000377e:	930e      	str	r3, [sp, #56]	@ 0x38
10003780:	e623      	b.n	100033ca <_etoa+0xb2>
10003782:	2705      	movs	r7, #5
10003784:	e6c1      	b.n	1000350a <_etoa+0x1f2>
10003786:	f1b9 0f04 	cmp.w	r9, #4
1000378a:	d91f      	bls.n	100037cc <_etoa+0x4b4>
1000378c:	9b10      	ldr	r3, [sp, #64]	@ 0x40
1000378e:	2b00      	cmp	r3, #0
10003790:	d177      	bne.n	10003882 <_etoa+0x56a>
10003792:	2304      	movs	r3, #4
10003794:	9312      	str	r3, [sp, #72]	@ 0x48
10003796:	f1a9 0304 	sub.w	r3, r9, #4
1000379a:	9314      	str	r3, [sp, #80]	@ 0x50
1000379c:	e004      	b.n	100037a8 <_etoa+0x490>
1000379e:	9b12      	ldr	r3, [sp, #72]	@ 0x48
100037a0:	4599      	cmp	r9, r3
100037a2:	d85f      	bhi.n	10003864 <_etoa+0x54c>
100037a4:	9b0a      	ldr	r3, [sp, #40]	@ 0x28
100037a6:	9314      	str	r3, [sp, #80]	@ 0x50
100037a8:	9b0e      	ldr	r3, [sp, #56]	@ 0x38
100037aa:	2b00      	cmp	r3, #0
100037ac:	f43f ae0d 	beq.w	100033ca <_etoa+0xb2>
100037b0:	e9dd 0108 	ldrd	r0, r1, [sp, #32]
100037b4:	e9dd 230c 	ldrd	r2, r3, [sp, #48]	@ 0x30
100037b8:	f7fe ffa8 	bl	1000270c <__wrap___aeabi_ddiv>
100037bc:	e9cd 0108 	strd	r0, r1, [sp, #32]
100037c0:	e603      	b.n	100033ca <_etoa+0xb2>
100037c2:	2302      	movs	r3, #2
100037c4:	9310      	str	r3, [sp, #64]	@ 0x40
100037c6:	2305      	movs	r3, #5
100037c8:	9312      	str	r3, [sp, #72]	@ 0x48
100037ca:	e7f1      	b.n	100037b0 <_etoa+0x498>
100037cc:	2304      	movs	r3, #4
100037ce:	9312      	str	r3, [sp, #72]	@ 0x48
100037d0:	e7ea      	b.n	100037a8 <_etoa+0x490>
100037d2:	bf00      	nop
100037d4:	f3af 8000 	nop.w
100037d8:	636f4361 	.word	0x636f4361
100037dc:	3fd287a7 	.word	0x3fd287a7
100037e0:	0979a371 	.word	0x0979a371
100037e4:	400a934f 	.word	0x400a934f
100037e8:	bbb55516 	.word	0xbbb55516
100037ec:	40026bb1 	.word	0x40026bb1
100037f0:	fefa39ef 	.word	0xfefa39ef
100037f4:	3fe62e42 	.word	0x3fe62e42
100037f8:	eb1c432d 	.word	0xeb1c432d
100037fc:	3f1a36e2 	.word	0x3f1a36e2
10003800:	00000000 	.word	0x00000000
10003804:	412e8480 	.word	0x412e8480
10003808:	3ff80000 	.word	0x3ff80000
1000380c:	3fe00000 	.word	0x3fe00000
10003810:	402c0000 	.word	0x402c0000
10003814:	40240000 	.word	0x40240000
10003818:	40180000 	.word	0x40180000
1000381c:	3ff00000 	.word	0x3ff00000
10003820:	509f79fb 	.word	0x509f79fb
10003824:	3fd34413 	.word	0x3fd34413
10003828:	8b60c8b3 	.word	0x8b60c8b3
1000382c:	3fc68a28 	.word	0x3fc68a28
10003830:	9b14      	ldr	r3, [sp, #80]	@ 0x50
10003832:	e9dd a708 	ldrd	sl, r7, [sp, #32]
10003836:	9303      	str	r3, [sp, #12]
10003838:	9b0a      	ldr	r3, [sp, #40]	@ 0x28
1000383a:	f107 4b00 	add.w	fp, r7, #2147483648	@ 0x80000000
1000383e:	9302      	str	r3, [sp, #8]
10003840:	f428 6300 	bic.w	r3, r8, #2048	@ 0x800
10003844:	9a0b      	ldr	r2, [sp, #44]	@ 0x2c
10003846:	9304      	str	r3, [sp, #16]
10003848:	4629      	mov	r1, r5
1000384a:	4633      	mov	r3, r6
1000384c:	4620      	mov	r0, r4
1000384e:	e9cd ab00 	strd	sl, fp, [sp]
10003852:	f7ff fb15 	bl	10002e80 <_ftoa>
10003856:	4602      	mov	r2, r0
10003858:	e5d2      	b.n	10003400 <_etoa+0xe8>
1000385a:	9b12      	ldr	r3, [sp, #72]	@ 0x48
1000385c:	4599      	cmp	r9, r3
1000385e:	d815      	bhi.n	1000388c <_etoa+0x574>
10003860:	9214      	str	r2, [sp, #80]	@ 0x50
10003862:	e7a1      	b.n	100037a8 <_etoa+0x490>
10003864:	9b10      	ldr	r3, [sp, #64]	@ 0x40
10003866:	b123      	cbz	r3, 10003872 <_etoa+0x55a>
10003868:	9b0a      	ldr	r3, [sp, #40]	@ 0x28
1000386a:	9314      	str	r3, [sp, #80]	@ 0x50
1000386c:	2302      	movs	r3, #2
1000386e:	9310      	str	r3, [sp, #64]	@ 0x40
10003870:	e79a      	b.n	100037a8 <_etoa+0x490>
10003872:	9b12      	ldr	r3, [sp, #72]	@ 0x48
10003874:	eba9 0303 	sub.w	r3, r9, r3
10003878:	9314      	str	r3, [sp, #80]	@ 0x50
1000387a:	e795      	b.n	100037a8 <_etoa+0x490>
1000387c:	1a9b      	subs	r3, r3, r2
1000387e:	1e5f      	subs	r7, r3, #1
10003880:	e643      	b.n	1000350a <_etoa+0x1f2>
10003882:	2304      	movs	r3, #4
10003884:	9312      	str	r3, [sp, #72]	@ 0x48
10003886:	2302      	movs	r3, #2
10003888:	9310      	str	r3, [sp, #64]	@ 0x40
1000388a:	e78d      	b.n	100037a8 <_etoa+0x490>
1000388c:	9b10      	ldr	r3, [sp, #64]	@ 0x40
1000388e:	2b00      	cmp	r3, #0
10003890:	d0ef      	beq.n	10003872 <_etoa+0x55a>
10003892:	2302      	movs	r3, #2
10003894:	9214      	str	r2, [sp, #80]	@ 0x50
10003896:	9310      	str	r3, [sp, #64]	@ 0x40
10003898:	e786      	b.n	100037a8 <_etoa+0x490>
1000389a:	bf00      	nop

1000389c <_vsnprintf>:
1000389c:	e92d 4ff0 	stmdb	sp!, {r4, r5, r6, r7, r8, r9, sl, fp, lr}
100038a0:	4691      	mov	r9, r2
100038a2:	4c9a      	ldr	r4, [pc, #616]	@ (10003b0c <_vsnprintf+0x270>)
100038a4:	4a9a      	ldr	r2, [pc, #616]	@ (10003b10 <_vsnprintf+0x274>)
100038a6:	f1b1 0a00 	subs.w	sl, r1, #0
100038aa:	b09b      	sub	sp, #108	@ 0x6c
100038ac:	bf18      	it	ne
100038ae:	4683      	movne	fp, r0
100038b0:	6014      	str	r4, [r2, #0]
100038b2:	7818      	ldrb	r0, [r3, #0]
100038b4:	4a97      	ldr	r2, [pc, #604]	@ (10003b14 <_vsnprintf+0x278>)
100038b6:	f8dd 8090 	ldr.w	r8, [sp, #144]	@ 0x90
100038ba:	bf08      	it	eq
100038bc:	4693      	moveq	fp, r2
100038be:	2800      	cmp	r0, #0
100038c0:	f000 828a 	beq.w	10003dd8 <_vsnprintf+0x53c>
100038c4:	461d      	mov	r5, r3
100038c6:	2600      	movs	r6, #0
100038c8:	f8cd 9020 	str.w	r9, [sp, #32]
100038cc:	e008      	b.n	100038e0 <_vsnprintf+0x44>
100038ce:	4632      	mov	r2, r6
100038d0:	4651      	mov	r1, sl
100038d2:	9b08      	ldr	r3, [sp, #32]
100038d4:	47d8      	blx	fp
100038d6:	3601      	adds	r6, #1
100038d8:	7828      	ldrb	r0, [r5, #0]
100038da:	2800      	cmp	r0, #0
100038dc:	f000 80c7 	beq.w	10003a6e <_vsnprintf+0x1d2>
100038e0:	2825      	cmp	r0, #37	@ 0x25
100038e2:	f105 0501 	add.w	r5, r5, #1
100038e6:	d1f2      	bne.n	100038ce <_vsnprintf+0x32>
100038e8:	2200      	movs	r2, #0
100038ea:	462b      	mov	r3, r5
100038ec:	f813 1b01 	ldrb.w	r1, [r3], #1
100038f0:	f1a1 0020 	sub.w	r0, r1, #32
100038f4:	2810      	cmp	r0, #16
100038f6:	d80a      	bhi.n	1000390e <_vsnprintf+0x72>
100038f8:	e8df f000 	tbb	[pc, r0]
100038fc:	3b09093f 	.word	0x3b09093f
10003900:	09090909 	.word	0x09090909
10003904:	37090909 	.word	0x37090909
10003908:	09093309 	.word	0x09093309
1000390c:	2f          	.byte	0x2f
1000390d:	00          	.byte	0x00
1000390e:	f1a1 0030 	sub.w	r0, r1, #48	@ 0x30
10003912:	2809      	cmp	r0, #9
10003914:	f240 8089 	bls.w	10003a2a <_vsnprintf+0x18e>
10003918:	292a      	cmp	r1, #42	@ 0x2a
1000391a:	f000 80e9 	beq.w	10003af0 <_vsnprintf+0x254>
1000391e:	2400      	movs	r4, #0
10003920:	292e      	cmp	r1, #46	@ 0x2e
10003922:	f000 8094 	beq.w	10003a4e <_vsnprintf+0x1b2>
10003926:	2700      	movs	r7, #0
10003928:	f1a1 0068 	sub.w	r0, r1, #104	@ 0x68
1000392c:	2812      	cmp	r0, #18
1000392e:	d82c      	bhi.n	1000398a <_vsnprintf+0xee>
10003930:	e8df f010 	tbh	[pc, r0, lsl #1]
10003934:	002b014e 	.word	0x002b014e
10003938:	002b0149 	.word	0x002b0149
1000393c:	002b0140 	.word	0x002b0140
10003940:	002b002b 	.word	0x002b002b
10003944:	002b002b 	.word	0x002b002b
10003948:	002b002b 	.word	0x002b002b
1000394c:	002b0027 	.word	0x002b0027
10003950:	002b002b 	.word	0x002b002b
10003954:	002b002b 	.word	0x002b002b
10003958:	0027      	.short	0x0027
1000395a:	461d      	mov	r5, r3
1000395c:	f042 0201 	orr.w	r2, r2, #1
10003960:	e7c3      	b.n	100038ea <_vsnprintf+0x4e>
10003962:	461d      	mov	r5, r3
10003964:	f042 0202 	orr.w	r2, r2, #2
10003968:	e7bf      	b.n	100038ea <_vsnprintf+0x4e>
1000396a:	461d      	mov	r5, r3
1000396c:	f042 0204 	orr.w	r2, r2, #4
10003970:	e7bb      	b.n	100038ea <_vsnprintf+0x4e>
10003972:	461d      	mov	r5, r3
10003974:	f042 0210 	orr.w	r2, r2, #16
10003978:	e7b7      	b.n	100038ea <_vsnprintf+0x4e>
1000397a:	461d      	mov	r5, r3
1000397c:	f042 0208 	orr.w	r2, r2, #8
10003980:	e7b3      	b.n	100038ea <_vsnprintf+0x4e>
10003982:	7869      	ldrb	r1, [r5, #1]
10003984:	f442 7280 	orr.w	r2, r2, #256	@ 0x100
10003988:	3301      	adds	r3, #1
1000398a:	2967      	cmp	r1, #103	@ 0x67
1000398c:	461d      	mov	r5, r3
1000398e:	d87e      	bhi.n	10003a8e <_vsnprintf+0x1f2>
10003990:	2924      	cmp	r1, #36	@ 0x24
10003992:	f240 80b8 	bls.w	10003b06 <_vsnprintf+0x26a>
10003996:	f1a1 0325 	sub.w	r3, r1, #37	@ 0x25
1000399a:	2b42      	cmp	r3, #66	@ 0x42
1000399c:	f200 80b3 	bhi.w	10003b06 <_vsnprintf+0x26a>
100039a0:	e8df f013 	tbh	[pc, r3, lsl #1]
100039a4:	00b10151 	.word	0x00b10151
100039a8:	00b100b1 	.word	0x00b100b1
100039ac:	00b100b1 	.word	0x00b100b1
100039b0:	00b100b1 	.word	0x00b100b1
100039b4:	00b100b1 	.word	0x00b100b1
100039b8:	00b100b1 	.word	0x00b100b1
100039bc:	00b100b1 	.word	0x00b100b1
100039c0:	00b100b1 	.word	0x00b100b1
100039c4:	00b100b1 	.word	0x00b100b1
100039c8:	00b100b1 	.word	0x00b100b1
100039cc:	00b100b1 	.word	0x00b100b1
100039d0:	00b100b1 	.word	0x00b100b1
100039d4:	00b100b1 	.word	0x00b100b1
100039d8:	00b100b1 	.word	0x00b100b1
100039dc:	00b100b1 	.word	0x00b100b1
100039e0:	00b100b1 	.word	0x00b100b1
100039e4:	013a011e 	.word	0x013a011e
100039e8:	00b1011e 	.word	0x00b1011e
100039ec:	00b100b1 	.word	0x00b100b1
100039f0:	00b100b1 	.word	0x00b100b1
100039f4:	00b100b1 	.word	0x00b100b1
100039f8:	00b100b1 	.word	0x00b100b1
100039fc:	00b100b1 	.word	0x00b100b1
10003a00:	00b100b1 	.word	0x00b100b1
10003a04:	00b100b1 	.word	0x00b100b1
10003a08:	01b400b1 	.word	0x01b400b1
10003a0c:	00b100b1 	.word	0x00b100b1
10003a10:	00b100b1 	.word	0x00b100b1
10003a14:	00b100b1 	.word	0x00b100b1
10003a18:	00b100b1 	.word	0x00b100b1
10003a1c:	01b400b1 	.word	0x01b400b1
10003a20:	01b40158 	.word	0x01b40158
10003a24:	013a011e 	.word	0x013a011e
10003a28:	011e      	.short	0x011e
10003a2a:	2400      	movs	r4, #0
10003a2c:	eb04 0484 	add.w	r4, r4, r4, lsl #2
10003a30:	eb01 0444 	add.w	r4, r1, r4, lsl #1
10003a34:	7819      	ldrb	r1, [r3, #0]
10003a36:	461d      	mov	r5, r3
10003a38:	f1a1 0030 	sub.w	r0, r1, #48	@ 0x30
10003a3c:	2809      	cmp	r0, #9
10003a3e:	f1a4 0430 	sub.w	r4, r4, #48	@ 0x30
10003a42:	f103 0301 	add.w	r3, r3, #1
10003a46:	d9f1      	bls.n	10003a2c <_vsnprintf+0x190>
10003a48:	292e      	cmp	r1, #46	@ 0x2e
10003a4a:	f47f af6c 	bne.w	10003926 <_vsnprintf+0x8a>
10003a4e:	7869      	ldrb	r1, [r5, #1]
10003a50:	4618      	mov	r0, r3
10003a52:	f1a1 0730 	sub.w	r7, r1, #48	@ 0x30
10003a56:	2f09      	cmp	r7, #9
10003a58:	f442 6280 	orr.w	r2, r2, #1024	@ 0x400
10003a5c:	f240 8125 	bls.w	10003caa <_vsnprintf+0x40e>
10003a60:	292a      	cmp	r1, #42	@ 0x2a
10003a62:	f000 8132 	beq.w	10003cca <_vsnprintf+0x42e>
10003a66:	461d      	mov	r5, r3
10003a68:	2700      	movs	r7, #0
10003a6a:	3301      	adds	r3, #1
10003a6c:	e75c      	b.n	10003928 <_vsnprintf+0x8c>
10003a6e:	4634      	mov	r4, r6
10003a70:	f8dd 9020 	ldr.w	r9, [sp, #32]
10003a74:	45b1      	cmp	r9, r6
10003a76:	d801      	bhi.n	10003a7c <_vsnprintf+0x1e0>
10003a78:	f109 36ff 	add.w	r6, r9, #4294967295	@ 0xffffffff
10003a7c:	464b      	mov	r3, r9
10003a7e:	4632      	mov	r2, r6
10003a80:	4651      	mov	r1, sl
10003a82:	2000      	movs	r0, #0
10003a84:	47d8      	blx	fp
10003a86:	4620      	mov	r0, r4
10003a88:	b01b      	add	sp, #108	@ 0x6c
10003a8a:	e8bd 8ff0 	ldmia.w	sp!, {r4, r5, r6, r7, r8, r9, sl, fp, pc}
10003a8e:	f1a1 0369 	sub.w	r3, r1, #105	@ 0x69
10003a92:	b2db      	uxtb	r3, r3
10003a94:	2b0f      	cmp	r3, #15
10003a96:	d836      	bhi.n	10003b06 <_vsnprintf+0x26a>
10003a98:	2001      	movs	r0, #1
10003a9a:	f249 0c41 	movw	ip, #36929	@ 0x9041
10003a9e:	4098      	lsls	r0, r3
10003aa0:	ea10 000c 	ands.w	r0, r0, ip
10003aa4:	f040 80f4 	bne.w	10003c90 <_vsnprintf+0x3f4>
10003aa8:	2b0a      	cmp	r3, #10
10003aaa:	d035      	beq.n	10003b18 <_vsnprintf+0x27c>
10003aac:	2b07      	cmp	r3, #7
10003aae:	d12a      	bne.n	10003b06 <_vsnprintf+0x26a>
10003ab0:	f858 1b04 	ldr.w	r1, [r8], #4
10003ab4:	2900      	cmp	r1, #0
10003ab6:	f040 8110 	bne.w	10003cda <_vsnprintf+0x43e>
10003aba:	f022 0410 	bic.w	r4, r2, #16
10003abe:	f412 6180 	ands.w	r1, r2, #1024	@ 0x400
10003ac2:	f044 0421 	orr.w	r4, r4, #33	@ 0x21
10003ac6:	f000 810a 	beq.w	10003cde <_vsnprintf+0x442>
10003aca:	aa12      	add	r2, sp, #72	@ 0x48
10003acc:	2308      	movs	r3, #8
10003ace:	9305      	str	r3, [sp, #20]
10003ad0:	2310      	movs	r3, #16
10003ad2:	e9cd 2000 	strd	r2, r0, [sp]
10003ad6:	4632      	mov	r2, r6
10003ad8:	9406      	str	r4, [sp, #24]
10003ada:	9704      	str	r7, [sp, #16]
10003adc:	9303      	str	r3, [sp, #12]
10003ade:	2300      	movs	r3, #0
10003ae0:	9302      	str	r3, [sp, #8]
10003ae2:	4651      	mov	r1, sl
10003ae4:	4658      	mov	r0, fp
10003ae6:	9b08      	ldr	r3, [sp, #32]
10003ae8:	f7ff f8d0 	bl	10002c8c <_ntoa_format>
10003aec:	4606      	mov	r6, r0
10003aee:	e6f3      	b.n	100038d8 <_vsnprintf+0x3c>
10003af0:	f858 4b04 	ldr.w	r4, [r8], #4
10003af4:	7869      	ldrb	r1, [r5, #1]
10003af6:	2c00      	cmp	r4, #0
10003af8:	461d      	mov	r5, r3
10003afa:	bfbc      	itt	lt
10003afc:	f042 0202 	orrlt.w	r2, r2, #2
10003b00:	4264      	neglt	r4, r4
10003b02:	3301      	adds	r3, #1
10003b04:	e70c      	b.n	10003920 <_vsnprintf+0x84>
10003b06:	4608      	mov	r0, r1
10003b08:	e6e1      	b.n	100038ce <_vsnprintf+0x32>
10003b0a:	bf00      	nop
10003b0c:	1000389d 	.word	0x1000389d
10003b10:	20002bcc 	.word	0x20002bcc
10003b14:	10002be1 	.word	0x10002be1
10003b18:	f858 9b04 	ldr.w	r9, [r8], #4
10003b1c:	2f00      	cmp	r7, #0
10003b1e:	f899 0000 	ldrb.w	r0, [r9]
10003b22:	bf14      	ite	ne
10003b24:	463b      	movne	r3, r7
10003b26:	f04f 33ff 	moveq.w	r3, #4294967295	@ 0xffffffff
10003b2a:	2800      	cmp	r0, #0
10003b2c:	f000 8382 	beq.w	10004234 <_vsnprintf+0x998>
10003b30:	4649      	mov	r1, r9
10003b32:	eb03 0c09 	add.w	ip, r3, r9
10003b36:	e004      	b.n	10003b42 <_vsnprintf+0x2a6>
10003b38:	f811 3f01 	ldrb.w	r3, [r1, #1]!
10003b3c:	2b00      	cmp	r3, #0
10003b3e:	f000 8143 	beq.w	10003dc8 <_vsnprintf+0x52c>
10003b42:	458c      	cmp	ip, r1
10003b44:	d1f8      	bne.n	10003b38 <_vsnprintf+0x29c>
10003b46:	ebac 0109 	sub.w	r1, ip, r9
10003b4a:	0553      	lsls	r3, r2, #21
10003b4c:	f140 8120 	bpl.w	10003d90 <_vsnprintf+0x4f4>
10003b50:	42b9      	cmp	r1, r7
10003b52:	bf28      	it	cs
10003b54:	4639      	movcs	r1, r7
10003b56:	f012 0302 	ands.w	r3, r2, #2
10003b5a:	f000 8283 	beq.w	10004064 <_vsnprintf+0x7c8>
10003b5e:	2302      	movs	r3, #2
10003b60:	e9cd 4809 	strd	r4, r8, [sp, #36]	@ 0x24
10003b64:	4632      	mov	r2, r6
10003b66:	4688      	mov	r8, r1
10003b68:	9c08      	ldr	r4, [sp, #32]
10003b6a:	4437      	add	r7, r6
10003b6c:	930b      	str	r3, [sp, #44]	@ 0x2c
10003b6e:	e007      	b.n	10003b80 <_vsnprintf+0x2e4>
10003b70:	4623      	mov	r3, r4
10003b72:	4651      	mov	r1, sl
10003b74:	47d8      	blx	fp
10003b76:	f819 0f01 	ldrb.w	r0, [r9, #1]!
10003b7a:	3601      	adds	r6, #1
10003b7c:	b110      	cbz	r0, 10003b84 <_vsnprintf+0x2e8>
10003b7e:	4632      	mov	r2, r6
10003b80:	42b7      	cmp	r7, r6
10003b82:	d1f5      	bne.n	10003b70 <_vsnprintf+0x2d4>
10003b84:	9b0b      	ldr	r3, [sp, #44]	@ 0x2c
10003b86:	4641      	mov	r1, r8
10003b88:	9c09      	ldr	r4, [sp, #36]	@ 0x24
10003b8a:	f8dd 8028 	ldr.w	r8, [sp, #40]	@ 0x28
10003b8e:	2b00      	cmp	r3, #0
10003b90:	f43f aea2 	beq.w	100038d8 <_vsnprintf+0x3c>
10003b94:	4637      	mov	r7, r6
10003b96:	428c      	cmp	r4, r1
10003b98:	f67f ae9e 	bls.w	100038d8 <_vsnprintf+0x3c>
10003b9c:	4426      	add	r6, r4
10003b9e:	9c08      	ldr	r4, [sp, #32]
10003ba0:	1a76      	subs	r6, r6, r1
10003ba2:	463a      	mov	r2, r7
10003ba4:	4623      	mov	r3, r4
10003ba6:	4651      	mov	r1, sl
10003ba8:	2020      	movs	r0, #32
10003baa:	3701      	adds	r7, #1
10003bac:	47d8      	blx	fp
10003bae:	42b7      	cmp	r7, r6
10003bb0:	d1f7      	bne.n	10003ba2 <_vsnprintf+0x306>
10003bb2:	e691      	b.n	100038d8 <_vsnprintf+0x3c>
10003bb4:	7869      	ldrb	r1, [r5, #1]
10003bb6:	296c      	cmp	r1, #108	@ 0x6c
10003bb8:	f47f aee4 	bne.w	10003984 <_vsnprintf+0xe8>
10003bbc:	78a9      	ldrb	r1, [r5, #2]
10003bbe:	f442 7240 	orr.w	r2, r2, #768	@ 0x300
10003bc2:	1ceb      	adds	r3, r5, #3
10003bc4:	e6e1      	b.n	1000398a <_vsnprintf+0xee>
10003bc6:	7869      	ldrb	r1, [r5, #1]
10003bc8:	f442 7200 	orr.w	r2, r2, #512	@ 0x200
10003bcc:	3301      	adds	r3, #1
10003bce:	e6dc      	b.n	1000398a <_vsnprintf+0xee>
10003bd0:	7869      	ldrb	r1, [r5, #1]
10003bd2:	2968      	cmp	r1, #104	@ 0x68
10003bd4:	f000 80fb 	beq.w	10003dce <_vsnprintf+0x532>
10003bd8:	f042 0280 	orr.w	r2, r2, #128	@ 0x80
10003bdc:	3301      	adds	r3, #1
10003bde:	e6d4      	b.n	1000398a <_vsnprintf+0xee>
10003be0:	2967      	cmp	r1, #103	@ 0x67
10003be2:	f000 80c9 	beq.w	10003d78 <_vsnprintf+0x4dc>
10003be6:	2947      	cmp	r1, #71	@ 0x47
10003be8:	f000 80cd 	beq.w	10003d86 <_vsnprintf+0x4ea>
10003bec:	2945      	cmp	r1, #69	@ 0x45
10003bee:	f000 80cc 	beq.w	10003d8a <_vsnprintf+0x4ee>
10003bf2:	e9cd 4203 	strd	r4, r2, [sp, #12]
10003bf6:	f108 0807 	add.w	r8, r8, #7
10003bfa:	9702      	str	r7, [sp, #8]
10003bfc:	f028 0807 	bic.w	r8, r8, #7
10003c00:	4632      	mov	r2, r6
10003c02:	e8f8 6702 	ldrd	r6, r7, [r8], #8
10003c06:	4651      	mov	r1, sl
10003c08:	e9cd 6700 	strd	r6, r7, [sp]
10003c0c:	4658      	mov	r0, fp
10003c0e:	9b08      	ldr	r3, [sp, #32]
10003c10:	f7ff fb82 	bl	10003318 <_etoa>
10003c14:	4606      	mov	r6, r0
10003c16:	e65f      	b.n	100038d8 <_vsnprintf+0x3c>
10003c18:	2946      	cmp	r1, #70	@ 0x46
10003c1a:	bf08      	it	eq
10003c1c:	f042 0220 	orreq.w	r2, r2, #32
10003c20:	e9cd 4203 	strd	r4, r2, [sp, #12]
10003c24:	f108 0807 	add.w	r8, r8, #7
10003c28:	9702      	str	r7, [sp, #8]
10003c2a:	f028 0807 	bic.w	r8, r8, #7
10003c2e:	4632      	mov	r2, r6
10003c30:	e8f8 6702 	ldrd	r6, r7, [r8], #8
10003c34:	4651      	mov	r1, sl
10003c36:	e9cd 6700 	strd	r6, r7, [sp]
10003c3a:	4658      	mov	r0, fp
10003c3c:	9b08      	ldr	r3, [sp, #32]
10003c3e:	f7ff f91f 	bl	10002e80 <_ftoa>
10003c42:	4606      	mov	r6, r0
10003c44:	e648      	b.n	100038d8 <_vsnprintf+0x3c>
10003c46:	4632      	mov	r2, r6
10003c48:	4651      	mov	r1, sl
10003c4a:	2025      	movs	r0, #37	@ 0x25
10003c4c:	9b08      	ldr	r3, [sp, #32]
10003c4e:	47d8      	blx	fp
10003c50:	3601      	adds	r6, #1
10003c52:	e641      	b.n	100038d8 <_vsnprintf+0x3c>
10003c54:	f108 0304 	add.w	r3, r8, #4
10003c58:	0792      	lsls	r2, r2, #30
10003c5a:	9309      	str	r3, [sp, #36]	@ 0x24
10003c5c:	f106 0701 	add.w	r7, r6, #1
10003c60:	f140 80c3 	bpl.w	10003dea <_vsnprintf+0x54e>
10003c64:	4632      	mov	r2, r6
10003c66:	4651      	mov	r1, sl
10003c68:	f898 0000 	ldrb.w	r0, [r8]
10003c6c:	9b08      	ldr	r3, [sp, #32]
10003c6e:	47d8      	blx	fp
10003c70:	2c01      	cmp	r4, #1
10003c72:	f240 81b4 	bls.w	10003fde <_vsnprintf+0x742>
10003c76:	4426      	add	r6, r4
10003c78:	9c08      	ldr	r4, [sp, #32]
10003c7a:	463a      	mov	r2, r7
10003c7c:	4623      	mov	r3, r4
10003c7e:	4651      	mov	r1, sl
10003c80:	2020      	movs	r0, #32
10003c82:	3701      	adds	r7, #1
10003c84:	47d8      	blx	fp
10003c86:	42b7      	cmp	r7, r6
10003c88:	d1f7      	bne.n	10003c7a <_vsnprintf+0x3de>
10003c8a:	f8dd 8024 	ldr.w	r8, [sp, #36]	@ 0x24
10003c8e:	e623      	b.n	100038d8 <_vsnprintf+0x3c>
10003c90:	296f      	cmp	r1, #111	@ 0x6f
10003c92:	d074      	beq.n	10003d7e <_vsnprintf+0x4e2>
10003c94:	f240 8241 	bls.w	1000411a <_vsnprintf+0x87e>
10003c98:	2978      	cmp	r1, #120	@ 0x78
10003c9a:	f000 8186 	beq.w	10003faa <_vsnprintf+0x70e>
10003c9e:	f04f 090a 	mov.w	r9, #10
10003ca2:	f022 0210 	bic.w	r2, r2, #16
10003ca6:	464b      	mov	r3, r9
10003ca8:	e038      	b.n	10003d1c <_vsnprintf+0x480>
10003caa:	2700      	movs	r7, #0
10003cac:	eb07 0787 	add.w	r7, r7, r7, lsl #2
10003cb0:	eb01 0147 	add.w	r1, r1, r7, lsl #1
10003cb4:	f1a1 0730 	sub.w	r7, r1, #48	@ 0x30
10003cb8:	f810 1f01 	ldrb.w	r1, [r0, #1]!
10003cbc:	f1a1 0330 	sub.w	r3, r1, #48	@ 0x30
10003cc0:	2b09      	cmp	r3, #9
10003cc2:	d9f3      	bls.n	10003cac <_vsnprintf+0x410>
10003cc4:	4605      	mov	r5, r0
10003cc6:	1c43      	adds	r3, r0, #1
10003cc8:	e62e      	b.n	10003928 <_vsnprintf+0x8c>
10003cca:	f858 7b04 	ldr.w	r7, [r8], #4
10003cce:	78a9      	ldrb	r1, [r5, #2]
10003cd0:	3502      	adds	r5, #2
10003cd2:	1c6b      	adds	r3, r5, #1
10003cd4:	ea27 77e7 	bic.w	r7, r7, r7, asr #31
10003cd8:	e626      	b.n	10003928 <_vsnprintf+0x8c>
10003cda:	f042 0421 	orr.w	r4, r2, #33	@ 0x21
10003cde:	aa12      	add	r2, sp, #72	@ 0x48
10003ce0:	4694      	mov	ip, r2
10003ce2:	e002      	b.n	10003cea <_vsnprintf+0x44e>
10003ce4:	2820      	cmp	r0, #32
10003ce6:	f43f aef1 	beq.w	10003acc <_vsnprintf+0x230>
10003cea:	f001 030f 	and.w	r3, r1, #15
10003cee:	2b09      	cmp	r3, #9
10003cf0:	bf94      	ite	ls
10003cf2:	3330      	addls	r3, #48	@ 0x30
10003cf4:	3337      	addhi	r3, #55	@ 0x37
10003cf6:	290f      	cmp	r1, #15
10003cf8:	f88c 3000 	strb.w	r3, [ip]
10003cfc:	f100 0001 	add.w	r0, r0, #1
10003d00:	f10c 0c01 	add.w	ip, ip, #1
10003d04:	ea4f 1111 	mov.w	r1, r1, lsr #4
10003d08:	d8ec      	bhi.n	10003ce4 <_vsnprintf+0x448>
10003d0a:	e6df      	b.n	10003acc <_vsnprintf+0x230>
10003d0c:	2958      	cmp	r1, #88	@ 0x58
10003d0e:	d066      	beq.n	10003dde <_vsnprintf+0x542>
10003d10:	2962      	cmp	r1, #98	@ 0x62
10003d12:	f040 8089 	bne.w	10003e28 <_vsnprintf+0x58c>
10003d16:	f04f 0902 	mov.w	r9, #2
10003d1a:	464b      	mov	r3, r9
10003d1c:	f412 6c80 	ands.w	ip, r2, #1024	@ 0x400
10003d20:	f000 80d4 	beq.w	10003ecc <_vsnprintf+0x630>
10003d24:	f022 020d 	bic.w	r2, r2, #13
10003d28:	9209      	str	r2, [sp, #36]	@ 0x24
10003d2a:	f412 7100 	ands.w	r1, r2, #512	@ 0x200
10003d2e:	f040 817b 	bne.w	10004028 <_vsnprintf+0x78c>
10003d32:	f412 7080 	ands.w	r0, r2, #256	@ 0x100
10003d36:	f108 0904 	add.w	r9, r8, #4
10003d3a:	f040 8238 	bne.w	100041ae <_vsnprintf+0x912>
10003d3e:	0651      	lsls	r1, r2, #25
10003d40:	f140 813a 	bpl.w	10003fb8 <_vsnprintf+0x71c>
10003d44:	f898 1000 	ldrb.w	r1, [r8]
10003d48:	2900      	cmp	r1, #0
10003d4a:	f040 814a 	bne.w	10003fe2 <_vsnprintf+0x746>
10003d4e:	9a09      	ldr	r2, [sp, #36]	@ 0x24
10003d50:	f022 0210 	bic.w	r2, r2, #16
10003d54:	9209      	str	r2, [sp, #36]	@ 0x24
10003d56:	f1bc 0f00 	cmp.w	ip, #0
10003d5a:	f000 8142 	beq.w	10003fe2 <_vsnprintf+0x746>
10003d5e:	4608      	mov	r0, r1
10003d60:	aa12      	add	r2, sp, #72	@ 0x48
10003d62:	9909      	ldr	r1, [sp, #36]	@ 0x24
10003d64:	e9cd 3703 	strd	r3, r7, [sp, #12]
10003d68:	e9cd 4105 	strd	r4, r1, [sp, #20]
10003d6c:	9001      	str	r0, [sp, #4]
10003d6e:	2300      	movs	r3, #0
10003d70:	9200      	str	r2, [sp, #0]
10003d72:	9302      	str	r3, [sp, #8]
10003d74:	4632      	mov	r2, r6
10003d76:	e0a1      	b.n	10003ebc <_vsnprintf+0x620>
10003d78:	f442 6200 	orr.w	r2, r2, #2048	@ 0x800
10003d7c:	e739      	b.n	10003bf2 <_vsnprintf+0x356>
10003d7e:	f04f 0908 	mov.w	r9, #8
10003d82:	464b      	mov	r3, r9
10003d84:	e7ca      	b.n	10003d1c <_vsnprintf+0x480>
10003d86:	f442 6200 	orr.w	r2, r2, #2048	@ 0x800
10003d8a:	f042 0220 	orr.w	r2, r2, #32
10003d8e:	e730      	b.n	10003bf2 <_vsnprintf+0x356>
10003d90:	f012 0302 	ands.w	r3, r2, #2
10003d94:	f000 818c 	beq.w	100040b0 <_vsnprintf+0x814>
10003d98:	2302      	movs	r3, #2
10003d9a:	e9cd 4809 	strd	r4, r8, [sp, #36]	@ 0x24
10003d9e:	461f      	mov	r7, r3
10003da0:	4688      	mov	r8, r1
10003da2:	9c08      	ldr	r4, [sp, #32]
10003da4:	4632      	mov	r2, r6
10003da6:	4623      	mov	r3, r4
10003da8:	4651      	mov	r1, sl
10003daa:	47d8      	blx	fp
10003dac:	f819 0f01 	ldrb.w	r0, [r9, #1]!
10003db0:	3601      	adds	r6, #1
10003db2:	2800      	cmp	r0, #0
10003db4:	d1f6      	bne.n	10003da4 <_vsnprintf+0x508>
10003db6:	463b      	mov	r3, r7
10003db8:	4641      	mov	r1, r8
10003dba:	9c09      	ldr	r4, [sp, #36]	@ 0x24
10003dbc:	f8dd 8028 	ldr.w	r8, [sp, #40]	@ 0x28
10003dc0:	2b00      	cmp	r3, #0
10003dc2:	f43f ad89 	beq.w	100038d8 <_vsnprintf+0x3c>
10003dc6:	e6e5      	b.n	10003b94 <_vsnprintf+0x2f8>
10003dc8:	eba1 0109 	sub.w	r1, r1, r9
10003dcc:	e6bd      	b.n	10003b4a <_vsnprintf+0x2ae>
10003dce:	78a9      	ldrb	r1, [r5, #2]
10003dd0:	f042 02c0 	orr.w	r2, r2, #192	@ 0xc0
10003dd4:	1ceb      	adds	r3, r5, #3
10003dd6:	e5d8      	b.n	1000398a <_vsnprintf+0xee>
10003dd8:	4604      	mov	r4, r0
10003dda:	4606      	mov	r6, r0
10003ddc:	e64a      	b.n	10003a74 <_vsnprintf+0x1d8>
10003dde:	f04f 0910 	mov.w	r9, #16
10003de2:	f042 0220 	orr.w	r2, r2, #32
10003de6:	464b      	mov	r3, r9
10003de8:	e798      	b.n	10003d1c <_vsnprintf+0x480>
10003dea:	2c01      	cmp	r4, #1
10003dec:	f240 80f1 	bls.w	10003fd2 <_vsnprintf+0x736>
10003df0:	4637      	mov	r7, r6
10003df2:	f106 39ff 	add.w	r9, r6, #4294967295	@ 0xffffffff
10003df6:	f8cd 8028 	str.w	r8, [sp, #40]	@ 0x28
10003dfa:	f8dd 8020 	ldr.w	r8, [sp, #32]
10003dfe:	44a1      	add	r9, r4
10003e00:	463a      	mov	r2, r7
10003e02:	4643      	mov	r3, r8
10003e04:	4651      	mov	r1, sl
10003e06:	2020      	movs	r0, #32
10003e08:	3701      	adds	r7, #1
10003e0a:	47d8      	blx	fp
10003e0c:	454f      	cmp	r7, r9
10003e0e:	d1f7      	bne.n	10003e00 <_vsnprintf+0x564>
10003e10:	f8dd 8028 	ldr.w	r8, [sp, #40]	@ 0x28
10003e14:	463a      	mov	r2, r7
10003e16:	f898 0000 	ldrb.w	r0, [r8]
10003e1a:	4651      	mov	r1, sl
10003e1c:	9b08      	ldr	r3, [sp, #32]
10003e1e:	47d8      	blx	fp
10003e20:	4426      	add	r6, r4
10003e22:	f8dd 8024 	ldr.w	r8, [sp, #36]	@ 0x24
10003e26:	e557      	b.n	100038d8 <_vsnprintf+0x3c>
10003e28:	f412 6380 	ands.w	r3, r2, #1024	@ 0x400
10003e2c:	f000 80c1 	beq.w	10003fb2 <_vsnprintf+0x716>
10003e30:	f44f 6380 	mov.w	r3, #1024	@ 0x400
10003e34:	f022 0011 	bic.w	r0, r2, #17
10003e38:	f410 7e00 	ands.w	lr, r0, #512	@ 0x200
10003e3c:	d14a      	bne.n	10003ed4 <_vsnprintf+0x638>
10003e3e:	f410 7c80 	ands.w	ip, r0, #256	@ 0x100
10003e42:	f108 0904 	add.w	r9, r8, #4
10003e46:	f040 8137 	bne.w	100040b8 <_vsnprintf+0x81c>
10003e4a:	0641      	lsls	r1, r0, #25
10003e4c:	f100 80a9 	bmi.w	10003fa2 <_vsnprintf+0x706>
10003e50:	0602      	lsls	r2, r0, #24
10003e52:	f140 81e3 	bpl.w	1000421c <_vsnprintf+0x980>
10003e56:	f9b8 2000 	ldrsh.w	r2, [r8]
10003e5a:	ea82 71e2 	eor.w	r1, r2, r2, asr #31
10003e5e:	eba1 71e2 	sub.w	r1, r1, r2, asr #31
10003e62:	fa1f fe81 	uxth.w	lr, r1
10003e66:	0fd1      	lsrs	r1, r2, #31
10003e68:	9109      	str	r1, [sp, #36]	@ 0x24
10003e6a:	2a00      	cmp	r2, #0
10003e6c:	f000 815f 	beq.w	1000412e <_vsnprintf+0x892>
10003e70:	4673      	mov	r3, lr
10003e72:	aa12      	add	r2, sp, #72	@ 0x48
10003e74:	4696      	mov	lr, r2
10003e76:	f8df 83a0 	ldr.w	r8, [pc, #928]	@ 10004218 <_vsnprintf+0x97c>
10003e7a:	940a      	str	r4, [sp, #40]	@ 0x28
10003e7c:	e003      	b.n	10003e86 <_vsnprintf+0x5ea>
10003e7e:	f1bc 0f20 	cmp.w	ip, #32
10003e82:	4623      	mov	r3, r4
10003e84:	d00f      	beq.n	10003ea6 <_vsnprintf+0x60a>
10003e86:	fba8 1403 	umull	r1, r4, r8, r3
10003e8a:	08e4      	lsrs	r4, r4, #3
10003e8c:	eb04 0184 	add.w	r1, r4, r4, lsl #2
10003e90:	eba3 0141 	sub.w	r1, r3, r1, lsl #1
10003e94:	f10e 0e01 	add.w	lr, lr, #1
10003e98:	3130      	adds	r1, #48	@ 0x30
10003e9a:	2b09      	cmp	r3, #9
10003e9c:	f10c 0c01 	add.w	ip, ip, #1
10003ea0:	f80e 1c01 	strb.w	r1, [lr, #-1]
10003ea4:	d8eb      	bhi.n	10003e7e <_vsnprintf+0x5e2>
10003ea6:	9c0a      	ldr	r4, [sp, #40]	@ 0x28
10003ea8:	9b09      	ldr	r3, [sp, #36]	@ 0x24
10003eaa:	9200      	str	r2, [sp, #0]
10003eac:	e9cd c301 	strd	ip, r3, [sp, #4]
10003eb0:	230a      	movs	r3, #10
10003eb2:	4632      	mov	r2, r6
10003eb4:	e9cd 4005 	strd	r4, r0, [sp, #20]
10003eb8:	9704      	str	r7, [sp, #16]
10003eba:	9303      	str	r3, [sp, #12]
10003ebc:	4651      	mov	r1, sl
10003ebe:	4658      	mov	r0, fp
10003ec0:	9b08      	ldr	r3, [sp, #32]
10003ec2:	f7fe fee3 	bl	10002c8c <_ntoa_format>
10003ec6:	46c8      	mov	r8, r9
10003ec8:	4606      	mov	r6, r0
10003eca:	e505      	b.n	100038d8 <_vsnprintf+0x3c>
10003ecc:	f022 020c 	bic.w	r2, r2, #12
10003ed0:	9209      	str	r2, [sp, #36]	@ 0x24
10003ed2:	e72a      	b.n	10003d2a <_vsnprintf+0x48e>
10003ed4:	f108 0807 	add.w	r8, r8, #7
10003ed8:	f028 0807 	bic.w	r8, r8, #7
10003edc:	f8d8 2004 	ldr.w	r2, [r8, #4]
10003ee0:	f858 cb08 	ldr.w	ip, [r8], #8
10003ee4:	0fd1      	lsrs	r1, r2, #31
10003ee6:	ea5c 0e02 	orrs.w	lr, ip, r2
10003eea:	d06c      	beq.n	10003fc6 <_vsnprintf+0x72a>
10003eec:	2a00      	cmp	r2, #0
10003eee:	4663      	mov	r3, ip
10003ef0:	da02      	bge.n	10003ef8 <_vsnprintf+0x65c>
10003ef2:	425b      	negs	r3, r3
10003ef4:	eb62 0242 	sbc.w	r2, r2, r2, lsl #1
10003ef8:	4691      	mov	r9, r2
10003efa:	9309      	str	r3, [sp, #36]	@ 0x24
10003efc:	aa12      	add	r2, sp, #72	@ 0x48
10003efe:	4694      	mov	ip, r2
10003f00:	f04f 0e00 	mov.w	lr, #0
10003f04:	e9cd 180a 	strd	r1, r8, [sp, #40]	@ 0x28
10003f08:	e9cd 470c 	strd	r4, r7, [sp, #48]	@ 0x30
10003f0c:	960e      	str	r6, [sp, #56]	@ 0x38
10003f0e:	920f      	str	r2, [sp, #60]	@ 0x3c
10003f10:	e003      	b.n	10003f1a <_vsnprintf+0x67e>
10003f12:	f1be 0f20 	cmp.w	lr, #32
10003f16:	463b      	mov	r3, r7
10003f18:	d030      	beq.n	10003f7c <_vsnprintf+0x6e0>
10003f1a:	f04f 32cc 	mov.w	r2, #3435973836	@ 0xcccccccc
10003f1e:	eb13 0109 	adds.w	r1, r3, r9
10003f22:	4fbd      	ldr	r7, [pc, #756]	@ (10004218 <_vsnprintf+0x97c>)
10003f24:	f141 0100 	adc.w	r1, r1, #0
10003f28:	fba7 4601 	umull	r4, r6, r7, r1
10003f2c:	f026 0403 	bic.w	r4, r6, #3
10003f30:	eb04 0496 	add.w	r4, r4, r6, lsr #2
10003f34:	1b09      	subs	r1, r1, r4
10003f36:	1a5c      	subs	r4, r3, r1
10003f38:	fb02 f604 	mul.w	r6, r2, r4
10003f3c:	463a      	mov	r2, r7
10003f3e:	f169 0800 	sbc.w	r8, r9, #0
10003f42:	fb02 6608 	mla	r6, r2, r8, r6
10003f46:	2205      	movs	r2, #5
10003f48:	fba4 7407 	umull	r7, r4, r4, r7
10003f4c:	f007 0801 	and.w	r8, r7, #1
10003f50:	4426      	add	r6, r4
10003f52:	fba8 4802 	umull	r4, r8, r8, r2
10003f56:	1864      	adds	r4, r4, r1
10003f58:	2b0a      	cmp	r3, #10
10003f5a:	f10c 0c01 	add.w	ip, ip, #1
10003f5e:	ea4f 0757 	mov.w	r7, r7, lsr #1
10003f62:	f104 0430 	add.w	r4, r4, #48	@ 0x30
10003f66:	f179 0900 	sbcs.w	r9, r9, #0
10003f6a:	f10e 0e01 	add.w	lr, lr, #1
10003f6e:	f80c 4c01 	strb.w	r4, [ip, #-1]
10003f72:	ea47 77c6 	orr.w	r7, r7, r6, lsl #31
10003f76:	ea4f 0956 	mov.w	r9, r6, lsr #1
10003f7a:	d2ca      	bcs.n	10003f12 <_vsnprintf+0x676>
10003f7c:	4673      	mov	r3, lr
10003f7e:	e9dd 180a 	ldrd	r1, r8, [sp, #40]	@ 0x28
10003f82:	e9dd 470c 	ldrd	r4, r7, [sp, #48]	@ 0x30
10003f86:	9e0e      	ldr	r6, [sp, #56]	@ 0x38
10003f88:	9a0f      	ldr	r2, [sp, #60]	@ 0x3c
10003f8a:	f8cd e024 	str.w	lr, [sp, #36]	@ 0x24
10003f8e:	e9cd 3101 	strd	r3, r1, [sp, #4]
10003f92:	230a      	movs	r3, #10
10003f94:	9200      	str	r2, [sp, #0]
10003f96:	e9cd 4005 	strd	r4, r0, [sp, #20]
10003f9a:	4632      	mov	r2, r6
10003f9c:	9704      	str	r7, [sp, #16]
10003f9e:	9303      	str	r3, [sp, #12]
10003fa0:	e59f      	b.n	10003ae2 <_vsnprintf+0x246>
10003fa2:	f898 2000 	ldrb.w	r2, [r8]
10003fa6:	4696      	mov	lr, r2
10003fa8:	e75d      	b.n	10003e66 <_vsnprintf+0x5ca>
10003faa:	f04f 0910 	mov.w	r9, #16
10003fae:	464b      	mov	r3, r9
10003fb0:	e6b4      	b.n	10003d1c <_vsnprintf+0x480>
10003fb2:	f022 0010 	bic.w	r0, r2, #16
10003fb6:	e73f      	b.n	10003e38 <_vsnprintf+0x59c>
10003fb8:	0611      	lsls	r1, r2, #24
10003fba:	bf4c      	ite	mi
10003fbc:	f8b8 1000 	ldrhmi.w	r1, [r8]
10003fc0:	f8d8 1000 	ldrpl.w	r1, [r8]
10003fc4:	e6c0      	b.n	10003d48 <_vsnprintf+0x4ac>
10003fc6:	2b00      	cmp	r3, #0
10003fc8:	f040 8142 	bne.w	10004250 <_vsnprintf+0x9b4>
10003fcc:	4699      	mov	r9, r3
10003fce:	9309      	str	r3, [sp, #36]	@ 0x24
10003fd0:	e794      	b.n	10003efc <_vsnprintf+0x660>
10003fd2:	4632      	mov	r2, r6
10003fd4:	4651      	mov	r1, sl
10003fd6:	f898 0000 	ldrb.w	r0, [r8]
10003fda:	9b08      	ldr	r3, [sp, #32]
10003fdc:	47d8      	blx	fp
10003fde:	463e      	mov	r6, r7
10003fe0:	e653      	b.n	10003c8a <_vsnprintf+0x3ee>
10003fe2:	9a09      	ldr	r2, [sp, #36]	@ 0x24
10003fe4:	940a      	str	r4, [sp, #40]	@ 0x28
10003fe6:	f012 0f20 	tst.w	r2, #32
10003fea:	bf14      	ite	ne
10003fec:	f04f 0841 	movne.w	r8, #65	@ 0x41
10003ff0:	f04f 0861 	moveq.w	r8, #97	@ 0x61
10003ff4:	aa12      	add	r2, sp, #72	@ 0x48
10003ff6:	4694      	mov	ip, r2
10003ff8:	f1a8 080a 	sub.w	r8, r8, #10
10003ffc:	e002      	b.n	10004004 <_vsnprintf+0x768>
10003ffe:	2820      	cmp	r0, #32
10004000:	4671      	mov	r1, lr
10004002:	d00f      	beq.n	10004024 <_vsnprintf+0x788>
10004004:	fbb1 fef3 	udiv	lr, r1, r3
10004008:	fb03 141e 	mls	r4, r3, lr, r1
1000400c:	2c09      	cmp	r4, #9
1000400e:	bf94      	ite	ls
10004010:	3430      	addls	r4, #48	@ 0x30
10004012:	4444      	addhi	r4, r8
10004014:	4299      	cmp	r1, r3
10004016:	f88c 4000 	strb.w	r4, [ip]
1000401a:	f100 0001 	add.w	r0, r0, #1
1000401e:	f10c 0c01 	add.w	ip, ip, #1
10004022:	d2ec      	bcs.n	10003ffe <_vsnprintf+0x762>
10004024:	9c0a      	ldr	r4, [sp, #40]	@ 0x28
10004026:	e69c      	b.n	10003d62 <_vsnprintf+0x4c6>
10004028:	f108 0807 	add.w	r8, r8, #7
1000402c:	f028 0807 	bic.w	r8, r8, #7
10004030:	f8d8 2004 	ldr.w	r2, [r8, #4]
10004034:	f858 1b08 	ldr.w	r1, [r8], #8
10004038:	920a      	str	r2, [sp, #40]	@ 0x28
1000403a:	430a      	orrs	r2, r1
1000403c:	468e      	mov	lr, r1
1000403e:	d17b      	bne.n	10004138 <_vsnprintf+0x89c>
10004040:	9a09      	ldr	r2, [sp, #36]	@ 0x24
10004042:	f022 0210 	bic.w	r2, r2, #16
10004046:	9209      	str	r2, [sp, #36]	@ 0x24
10004048:	f1bc 0f00 	cmp.w	ip, #0
1000404c:	d074      	beq.n	10004138 <_vsnprintf+0x89c>
1000404e:	2000      	movs	r0, #0
10004050:	aa12      	add	r2, sp, #72	@ 0x48
10004052:	9909      	ldr	r1, [sp, #36]	@ 0x24
10004054:	e9cd 2000 	strd	r2, r0, [sp]
10004058:	e9cd 4105 	strd	r4, r1, [sp, #20]
1000405c:	4632      	mov	r2, r6
1000405e:	e9cd 3703 	strd	r3, r7, [sp, #12]
10004062:	e53c      	b.n	10003ade <_vsnprintf+0x242>
10004064:	428c      	cmp	r4, r1
10004066:	bf98      	it	ls
10004068:	3101      	addls	r1, #1
1000406a:	f67f ad79 	bls.w	10003b60 <_vsnprintf+0x2c4>
1000406e:	f44f 6380 	mov.w	r3, #1024	@ 0x400
10004072:	e9cd 9409 	strd	r9, r4, [sp, #36]	@ 0x24
10004076:	4699      	mov	r9, r3
10004078:	19a2      	adds	r2, r4, r6
1000407a:	970b      	str	r7, [sp, #44]	@ 0x2c
1000407c:	9f08      	ldr	r7, [sp, #32]
1000407e:	1a54      	subs	r4, r2, r1
10004080:	4632      	mov	r2, r6
10004082:	463b      	mov	r3, r7
10004084:	4651      	mov	r1, sl
10004086:	2020      	movs	r0, #32
10004088:	3601      	adds	r6, #1
1000408a:	47d8      	blx	fp
1000408c:	42a6      	cmp	r6, r4
1000408e:	d1f7      	bne.n	10004080 <_vsnprintf+0x7e4>
10004090:	e9dd 470a 	ldrd	r4, r7, [sp, #40]	@ 0x28
10004094:	464b      	mov	r3, r9
10004096:	f8dd 9024 	ldr.w	r9, [sp, #36]	@ 0x24
1000409a:	f899 0000 	ldrb.w	r0, [r9]
1000409e:	2800      	cmp	r0, #0
100040a0:	f43f ac1a 	beq.w	100038d8 <_vsnprintf+0x3c>
100040a4:	1c61      	adds	r1, r4, #1
100040a6:	2b00      	cmp	r3, #0
100040a8:	f43f ae77 	beq.w	10003d9a <_vsnprintf+0x4fe>
100040ac:	2300      	movs	r3, #0
100040ae:	e557      	b.n	10003b60 <_vsnprintf+0x2c4>
100040b0:	428c      	cmp	r4, r1
100040b2:	d8de      	bhi.n	10004072 <_vsnprintf+0x7d6>
100040b4:	3101      	adds	r1, #1
100040b6:	e670      	b.n	10003d9a <_vsnprintf+0x4fe>
100040b8:	f8d8 2000 	ldr.w	r2, [r8]
100040bc:	0fd1      	lsrs	r1, r2, #31
100040be:	2a00      	cmp	r2, #0
100040c0:	f000 80b3 	beq.w	1000422a <_vsnprintf+0x98e>
100040c4:	ea82 73e2 	eor.w	r3, r2, r2, asr #31
100040c8:	eba3 73e2 	sub.w	r3, r3, r2, asr #31
100040cc:	aa12      	add	r2, sp, #72	@ 0x48
100040ce:	4694      	mov	ip, r2
100040d0:	e9cd 1409 	strd	r1, r4, [sp, #36]	@ 0x24
100040d4:	f8df 8140 	ldr.w	r8, [pc, #320]	@ 10004218 <_vsnprintf+0x97c>
100040d8:	e003      	b.n	100040e2 <_vsnprintf+0x846>
100040da:	f1be 0f20 	cmp.w	lr, #32
100040de:	4623      	mov	r3, r4
100040e0:	d00f      	beq.n	10004102 <_vsnprintf+0x866>
100040e2:	fba8 1403 	umull	r1, r4, r8, r3
100040e6:	08e4      	lsrs	r4, r4, #3
100040e8:	eb04 0184 	add.w	r1, r4, r4, lsl #2
100040ec:	eba3 0141 	sub.w	r1, r3, r1, lsl #1
100040f0:	f10c 0c01 	add.w	ip, ip, #1
100040f4:	3130      	adds	r1, #48	@ 0x30
100040f6:	2b09      	cmp	r3, #9
100040f8:	f10e 0e01 	add.w	lr, lr, #1
100040fc:	f80c 1c01 	strb.w	r1, [ip, #-1]
10004100:	d8eb      	bhi.n	100040da <_vsnprintf+0x83e>
10004102:	e9dd 1409 	ldrd	r1, r4, [sp, #36]	@ 0x24
10004106:	230a      	movs	r3, #10
10004108:	9200      	str	r2, [sp, #0]
1000410a:	e9cd 4005 	strd	r4, r0, [sp, #20]
1000410e:	4632      	mov	r2, r6
10004110:	e9cd e101 	strd	lr, r1, [sp, #4]
10004114:	9704      	str	r7, [sp, #16]
10004116:	9303      	str	r3, [sp, #12]
10004118:	e6d0      	b.n	10003ebc <_vsnprintf+0x620>
1000411a:	2969      	cmp	r1, #105	@ 0x69
1000411c:	f022 0010 	bic.w	r0, r2, #16
10004120:	f040 8091 	bne.w	10004246 <_vsnprintf+0x9aa>
10004124:	f412 6380 	ands.w	r3, r2, #1024	@ 0x400
10004128:	f43f ae86 	beq.w	10003e38 <_vsnprintf+0x59c>
1000412c:	e680      	b.n	10003e30 <_vsnprintf+0x594>
1000412e:	2b00      	cmp	r3, #0
10004130:	f43f ae9f 	beq.w	10003e72 <_vsnprintf+0x5d6>
10004134:	aa12      	add	r2, sp, #72	@ 0x48
10004136:	e6b7      	b.n	10003ea8 <_vsnprintf+0x60c>
10004138:	9a09      	ldr	r2, [sp, #36]	@ 0x24
1000413a:	e9cd 840b 	strd	r8, r4, [sp, #44]	@ 0x2c
1000413e:	f012 0f20 	tst.w	r2, #32
10004142:	bf14      	ite	ne
10004144:	2141      	movne	r1, #65	@ 0x41
10004146:	2161      	moveq	r1, #97	@ 0x61
10004148:	e9cd 760d 	strd	r7, r6, [sp, #52]	@ 0x34
1000414c:	e9cd 3b0f 	strd	r3, fp, [sp, #60]	@ 0x3c
10004150:	f8cd a044 	str.w	sl, [sp, #68]	@ 0x44
10004154:	2700      	movs	r7, #0
10004156:	46f0      	mov	r8, lr
10004158:	9c0a      	ldr	r4, [sp, #40]	@ 0x28
1000415a:	ae12      	add	r6, sp, #72	@ 0x48
1000415c:	f10d 0b48 	add.w	fp, sp, #72	@ 0x48
10004160:	f1a1 0a0a 	sub.w	sl, r1, #10
10004164:	e003      	b.n	1000416e <_vsnprintf+0x8d2>
10004166:	2f20      	cmp	r7, #32
10004168:	4680      	mov	r8, r0
1000416a:	460c      	mov	r4, r1
1000416c:	d013      	beq.n	10004196 <_vsnprintf+0x8fa>
1000416e:	4621      	mov	r1, r4
10004170:	464a      	mov	r2, r9
10004172:	2300      	movs	r3, #0
10004174:	4640      	mov	r0, r8
10004176:	f006 ff03 	bl	1000af80 <____aeabi_uldivmod_veneer>
1000417a:	b2d2      	uxtb	r2, r2
1000417c:	2a09      	cmp	r2, #9
1000417e:	bf94      	ite	ls
10004180:	3230      	addls	r2, #48	@ 0x30
10004182:	4452      	addhi	r2, sl
10004184:	45c8      	cmp	r8, r9
10004186:	f174 0400 	sbcs.w	r4, r4, #0
1000418a:	7032      	strb	r2, [r6, #0]
1000418c:	f107 0701 	add.w	r7, r7, #1
10004190:	f106 0601 	add.w	r6, r6, #1
10004194:	d2e7      	bcs.n	10004166 <_vsnprintf+0x8ca>
10004196:	4638      	mov	r0, r7
10004198:	e9dd 840b 	ldrd	r8, r4, [sp, #44]	@ 0x2c
1000419c:	465a      	mov	r2, fp
1000419e:	9e0e      	ldr	r6, [sp, #56]	@ 0x38
100041a0:	9f0d      	ldr	r7, [sp, #52]	@ 0x34
100041a2:	9b0f      	ldr	r3, [sp, #60]	@ 0x3c
100041a4:	f8dd a044 	ldr.w	sl, [sp, #68]	@ 0x44
100041a8:	f8dd b040 	ldr.w	fp, [sp, #64]	@ 0x40
100041ac:	e751      	b.n	10004052 <_vsnprintf+0x7b6>
100041ae:	f8d8 e000 	ldr.w	lr, [r8]
100041b2:	f1be 0f00 	cmp.w	lr, #0
100041b6:	d10d      	bne.n	100041d4 <_vsnprintf+0x938>
100041b8:	f022 0210 	bic.w	r2, r2, #16
100041bc:	9209      	str	r2, [sp, #36]	@ 0x24
100041be:	f1bc 0f00 	cmp.w	ip, #0
100041c2:	d007      	beq.n	100041d4 <_vsnprintf+0x938>
100041c4:	aa12      	add	r2, sp, #72	@ 0x48
100041c6:	9809      	ldr	r0, [sp, #36]	@ 0x24
100041c8:	e9cd 3703 	strd	r3, r7, [sp, #12]
100041cc:	e9cd 4005 	strd	r4, r0, [sp, #20]
100041d0:	9101      	str	r1, [sp, #4]
100041d2:	e5cc      	b.n	10003d6e <_vsnprintf+0x4d2>
100041d4:	9a09      	ldr	r2, [sp, #36]	@ 0x24
100041d6:	f012 0f20 	tst.w	r2, #32
100041da:	bf14      	ite	ne
100041dc:	2041      	movne	r0, #65	@ 0x41
100041de:	2061      	moveq	r0, #97	@ 0x61
100041e0:	aa12      	add	r2, sp, #72	@ 0x48
100041e2:	4694      	mov	ip, r2
100041e4:	920a      	str	r2, [sp, #40]	@ 0x28
100041e6:	f1a0 020a 	sub.w	r2, r0, #10
100041ea:	e002      	b.n	100041f2 <_vsnprintf+0x956>
100041ec:	2920      	cmp	r1, #32
100041ee:	46c6      	mov	lr, r8
100041f0:	d00f      	beq.n	10004212 <_vsnprintf+0x976>
100041f2:	fbbe f8f3 	udiv	r8, lr, r3
100041f6:	fb03 e018 	mls	r0, r3, r8, lr
100041fa:	2809      	cmp	r0, #9
100041fc:	bf94      	ite	ls
100041fe:	3030      	addls	r0, #48	@ 0x30
10004200:	1880      	addhi	r0, r0, r2
10004202:	459e      	cmp	lr, r3
10004204:	f88c 0000 	strb.w	r0, [ip]
10004208:	f101 0101 	add.w	r1, r1, #1
1000420c:	f10c 0c01 	add.w	ip, ip, #1
10004210:	d2ec      	bcs.n	100041ec <_vsnprintf+0x950>
10004212:	9a0a      	ldr	r2, [sp, #40]	@ 0x28
10004214:	e7d7      	b.n	100041c6 <_vsnprintf+0x92a>
10004216:	bf00      	nop
10004218:	cccccccd 	.word	0xcccccccd
1000421c:	f8d8 2000 	ldr.w	r2, [r8]
10004220:	ea82 7ee2 	eor.w	lr, r2, r2, asr #31
10004224:	ebae 7ee2 	sub.w	lr, lr, r2, asr #31
10004228:	e61d      	b.n	10003e66 <_vsnprintf+0x5ca>
1000422a:	2b00      	cmp	r3, #0
1000422c:	f43f af4e 	beq.w	100040cc <_vsnprintf+0x830>
10004230:	aa12      	add	r2, sp, #72	@ 0x48
10004232:	e768      	b.n	10004106 <_vsnprintf+0x86a>
10004234:	f412 6180 	ands.w	r1, r2, #1024	@ 0x400
10004238:	d00e      	beq.n	10004258 <_vsnprintf+0x9bc>
1000423a:	f012 0102 	ands.w	r1, r2, #2
1000423e:	d014      	beq.n	1000426a <_vsnprintf+0x9ce>
10004240:	4601      	mov	r1, r0
10004242:	4637      	mov	r7, r6
10004244:	e4a7      	b.n	10003b96 <_vsnprintf+0x2fa>
10004246:	f04f 090a 	mov.w	r9, #10
1000424a:	4602      	mov	r2, r0
1000424c:	464b      	mov	r3, r9
1000424e:	e565      	b.n	10003d1c <_vsnprintf+0x480>
10004250:	2300      	movs	r3, #0
10004252:	aa12      	add	r2, sp, #72	@ 0x48
10004254:	9309      	str	r3, [sp, #36]	@ 0x24
10004256:	e69a      	b.n	10003f8e <_vsnprintf+0x6f2>
10004258:	f012 0302 	ands.w	r3, r2, #2
1000425c:	f47f ac9a 	bne.w	10003b94 <_vsnprintf+0x2f8>
10004260:	2c00      	cmp	r4, #0
10004262:	f47f af06 	bne.w	10004072 <_vsnprintf+0x7d6>
10004266:	f7ff bb37 	b.w	100038d8 <_vsnprintf+0x3c>
1000426a:	2c00      	cmp	r4, #0
1000426c:	f47f aeff 	bne.w	1000406e <_vsnprintf+0x7d2>
10004270:	f7ff bb32 	b.w	100038d8 <_vsnprintf+0x3c>

10004274 <vfctprintf>:
10004274:	468c      	mov	ip, r1
10004276:	b510      	push	{r4, lr}
10004278:	b084      	sub	sp, #16
1000427a:	9300      	str	r3, [sp, #0]
1000427c:	9002      	str	r0, [sp, #8]
1000427e:	4613      	mov	r3, r2
10004280:	a902      	add	r1, sp, #8
10004282:	f04f 32ff 	mov.w	r2, #4294967295	@ 0xffffffff
10004286:	4803      	ldr	r0, [pc, #12]	@ (10004294 <vfctprintf+0x20>)
10004288:	f8cd c00c 	str.w	ip, [sp, #12]
1000428c:	f7ff fb06 	bl	1000389c <_vsnprintf>
10004290:	b004      	add	sp, #16
10004292:	bd10      	pop	{r4, pc}
10004294:	10002e71 	.word	0x10002e71

10004298 <weak_raw_printf>:
10004298:	b40f      	push	{r0, r1, r2, r3}
1000429a:	b510      	push	{r4, lr}
1000429c:	4b0e      	ldr	r3, [pc, #56]	@ (100042d8 <weak_raw_printf+0x40>)
1000429e:	b084      	sub	sp, #16
100042a0:	a906      	add	r1, sp, #24
100042a2:	681c      	ldr	r4, [r3, #0]
100042a4:	f851 3b04 	ldr.w	r3, [r1], #4
100042a8:	9103      	str	r1, [sp, #12]
100042aa:	b15c      	cbz	r4, 100042c4 <weak_raw_printf+0x2c>
100042ac:	9100      	str	r1, [sp, #0]
100042ae:	f04f 32ff 	mov.w	r2, #4294967295	@ 0xffffffff
100042b2:	a902      	add	r1, sp, #8
100042b4:	4809      	ldr	r0, [pc, #36]	@ (100042dc <weak_raw_printf+0x44>)
100042b6:	47a0      	blx	r4
100042b8:	2001      	movs	r0, #1
100042ba:	b004      	add	sp, #16
100042bc:	e8bd 4010 	ldmia.w	sp!, {r4, lr}
100042c0:	b004      	add	sp, #16
100042c2:	4770      	bx	lr
100042c4:	4618      	mov	r0, r3
100042c6:	f000 fa2d 	bl	10004724 <__wrap_puts>
100042ca:	4620      	mov	r0, r4
100042cc:	b004      	add	sp, #16
100042ce:	e8bd 4010 	ldmia.w	sp!, {r4, lr}
100042d2:	b004      	add	sp, #16
100042d4:	4770      	bx	lr
100042d6:	bf00      	nop
100042d8:	20002bcc 	.word	0x20002bcc
100042dc:	10002e69 	.word	0x10002e69

100042e0 <weak_raw_vprintf>:
100042e0:	b510      	push	{r4, lr}
100042e2:	4a09      	ldr	r2, [pc, #36]	@ (10004308 <weak_raw_vprintf+0x28>)
100042e4:	b084      	sub	sp, #16
100042e6:	6814      	ldr	r4, [r2, #0]
100042e8:	b14c      	cbz	r4, 100042fe <weak_raw_vprintf+0x1e>
100042ea:	4603      	mov	r3, r0
100042ec:	9100      	str	r1, [sp, #0]
100042ee:	f04f 32ff 	mov.w	r2, #4294967295	@ 0xffffffff
100042f2:	a903      	add	r1, sp, #12
100042f4:	4805      	ldr	r0, [pc, #20]	@ (1000430c <weak_raw_vprintf+0x2c>)
100042f6:	47a0      	blx	r4
100042f8:	2001      	movs	r0, #1
100042fa:	b004      	add	sp, #16
100042fc:	bd10      	pop	{r4, pc}
100042fe:	f000 fa11 	bl	10004724 <__wrap_puts>
10004302:	4620      	mov	r0, r4
10004304:	b004      	add	sp, #16
10004306:	bd10      	pop	{r4, pc}
10004308:	20002bcc 	.word	0x20002bcc
1000430c:	10002e69 	.word	0x10002e69

10004310 <_exit>:
10004310:	be00      	bkpt	0x0000
10004312:	e7fd      	b.n	10004310 <_exit>

10004314 <_sbrk>:
10004314:	4a07      	ldr	r2, [pc, #28]	@ (10004334 <_sbrk+0x20>)
10004316:	4603      	mov	r3, r0
10004318:	6810      	ldr	r0, [r2, #0]
1000431a:	b138      	cbz	r0, 1000432c <_sbrk+0x18>
1000431c:	4906      	ldr	r1, [pc, #24]	@ (10004338 <_sbrk+0x24>)
1000431e:	4403      	add	r3, r0
10004320:	428b      	cmp	r3, r1
10004322:	bf8c      	ite	hi
10004324:	f04f 30ff 	movhi.w	r0, #4294967295	@ 0xffffffff
10004328:	6013      	strls	r3, [r2, #0]
1000432a:	4770      	bx	lr
1000432c:	4903      	ldr	r1, [pc, #12]	@ (1000433c <_sbrk+0x28>)
1000432e:	4608      	mov	r0, r1
10004330:	6011      	str	r1, [r2, #0]
10004332:	e7f3      	b.n	1000431c <_sbrk+0x8>
10004334:	200027c8 	.word	0x200027c8
10004338:	20080000 	.word	0x20080000
1000433c:	20002cbc 	.word	0x20002cbc

10004340 <_read>:
10004340:	b938      	cbnz	r0, 10004352 <_read+0x12>
10004342:	f8df c014 	ldr.w	ip, [pc, #20]	@ 10004358 <_read+0x18>
10004346:	4608      	mov	r0, r1
10004348:	4611      	mov	r1, r2
1000434a:	e9dc 2300 	ldrd	r2, r3, [ip]
1000434e:	f000 b959 	b.w	10004604 <stdio_get_until>
10004352:	f04f 30ff 	mov.w	r0, #4294967295	@ 0xffffffff
10004356:	4770      	bx	lr
10004358:	1000b3d0 	.word	0x1000b3d0

1000435c <_write>:
1000435c:	1e43      	subs	r3, r0, #1
1000435e:	2b01      	cmp	r3, #1
10004360:	d809      	bhi.n	10004376 <_write+0x1a>
10004362:	b510      	push	{r4, lr}
10004364:	4614      	mov	r4, r2
10004366:	4608      	mov	r0, r1
10004368:	2301      	movs	r3, #1
1000436a:	2200      	movs	r2, #0
1000436c:	4621      	mov	r1, r4
1000436e:	f000 f8d3 	bl	10004518 <stdio_put_string>
10004372:	4620      	mov	r0, r4
10004374:	bd10      	pop	{r4, pc}
10004376:	f04f 30ff 	mov.w	r0, #4294967295	@ 0xffffffff
1000437a:	4770      	bx	lr

1000437c <_close>:
1000437c:	f04f 30ff 	mov.w	r0, #4294967295	@ 0xffffffff
10004380:	4770      	bx	lr
10004382:	bf00      	nop

10004384 <_lseek>:
10004384:	f04f 30ff 	mov.w	r0, #4294967295	@ 0xffffffff
10004388:	4770      	bx	lr
1000438a:	bf00      	nop

1000438c <exit>:
1000438c:	b508      	push	{r3, lr}
1000438e:	f7ff ffbf 	bl	10004310 <_exit>
10004392:	bf00      	nop

10004394 <__assert_func>:
10004394:	b500      	push	{lr}
10004396:	460c      	mov	r4, r1
10004398:	4686      	mov	lr, r0
1000439a:	4619      	mov	r1, r3
1000439c:	b083      	sub	sp, #12
1000439e:	b16a      	cbz	r2, 100043bc <__assert_func+0x28>
100043a0:	4610      	mov	r0, r2
100043a2:	f8df c024 	ldr.w	ip, [pc, #36]	@ 100043c8 <__assert_func+0x34>
100043a6:	9001      	str	r0, [sp, #4]
100043a8:	4623      	mov	r3, r4
100043aa:	4672      	mov	r2, lr
100043ac:	4805      	ldr	r0, [pc, #20]	@ (100043c4 <__assert_func+0x30>)
100043ae:	f8cd c000 	str.w	ip, [sp]
100043b2:	f7ff ff71 	bl	10004298 <weak_raw_printf>
100043b6:	2001      	movs	r0, #1
100043b8:	f7ff ffaa 	bl	10004310 <_exit>
100043bc:	f8df c00c 	ldr.w	ip, [pc, #12]	@ 100043cc <__assert_func+0x38>
100043c0:	4660      	mov	r0, ip
100043c2:	e7f0      	b.n	100043a6 <__assert_func+0x12>
100043c4:	1000b1bc 	.word	0x1000b1bc
100043c8:	1000b1ac 	.word	0x1000b1ac
100043cc:	1000b1b8 	.word	0x1000b1b8

100043d0 <runtime_init>:
100043d0:	b538      	push	{r3, r4, r5, lr}
100043d2:	4c06      	ldr	r4, [pc, #24]	@ (100043ec <runtime_init+0x1c>)
100043d4:	4d06      	ldr	r5, [pc, #24]	@ (100043f0 <runtime_init+0x20>)
100043d6:	f7fe f81d 	bl	10002414 <runtime_run_initializers>
100043da:	42ac      	cmp	r4, r5
100043dc:	d204      	bcs.n	100043e8 <runtime_init+0x18>
100043de:	f854 3b04 	ldr.w	r3, [r4], #4
100043e2:	4798      	blx	r3
100043e4:	42ac      	cmp	r4, r5
100043e6:	d3fa      	bcc.n	100043de <runtime_init+0xe>
100043e8:	bd38      	pop	{r3, r4, r5, pc}
100043ea:	bf00      	nop
100043ec:	1000aff8 	.word	0x1000aff8
100043f0:	1000b000 	.word	0x1000b000

100043f4 <stdio_out_chars_no_crlf>:
100043f4:	6803      	ldr	r3, [r0, #0]
100043f6:	4608      	mov	r0, r1
100043f8:	4611      	mov	r1, r2
100043fa:	4718      	bx	r3

100043fc <stdio_out_chars_crlf>:
100043fc:	b570      	push	{r4, r5, r6, lr}
100043fe:	4605      	mov	r5, r0
10004400:	4608      	mov	r0, r1
10004402:	7d69      	ldrb	r1, [r5, #21]
10004404:	b082      	sub	sp, #8
10004406:	2900      	cmp	r1, #0
10004408:	d04f      	beq.n	100044aa <stdio_out_chars_crlf+0xae>
1000440a:	2a00      	cmp	r2, #0
1000440c:	dd25      	ble.n	1000445a <stdio_out_chars_crlf+0x5e>
1000440e:	7803      	ldrb	r3, [r0, #0]
10004410:	4614      	mov	r4, r2
10004412:	2b0a      	cmp	r3, #10
10004414:	4606      	mov	r6, r0
10004416:	d022      	beq.n	1000445e <stdio_out_chars_crlf+0x62>
10004418:	2c01      	cmp	r4, #1
1000441a:	f04f 0e00 	mov.w	lr, #0
1000441e:	d00d      	beq.n	1000443c <stdio_out_chars_crlf+0x40>
10004420:	4632      	mov	r2, r6
10004422:	2301      	movs	r3, #1
10004424:	f812 cf01 	ldrb.w	ip, [r2, #1]!
10004428:	4619      	mov	r1, r3
1000442a:	f1bc 0f0a 	cmp.w	ip, #10
1000442e:	f103 0301 	add.w	r3, r3, #1
10004432:	d020      	beq.n	10004476 <stdio_out_chars_crlf+0x7a>
10004434:	429c      	cmp	r4, r3
10004436:	d1f5      	bne.n	10004424 <stdio_out_chars_crlf+0x28>
10004438:	4574      	cmp	r4, lr
1000443a:	dd05      	ble.n	10004448 <stdio_out_chars_crlf+0x4c>
1000443c:	682b      	ldr	r3, [r5, #0]
1000443e:	eba4 010e 	sub.w	r1, r4, lr
10004442:	eb06 000e 	add.w	r0, r6, lr
10004446:	4798      	blx	r3
10004448:	1931      	adds	r1, r6, r4
1000444a:	f811 3c01 	ldrb.w	r3, [r1, #-1]
1000444e:	f1a3 030d 	sub.w	r3, r3, #13
10004452:	fab3 f383 	clz	r3, r3
10004456:	095b      	lsrs	r3, r3, #5
10004458:	752b      	strb	r3, [r5, #20]
1000445a:	b002      	add	sp, #8
1000445c:	bd70      	pop	{r4, r5, r6, pc}
1000445e:	7d2b      	ldrb	r3, [r5, #20]
10004460:	2b00      	cmp	r3, #0
10004462:	d1d9      	bne.n	10004418 <stdio_out_chars_crlf+0x1c>
10004464:	2102      	movs	r1, #2
10004466:	682b      	ldr	r3, [r5, #0]
10004468:	4813      	ldr	r0, [pc, #76]	@ (100044b8 <stdio_out_chars_crlf+0xbc>)
1000446a:	4798      	blx	r3
1000446c:	2c01      	cmp	r4, #1
1000446e:	d0eb      	beq.n	10004448 <stdio_out_chars_crlf+0x4c>
10004470:	f04f 0e01 	mov.w	lr, #1
10004474:	e7d4      	b.n	10004420 <stdio_out_chars_crlf+0x24>
10004476:	f812 0c01 	ldrb.w	r0, [r2, #-1]
1000447a:	280d      	cmp	r0, #13
1000447c:	d0da      	beq.n	10004434 <stdio_out_chars_crlf+0x38>
1000447e:	458e      	cmp	lr, r1
10004480:	eb06 000e 	add.w	r0, r6, lr
10004484:	eba1 010e 	sub.w	r1, r1, lr
10004488:	da05      	bge.n	10004496 <stdio_out_chars_crlf+0x9a>
1000448a:	e9cd 3200 	strd	r3, r2, [sp]
1000448e:	682b      	ldr	r3, [r5, #0]
10004490:	4798      	blx	r3
10004492:	e9dd 3200 	ldrd	r3, r2, [sp]
10004496:	e9cd 3200 	strd	r3, r2, [sp]
1000449a:	2102      	movs	r1, #2
1000449c:	682b      	ldr	r3, [r5, #0]
1000449e:	4806      	ldr	r0, [pc, #24]	@ (100044b8 <stdio_out_chars_crlf+0xbc>)
100044a0:	4798      	blx	r3
100044a2:	9b00      	ldr	r3, [sp, #0]
100044a4:	9a01      	ldr	r2, [sp, #4]
100044a6:	469e      	mov	lr, r3
100044a8:	e7c4      	b.n	10004434 <stdio_out_chars_crlf+0x38>
100044aa:	4611      	mov	r1, r2
100044ac:	682b      	ldr	r3, [r5, #0]
100044ae:	b002      	add	sp, #8
100044b0:	e8bd 4070 	ldmia.w	sp!, {r4, r5, r6, lr}
100044b4:	4718      	bx	r3
100044b6:	bf00      	nop
100044b8:	1000b480 	.word	0x1000b480

100044bc <stdio_buffered_printer>:
100044bc:	b570      	push	{r4, r5, r6, lr}
100044be:	680b      	ldr	r3, [r1, #0]
100044c0:	460c      	mov	r4, r1
100044c2:	2b80      	cmp	r3, #128	@ 0x80
100044c4:	4605      	mov	r5, r0
100044c6:	b082      	sub	sp, #8
100044c8:	d005      	beq.n	100044d6 <stdio_buffered_printer+0x1a>
100044ca:	1c5a      	adds	r2, r3, #1
100044cc:	4423      	add	r3, r4
100044ce:	6022      	str	r2, [r4, #0]
100044d0:	711d      	strb	r5, [r3, #4]
100044d2:	b002      	add	sp, #8
100044d4:	bd70      	pop	{r4, r5, r6, pc}
100044d6:	4b0e      	ldr	r3, [pc, #56]	@ (10004510 <stdio_buffered_printer+0x54>)
100044d8:	6818      	ldr	r0, [r3, #0]
100044da:	b978      	cbnz	r0, 100044fc <stdio_buffered_printer+0x40>
100044dc:	2300      	movs	r3, #0
100044de:	2201      	movs	r2, #1
100044e0:	4423      	add	r3, r4
100044e2:	6022      	str	r2, [r4, #0]
100044e4:	711d      	strb	r5, [r3, #4]
100044e6:	b002      	add	sp, #8
100044e8:	bd70      	pop	{r4, r5, r6, pc}
100044ea:	6822      	ldr	r2, [r4, #0]
100044ec:	1d21      	adds	r1, r4, #4
100044ee:	9001      	str	r0, [sp, #4]
100044f0:	f7ff ff84 	bl	100043fc <stdio_out_chars_crlf>
100044f4:	9801      	ldr	r0, [sp, #4]
100044f6:	6900      	ldr	r0, [r0, #16]
100044f8:	2800      	cmp	r0, #0
100044fa:	d0ef      	beq.n	100044dc <stdio_buffered_printer+0x20>
100044fc:	6803      	ldr	r3, [r0, #0]
100044fe:	2b00      	cmp	r3, #0
10004500:	d0f9      	beq.n	100044f6 <stdio_buffered_printer+0x3a>
10004502:	4b04      	ldr	r3, [pc, #16]	@ (10004514 <stdio_buffered_printer+0x58>)
10004504:	681b      	ldr	r3, [r3, #0]
10004506:	2b00      	cmp	r3, #0
10004508:	d0ef      	beq.n	100044ea <stdio_buffered_printer+0x2e>
1000450a:	4283      	cmp	r3, r0
1000450c:	d1f3      	bne.n	100044f6 <stdio_buffered_printer+0x3a>
1000450e:	e7ec      	b.n	100044ea <stdio_buffered_printer+0x2e>
10004510:	20002734 	.word	0x20002734
10004514:	20002740 	.word	0x20002740

10004518 <stdio_put_string>:
10004518:	e92d 47f0 	stmdb	sp!, {r4, r5, r6, r7, r8, r9, sl, lr}
1000451c:	b082      	sub	sp, #8
1000451e:	4690      	mov	r8, r2
10004520:	461c      	mov	r4, r3
10004522:	460d      	mov	r5, r1
10004524:	4607      	mov	r7, r0
10004526:	f7fd fd17 	bl	10001f58 <time_us_64>
1000452a:	f04f 3cff 	mov.w	ip, #4294967295	@ 0xffffffff
1000452e:	f06f 4600 	mvn.w	r6, #2147483648	@ 0x80000000
10004532:	4a2e      	ldr	r2, [pc, #184]	@ (100045ec <stdio_put_string+0xd4>)
10004534:	1882      	adds	r2, r0, r2
10004536:	f141 0300 	adc.w	r3, r1, #0
1000453a:	4594      	cmp	ip, r2
1000453c:	eb76 0103 	sbcs.w	r1, r6, r3
10004540:	bf3c      	itt	cc
10004542:	4662      	movcc	r2, ip
10004544:	4633      	movcc	r3, r6
10004546:	482a      	ldr	r0, [pc, #168]	@ (100045f0 <stdio_put_string+0xd8>)
10004548:	f006 fd2a 	bl	1000afa0 <__mutex_try_enter_block_until_veneer>
1000454c:	1c6b      	adds	r3, r5, #1
1000454e:	4682      	mov	sl, r0
10004550:	d040      	beq.n	100045d4 <stdio_put_string+0xbc>
10004552:	b30c      	cbz	r4, 10004598 <stdio_put_string+0x80>
10004554:	4e27      	ldr	r6, [pc, #156]	@ (100045f4 <stdio_put_string+0xdc>)
10004556:	4b28      	ldr	r3, [pc, #160]	@ (100045f8 <stdio_put_string+0xe0>)
10004558:	681c      	ldr	r4, [r3, #0]
1000455a:	b1b4      	cbz	r4, 1000458a <stdio_put_string+0x72>
1000455c:	f1b8 0f00 	cmp.w	r8, #0
10004560:	d11c      	bne.n	1000459c <stdio_put_string+0x84>
10004562:	f8df 809c 	ldr.w	r8, [pc, #156]	@ 10004600 <stdio_put_string+0xe8>
10004566:	e001      	b.n	1000456c <stdio_put_string+0x54>
10004568:	6924      	ldr	r4, [r4, #16]
1000456a:	b174      	cbz	r4, 1000458a <stdio_put_string+0x72>
1000456c:	6823      	ldr	r3, [r4, #0]
1000456e:	2b00      	cmp	r3, #0
10004570:	d0fa      	beq.n	10004568 <stdio_put_string+0x50>
10004572:	f8d8 3000 	ldr.w	r3, [r8]
10004576:	b10b      	cbz	r3, 1000457c <stdio_put_string+0x64>
10004578:	429c      	cmp	r4, r3
1000457a:	d1f5      	bne.n	10004568 <stdio_put_string+0x50>
1000457c:	4620      	mov	r0, r4
1000457e:	462a      	mov	r2, r5
10004580:	4639      	mov	r1, r7
10004582:	47b0      	blx	r6
10004584:	6924      	ldr	r4, [r4, #16]
10004586:	2c00      	cmp	r4, #0
10004588:	d1f0      	bne.n	1000456c <stdio_put_string+0x54>
1000458a:	f1ba 0f00 	cmp.w	sl, #0
1000458e:	d126      	bne.n	100045de <stdio_put_string+0xc6>
10004590:	4628      	mov	r0, r5
10004592:	b002      	add	sp, #8
10004594:	e8bd 87f0 	ldmia.w	sp!, {r4, r5, r6, r7, r8, r9, sl, pc}
10004598:	4e18      	ldr	r6, [pc, #96]	@ (100045fc <stdio_put_string+0xe4>)
1000459a:	e7dc      	b.n	10004556 <stdio_put_string+0x3e>
1000459c:	f04f 090a 	mov.w	r9, #10
100045a0:	f8df 805c 	ldr.w	r8, [pc, #92]	@ 10004600 <stdio_put_string+0xe8>
100045a4:	e002      	b.n	100045ac <stdio_put_string+0x94>
100045a6:	6924      	ldr	r4, [r4, #16]
100045a8:	2c00      	cmp	r4, #0
100045aa:	d0ee      	beq.n	1000458a <stdio_put_string+0x72>
100045ac:	6823      	ldr	r3, [r4, #0]
100045ae:	2b00      	cmp	r3, #0
100045b0:	d0f9      	beq.n	100045a6 <stdio_put_string+0x8e>
100045b2:	f8d8 3000 	ldr.w	r3, [r8]
100045b6:	b10b      	cbz	r3, 100045bc <stdio_put_string+0xa4>
100045b8:	42a3      	cmp	r3, r4
100045ba:	d1f4      	bne.n	100045a6 <stdio_put_string+0x8e>
100045bc:	462a      	mov	r2, r5
100045be:	4639      	mov	r1, r7
100045c0:	4620      	mov	r0, r4
100045c2:	47b0      	blx	r6
100045c4:	2201      	movs	r2, #1
100045c6:	4620      	mov	r0, r4
100045c8:	f10d 0107 	add.w	r1, sp, #7
100045cc:	f88d 9007 	strb.w	r9, [sp, #7]
100045d0:	47b0      	blx	r6
100045d2:	e7e8      	b.n	100045a6 <stdio_put_string+0x8e>
100045d4:	4638      	mov	r0, r7
100045d6:	f004 fff3 	bl	100095c0 <strlen>
100045da:	4605      	mov	r5, r0
100045dc:	e7b9      	b.n	10004552 <stdio_put_string+0x3a>
100045de:	4804      	ldr	r0, [pc, #16]	@ (100045f0 <stdio_put_string+0xd8>)
100045e0:	f006 fcd2 	bl	1000af88 <__mutex_exit_veneer>
100045e4:	4628      	mov	r0, r5
100045e6:	b002      	add	sp, #8
100045e8:	e8bd 87f0 	ldmia.w	sp!, {r4, r5, r6, r7, r8, r9, sl, pc}
100045ec:	000f4240 	.word	0x000f4240
100045f0:	20001de8 	.word	0x20001de8
100045f4:	100043fd 	.word	0x100043fd
100045f8:	20002734 	.word	0x20002734
100045fc:	100043f5 	.word	0x100043f5
10004600:	20002740 	.word	0x20002740

10004604 <stdio_get_until>:
10004604:	e92d 4ff8 	stmdb	sp!, {r3, r4, r5, r6, r7, r8, r9, sl, fp, lr}
10004608:	4606      	mov	r6, r0
1000460a:	460d      	mov	r5, r1
1000460c:	4693      	mov	fp, r2
1000460e:	4699      	mov	r9, r3
10004610:	f8df 8058 	ldr.w	r8, [pc, #88]	@ 1000466c <stdio_get_until+0x68>
10004614:	f8df a058 	ldr.w	sl, [pc, #88]	@ 10004670 <stdio_get_until+0x6c>
10004618:	4f13      	ldr	r7, [pc, #76]	@ (10004668 <stdio_get_until+0x64>)
1000461a:	f8d8 4000 	ldr.w	r4, [r8]
1000461e:	b914      	cbnz	r4, 10004626 <stdio_get_until+0x22>
10004620:	e010      	b.n	10004644 <stdio_get_until+0x40>
10004622:	6924      	ldr	r4, [r4, #16]
10004624:	b174      	cbz	r4, 10004644 <stdio_get_until+0x40>
10004626:	f8da 3000 	ldr.w	r3, [sl]
1000462a:	b10b      	cbz	r3, 10004630 <stdio_get_until+0x2c>
1000462c:	42a3      	cmp	r3, r4
1000462e:	d1f8      	bne.n	10004622 <stdio_get_until+0x1e>
10004630:	68a3      	ldr	r3, [r4, #8]
10004632:	2b00      	cmp	r3, #0
10004634:	d0f5      	beq.n	10004622 <stdio_get_until+0x1e>
10004636:	4629      	mov	r1, r5
10004638:	4630      	mov	r0, r6
1000463a:	4798      	blx	r3
1000463c:	2800      	cmp	r0, #0
1000463e:	ddf0      	ble.n	10004622 <stdio_get_until+0x1e>
10004640:	e8bd 8ff8 	ldmia.w	sp!, {r3, r4, r5, r6, r7, r8, r9, sl, fp, pc}
10004644:	6a7b      	ldr	r3, [r7, #36]	@ 0x24
10004646:	4599      	cmp	r9, r3
10004648:	d808      	bhi.n	1000465c <stdio_get_until+0x58>
1000464a:	6aba      	ldr	r2, [r7, #40]	@ 0x28
1000464c:	455a      	cmp	r2, fp
1000464e:	d303      	bcc.n	10004658 <stdio_get_until+0x54>
10004650:	f06f 0001 	mvn.w	r0, #1
10004654:	e8bd 8ff8 	ldmia.w	sp!, {r3, r4, r5, r6, r7, r8, r9, sl, fp, pc}
10004658:	4599      	cmp	r9, r3
1000465a:	d1f9      	bne.n	10004650 <stdio_get_until+0x4c>
1000465c:	2001      	movs	r0, #1
1000465e:	2100      	movs	r1, #0
10004660:	f7fd fc84 	bl	10001f6c <busy_wait_us>
10004664:	e7d9      	b.n	1000461a <stdio_get_until+0x16>
10004666:	bf00      	nop
10004668:	400b0000 	.word	0x400b0000
1000466c:	20002734 	.word	0x20002734
10004670:	20002740 	.word	0x20002740

10004674 <stdio_set_driver_enabled>:
10004674:	4a08      	ldr	r2, [pc, #32]	@ (10004698 <stdio_set_driver_enabled+0x24>)
10004676:	6813      	ldr	r3, [r2, #0]
10004678:	b923      	cbnz	r3, 10004684 <stdio_set_driver_enabled+0x10>
1000467a:	e00a      	b.n	10004692 <stdio_set_driver_enabled+0x1e>
1000467c:	f103 0210 	add.w	r2, r3, #16
10004680:	691b      	ldr	r3, [r3, #16]
10004682:	b133      	cbz	r3, 10004692 <stdio_set_driver_enabled+0x1e>
10004684:	4283      	cmp	r3, r0
10004686:	d1f9      	bne.n	1000467c <stdio_set_driver_enabled+0x8>
10004688:	b929      	cbnz	r1, 10004696 <stdio_set_driver_enabled+0x22>
1000468a:	6918      	ldr	r0, [r3, #16]
1000468c:	6010      	str	r0, [r2, #0]
1000468e:	6119      	str	r1, [r3, #16]
10004690:	4770      	bx	lr
10004692:	b101      	cbz	r1, 10004696 <stdio_set_driver_enabled+0x22>
10004694:	6010      	str	r0, [r2, #0]
10004696:	4770      	bx	lr
10004698:	20002734 	.word	0x20002734

1000469c <stdio_init_all>:
1000469c:	f000 bae2 	b.w	10004c64 <stdio_usb_init>

100046a0 <__wrap_putchar>:
100046a0:	b5f0      	push	{r4, r5, r6, r7, lr}
100046a2:	b083      	sub	sp, #12
100046a4:	4606      	mov	r6, r0
100046a6:	f88d 0007 	strb.w	r0, [sp, #7]
100046aa:	f7fd fc55 	bl	10001f58 <time_us_64>
100046ae:	f04f 35ff 	mov.w	r5, #4294967295	@ 0xffffffff
100046b2:	f06f 4400 	mvn.w	r4, #2147483648	@ 0x80000000
100046b6:	4a17      	ldr	r2, [pc, #92]	@ (10004714 <__wrap_putchar+0x74>)
100046b8:	1882      	adds	r2, r0, r2
100046ba:	f141 0300 	adc.w	r3, r1, #0
100046be:	4295      	cmp	r5, r2
100046c0:	eb74 0103 	sbcs.w	r1, r4, r3
100046c4:	bf3c      	itt	cc
100046c6:	4623      	movcc	r3, r4
100046c8:	462a      	movcc	r2, r5
100046ca:	4813      	ldr	r0, [pc, #76]	@ (10004718 <__wrap_putchar+0x78>)
100046cc:	f006 fc68 	bl	1000afa0 <__mutex_try_enter_block_until_veneer>
100046d0:	4b12      	ldr	r3, [pc, #72]	@ (1000471c <__wrap_putchar+0x7c>)
100046d2:	4607      	mov	r7, r0
100046d4:	681c      	ldr	r4, [r3, #0]
100046d6:	b19c      	cbz	r4, 10004700 <__wrap_putchar+0x60>
100046d8:	4d11      	ldr	r5, [pc, #68]	@ (10004720 <__wrap_putchar+0x80>)
100046da:	e001      	b.n	100046e0 <__wrap_putchar+0x40>
100046dc:	6924      	ldr	r4, [r4, #16]
100046de:	b17c      	cbz	r4, 10004700 <__wrap_putchar+0x60>
100046e0:	6823      	ldr	r3, [r4, #0]
100046e2:	2b00      	cmp	r3, #0
100046e4:	d0fa      	beq.n	100046dc <__wrap_putchar+0x3c>
100046e6:	682b      	ldr	r3, [r5, #0]
100046e8:	b10b      	cbz	r3, 100046ee <__wrap_putchar+0x4e>
100046ea:	429c      	cmp	r4, r3
100046ec:	d1f6      	bne.n	100046dc <__wrap_putchar+0x3c>
100046ee:	4620      	mov	r0, r4
100046f0:	2201      	movs	r2, #1
100046f2:	f10d 0107 	add.w	r1, sp, #7
100046f6:	f7ff fe81 	bl	100043fc <stdio_out_chars_crlf>
100046fa:	6924      	ldr	r4, [r4, #16]
100046fc:	2c00      	cmp	r4, #0
100046fe:	d1ef      	bne.n	100046e0 <__wrap_putchar+0x40>
10004700:	b917      	cbnz	r7, 10004708 <__wrap_putchar+0x68>
10004702:	4630      	mov	r0, r6
10004704:	b003      	add	sp, #12
10004706:	bdf0      	pop	{r4, r5, r6, r7, pc}
10004708:	4803      	ldr	r0, [pc, #12]	@ (10004718 <__wrap_putchar+0x78>)
1000470a:	f006 fc3d 	bl	1000af88 <__mutex_exit_veneer>
1000470e:	4630      	mov	r0, r6
10004710:	b003      	add	sp, #12
10004712:	bdf0      	pop	{r4, r5, r6, r7, pc}
10004714:	000f4240 	.word	0x000f4240
10004718:	20001de8 	.word	0x20001de8
1000471c:	20002734 	.word	0x20002734
10004720:	20002740 	.word	0x20002740

10004724 <__wrap_puts>:
10004724:	b538      	push	{r3, r4, r5, lr}
10004726:	4604      	mov	r4, r0
10004728:	f004 ff4a 	bl	100095c0 <strlen>
1000472c:	2301      	movs	r3, #1
1000472e:	4605      	mov	r5, r0
10004730:	461a      	mov	r2, r3
10004732:	4620      	mov	r0, r4
10004734:	4629      	mov	r1, r5
10004736:	f7ff feef 	bl	10004518 <stdio_put_string>
1000473a:	4b08      	ldr	r3, [pc, #32]	@ (1000475c <__wrap_puts+0x38>)
1000473c:	681c      	ldr	r4, [r3, #0]
1000473e:	b12c      	cbz	r4, 1000474c <__wrap_puts+0x28>
10004740:	6863      	ldr	r3, [r4, #4]
10004742:	b12b      	cbz	r3, 10004750 <__wrap_puts+0x2c>
10004744:	4798      	blx	r3
10004746:	6924      	ldr	r4, [r4, #16]
10004748:	2c00      	cmp	r4, #0
1000474a:	d1f9      	bne.n	10004740 <__wrap_puts+0x1c>
1000474c:	4628      	mov	r0, r5
1000474e:	bd38      	pop	{r3, r4, r5, pc}
10004750:	6924      	ldr	r4, [r4, #16]
10004752:	2c00      	cmp	r4, #0
10004754:	d1f4      	bne.n	10004740 <__wrap_puts+0x1c>
10004756:	4628      	mov	r0, r5
10004758:	bd38      	pop	{r3, r4, r5, pc}
1000475a:	bf00      	nop
1000475c:	20002734 	.word	0x20002734

10004760 <__wrap_vprintf>:
10004760:	e92d 41f0 	stmdb	sp!, {r4, r5, r6, r7, r8, lr}
10004764:	b0a2      	sub	sp, #136	@ 0x88
10004766:	460e      	mov	r6, r1
10004768:	4605      	mov	r5, r0
1000476a:	f7fd fbf5 	bl	10001f58 <time_us_64>
1000476e:	f04f 3cff 	mov.w	ip, #4294967295	@ 0xffffffff
10004772:	f06f 4400 	mvn.w	r4, #2147483648	@ 0x80000000
10004776:	4a25      	ldr	r2, [pc, #148]	@ (1000480c <__wrap_vprintf+0xac>)
10004778:	1882      	adds	r2, r0, r2
1000477a:	f141 0300 	adc.w	r3, r1, #0
1000477e:	4594      	cmp	ip, r2
10004780:	eb74 0103 	sbcs.w	r1, r4, r3
10004784:	bf3c      	itt	cc
10004786:	4623      	movcc	r3, r4
10004788:	4662      	movcc	r2, ip
1000478a:	4821      	ldr	r0, [pc, #132]	@ (10004810 <__wrap_vprintf+0xb0>)
1000478c:	f006 fc08 	bl	1000afa0 <__mutex_try_enter_block_until_veneer>
10004790:	2400      	movs	r4, #0
10004792:	4633      	mov	r3, r6
10004794:	4607      	mov	r7, r0
10004796:	462a      	mov	r2, r5
10004798:	481e      	ldr	r0, [pc, #120]	@ (10004814 <__wrap_vprintf+0xb4>)
1000479a:	a901      	add	r1, sp, #4
1000479c:	9401      	str	r4, [sp, #4]
1000479e:	f7ff fd69 	bl	10004274 <vfctprintf>
100047a2:	4e1d      	ldr	r6, [pc, #116]	@ (10004818 <__wrap_vprintf+0xb8>)
100047a4:	9b01      	ldr	r3, [sp, #4]
100047a6:	4680      	mov	r8, r0
100047a8:	6834      	ldr	r4, [r6, #0]
100047aa:	b1bb      	cbz	r3, 100047dc <__wrap_vprintf+0x7c>
100047ac:	2c00      	cmp	r4, #0
100047ae:	d02a      	beq.n	10004806 <__wrap_vprintf+0xa6>
100047b0:	4d1a      	ldr	r5, [pc, #104]	@ (1000481c <__wrap_vprintf+0xbc>)
100047b2:	e001      	b.n	100047b8 <__wrap_vprintf+0x58>
100047b4:	6924      	ldr	r4, [r4, #16]
100047b6:	b174      	cbz	r4, 100047d6 <__wrap_vprintf+0x76>
100047b8:	6823      	ldr	r3, [r4, #0]
100047ba:	2b00      	cmp	r3, #0
100047bc:	d0fa      	beq.n	100047b4 <__wrap_vprintf+0x54>
100047be:	682b      	ldr	r3, [r5, #0]
100047c0:	b10b      	cbz	r3, 100047c6 <__wrap_vprintf+0x66>
100047c2:	42a3      	cmp	r3, r4
100047c4:	d1f6      	bne.n	100047b4 <__wrap_vprintf+0x54>
100047c6:	4620      	mov	r0, r4
100047c8:	9a01      	ldr	r2, [sp, #4]
100047ca:	a902      	add	r1, sp, #8
100047cc:	f7ff fe16 	bl	100043fc <stdio_out_chars_crlf>
100047d0:	6924      	ldr	r4, [r4, #16]
100047d2:	2c00      	cmp	r4, #0
100047d4:	d1f0      	bne.n	100047b8 <__wrap_vprintf+0x58>
100047d6:	4623      	mov	r3, r4
100047d8:	6834      	ldr	r4, [r6, #0]
100047da:	9301      	str	r3, [sp, #4]
100047dc:	b12c      	cbz	r4, 100047ea <__wrap_vprintf+0x8a>
100047de:	6863      	ldr	r3, [r4, #4]
100047e0:	b143      	cbz	r3, 100047f4 <__wrap_vprintf+0x94>
100047e2:	4798      	blx	r3
100047e4:	6924      	ldr	r4, [r4, #16]
100047e6:	2c00      	cmp	r4, #0
100047e8:	d1f9      	bne.n	100047de <__wrap_vprintf+0x7e>
100047ea:	b92f      	cbnz	r7, 100047f8 <__wrap_vprintf+0x98>
100047ec:	4640      	mov	r0, r8
100047ee:	b022      	add	sp, #136	@ 0x88
100047f0:	e8bd 81f0 	ldmia.w	sp!, {r4, r5, r6, r7, r8, pc}
100047f4:	6924      	ldr	r4, [r4, #16]
100047f6:	e7f1      	b.n	100047dc <__wrap_vprintf+0x7c>
100047f8:	4805      	ldr	r0, [pc, #20]	@ (10004810 <__wrap_vprintf+0xb0>)
100047fa:	f006 fbc5 	bl	1000af88 <__mutex_exit_veneer>
100047fe:	4640      	mov	r0, r8
10004800:	b022      	add	sp, #136	@ 0x88
10004802:	e8bd 81f0 	ldmia.w	sp!, {r4, r5, r6, r7, r8, pc}
10004806:	9401      	str	r4, [sp, #4]
10004808:	e7ef      	b.n	100047ea <__wrap_vprintf+0x8a>
1000480a:	bf00      	nop
1000480c:	000f4240 	.word	0x000f4240
10004810:	20001de8 	.word	0x20001de8
10004814:	100044bd 	.word	0x100044bd
10004818:	20002734 	.word	0x20002734
1000481c:	20002740 	.word	0x20002740

10004820 <__wrap_printf>:
10004820:	b40f      	push	{r0, r1, r2, r3}
10004822:	b500      	push	{lr}
10004824:	b083      	sub	sp, #12
10004826:	a904      	add	r1, sp, #16
10004828:	f851 0b04 	ldr.w	r0, [r1], #4
1000482c:	9101      	str	r1, [sp, #4]
1000482e:	f7ff ff97 	bl	10004760 <__wrap_vprintf>
10004832:	b003      	add	sp, #12
10004834:	f85d eb04 	ldr.w	lr, [sp], #4
10004838:	b004      	add	sp, #16
1000483a:	4770      	bx	lr

1000483c <resetd_init>:
1000483c:	4770      	bx	lr
1000483e:	bf00      	nop

10004840 <resetd_reset>:
10004840:	2200      	movs	r2, #0
10004842:	4b01      	ldr	r3, [pc, #4]	@ (10004848 <resetd_reset+0x8>)
10004844:	701a      	strb	r2, [r3, #0]
10004846:	4770      	bx	lr
10004848:	20002cb2 	.word	0x20002cb2

1000484c <resetd_open>:
1000484c:	794b      	ldrb	r3, [r1, #5]
1000484e:	2bff      	cmp	r3, #255	@ 0xff
10004850:	d10b      	bne.n	1000486a <resetd_open+0x1e>
10004852:	7988      	ldrb	r0, [r1, #6]
10004854:	b948      	cbnz	r0, 1000486a <resetd_open+0x1e>
10004856:	79cb      	ldrb	r3, [r1, #7]
10004858:	2b01      	cmp	r3, #1
1000485a:	d107      	bne.n	1000486c <resetd_open+0x20>
1000485c:	2a08      	cmp	r2, #8
1000485e:	d905      	bls.n	1000486c <resetd_open+0x20>
10004860:	4b03      	ldr	r3, [pc, #12]	@ (10004870 <resetd_open+0x24>)
10004862:	788a      	ldrb	r2, [r1, #2]
10004864:	2009      	movs	r0, #9
10004866:	701a      	strb	r2, [r3, #0]
10004868:	4770      	bx	lr
1000486a:	2000      	movs	r0, #0
1000486c:	4770      	bx	lr
1000486e:	bf00      	nop
10004870:	20002cb2 	.word	0x20002cb2

10004874 <resetd_xfer_cb>:
10004874:	2001      	movs	r0, #1
10004876:	4770      	bx	lr

10004878 <resetd_control_xfer_cb>:
10004878:	2901      	cmp	r1, #1
1000487a:	d001      	beq.n	10004880 <resetd_control_xfer_cb+0x8>
1000487c:	2001      	movs	r0, #1
1000487e:	4770      	bx	lr
10004880:	b508      	push	{r3, lr}
10004882:	4b10      	ldr	r3, [pc, #64]	@ (100048c4 <resetd_control_xfer_cb+0x4c>)
10004884:	8891      	ldrh	r1, [r2, #4]
10004886:	781b      	ldrb	r3, [r3, #0]
10004888:	4299      	cmp	r1, r3
1000488a:	d001      	beq.n	10004890 <resetd_control_xfer_cb+0x18>
1000488c:	2000      	movs	r0, #0
1000488e:	bd08      	pop	{r3, pc}
10004890:	7853      	ldrb	r3, [r2, #1]
10004892:	2b01      	cmp	r3, #1
10004894:	d008      	beq.n	100048a8 <resetd_control_xfer_cb+0x30>
10004896:	2b02      	cmp	r3, #2
10004898:	d1f8      	bne.n	1000488c <resetd_control_xfer_cb+0x14>
1000489a:	2100      	movs	r1, #0
1000489c:	2264      	movs	r2, #100	@ 0x64
1000489e:	4608      	mov	r0, r1
100048a0:	f7fd fcea 	bl	10002278 <watchdog_reboot>
100048a4:	2001      	movs	r0, #1
100048a6:	bd08      	pop	{r3, pc}
100048a8:	8851      	ldrh	r1, [r2, #2]
100048aa:	05cb      	lsls	r3, r1, #23
100048ac:	bf48      	it	mi
100048ae:	0a48      	lsrmi	r0, r1, #9
100048b0:	f3c1 2240 	ubfx	r2, r1, #9, #1
100048b4:	bf58      	it	pl
100048b6:	f04f 30ff 	movpl.w	r0, #4294967295	@ 0xffffffff
100048ba:	f001 017f 	and.w	r1, r1, #127	@ 0x7f
100048be:	f7fd fd65 	bl	1000238c <rom_reset_usb_boot_extra>
100048c2:	bf00      	nop
100048c4:	20002cb2 	.word	0x20002cb2

100048c8 <tud_descriptor_bos_cb>:
100048c8:	4800      	ldr	r0, [pc, #0]	@ (100048cc <tud_descriptor_bos_cb+0x4>)
100048ca:	4770      	bx	lr
100048cc:	1000b54c 	.word	0x1000b54c

100048d0 <tud_vendor_control_xfer_cb>:
100048d0:	2901      	cmp	r1, #1
100048d2:	d107      	bne.n	100048e4 <tud_vendor_control_xfer_cb+0x14>
100048d4:	7853      	ldrb	r3, [r2, #1]
100048d6:	2b01      	cmp	r3, #1
100048d8:	d102      	bne.n	100048e0 <tud_vendor_control_xfer_cb+0x10>
100048da:	8893      	ldrh	r3, [r2, #4]
100048dc:	2b07      	cmp	r3, #7
100048de:	d003      	beq.n	100048e8 <tud_vendor_control_xfer_cb+0x18>
100048e0:	2000      	movs	r0, #0
100048e2:	4770      	bx	lr
100048e4:	2001      	movs	r0, #1
100048e6:	4770      	bx	lr
100048e8:	4611      	mov	r1, r2
100048ea:	23a6      	movs	r3, #166	@ 0xa6
100048ec:	4a01      	ldr	r2, [pc, #4]	@ (100048f4 <tud_vendor_control_xfer_cb+0x24>)
100048ee:	f001 ba8d 	b.w	10005e0c <tud_control_xfer>
100048f2:	bf00      	nop
100048f4:	1000b4a4 	.word	0x1000b4a4

100048f8 <usbd_app_driver_get_cb>:
100048f8:	4603      	mov	r3, r0
100048fa:	2201      	movs	r2, #1
100048fc:	4801      	ldr	r0, [pc, #4]	@ (10004904 <usbd_app_driver_get_cb+0xc>)
100048fe:	701a      	strb	r2, [r3, #0]
10004900:	4770      	bx	lr
10004902:	bf00      	nop
10004904:	1000b484 	.word	0x1000b484

10004908 <tud_cdc_line_coding_cb>:
10004908:	b508      	push	{r3, lr}
1000490a:	680b      	ldr	r3, [r1, #0]
1000490c:	f5b3 6f96 	cmp.w	r3, #1200	@ 0x4b0
10004910:	d000      	beq.n	10004914 <tud_cdc_line_coding_cb+0xc>
10004912:	bd08      	pop	{r3, pc}
10004914:	2200      	movs	r2, #0
10004916:	f04f 30ff 	mov.w	r0, #4294967295	@ 0xffffffff
1000491a:	4611      	mov	r1, r2
1000491c:	f7fd fd36 	bl	1000238c <rom_reset_usb_boot_extra>

10004920 <stdio_usb_set_chars_available_callback>:
10004920:	4a02      	ldr	r2, [pc, #8]	@ (1000492c <stdio_usb_set_chars_available_callback+0xc>)
10004922:	4b03      	ldr	r3, [pc, #12]	@ (10004930 <stdio_usb_set_chars_available_callback+0x10>)
10004924:	6010      	str	r0, [r2, #0]
10004926:	6019      	str	r1, [r3, #0]
10004928:	4770      	bx	lr
1000492a:	bf00      	nop
1000492c:	200026d4 	.word	0x200026d4
10004930:	200026d8 	.word	0x200026d8

10004934 <timer_task>:
10004934:	4b18      	ldr	r3, [pc, #96]	@ (10004998 <timer_task+0x64>)
10004936:	b570      	push	{r4, r5, r6, lr}
10004938:	681a      	ldr	r2, [r3, #0]
1000493a:	2a00      	cmp	r2, #0
1000493c:	d028      	beq.n	10004990 <timer_task+0x5c>
1000493e:	f3ef 8110 	mrs	r1, PRIMASK
10004942:	b672      	cpsid	i
10004944:	e8d2 4fcf 	ldaexb	r4, [r2]
10004948:	2001      	movs	r0, #1
1000494a:	2c00      	cmp	r4, #0
1000494c:	d1fa      	bne.n	10004944 <timer_task+0x10>
1000494e:	e8c2 0f44 	strexb	r4, r0, [r2]
10004952:	2c00      	cmp	r4, #0
10004954:	d1f6      	bne.n	10004944 <timer_task+0x10>
10004956:	f3bf 8f5f 	dmb	sy
1000495a:	2200      	movs	r2, #0
1000495c:	4c0f      	ldr	r4, [pc, #60]	@ (1000499c <timer_task+0x68>)
1000495e:	6818      	ldr	r0, [r3, #0]
10004960:	6059      	str	r1, [r3, #4]
10004962:	7022      	strb	r2, [r4, #0]
10004964:	e8c0 2f8f 	stlb	r2, [r0]
10004968:	f381 8810 	msr	PRIMASK, r1
1000496c:	2400      	movs	r4, #0
1000496e:	2500      	movs	r5, #0
10004970:	4e0b      	ldr	r6, [pc, #44]	@ (100049a0 <timer_task+0x6c>)
10004972:	7830      	ldrb	r0, [r6, #0]
10004974:	f7fc fc8c 	bl	10001290 <irq_is_enabled>
10004978:	b920      	cbnz	r0, 10004984 <timer_task+0x50>
1000497a:	2400      	movs	r4, #0
1000497c:	2500      	movs	r5, #0
1000497e:	4620      	mov	r0, r4
10004980:	4629      	mov	r1, r5
10004982:	bd70      	pop	{r4, r5, r6, pc}
10004984:	7830      	ldrb	r0, [r6, #0]
10004986:	f7fc fc93 	bl	100012b0 <irq_set_pending>
1000498a:	4620      	mov	r0, r4
1000498c:	4629      	mov	r1, r5
1000498e:	bd70      	pop	{r4, r5, r6, pc}
10004990:	f44f 747a 	mov.w	r4, #1000	@ 0x3e8
10004994:	2500      	movs	r5, #0
10004996:	e7eb      	b.n	10004970 <timer_task+0x3c>
10004998:	20002c50 	.word	0x20002c50
1000499c:	20002cb5 	.word	0x20002cb5
100049a0:	20002cb3 	.word	0x20002cb3

100049a4 <usb_irq>:
100049a4:	4b01      	ldr	r3, [pc, #4]	@ (100049ac <usb_irq+0x8>)
100049a6:	7818      	ldrb	r0, [r3, #0]
100049a8:	f7fc bc82 	b.w	100012b0 <irq_set_pending>
100049ac:	20002cb3 	.word	0x20002cb3

100049b0 <stdio_usb_in_chars>:
100049b0:	b538      	push	{r3, r4, r5, lr}
100049b2:	4604      	mov	r4, r0
100049b4:	2000      	movs	r0, #0
100049b6:	460d      	mov	r5, r1
100049b8:	f001 fb62 	bl	10006080 <tud_cdc_n_connected>
100049bc:	b3a8      	cbz	r0, 10004a2a <stdio_usb_in_chars+0x7a>
100049be:	2000      	movs	r0, #0
100049c0:	f001 fb74 	bl	100060ac <tud_cdc_n_available>
100049c4:	b388      	cbz	r0, 10004a2a <stdio_usb_in_chars+0x7a>
100049c6:	f7fd fac7 	bl	10001f58 <time_us_64>
100049ca:	f04f 3eff 	mov.w	lr, #4294967295	@ 0xffffffff
100049ce:	f06f 4c00 	mvn.w	ip, #2147483648	@ 0x80000000
100049d2:	4a17      	ldr	r2, [pc, #92]	@ (10004a30 <stdio_usb_in_chars+0x80>)
100049d4:	1882      	adds	r2, r0, r2
100049d6:	f141 0300 	adc.w	r3, r1, #0
100049da:	4596      	cmp	lr, r2
100049dc:	eb7c 0103 	sbcs.w	r1, ip, r3
100049e0:	bf3c      	itt	cc
100049e2:	4672      	movcc	r2, lr
100049e4:	4663      	movcc	r3, ip
100049e6:	4813      	ldr	r0, [pc, #76]	@ (10004a34 <stdio_usb_in_chars+0x84>)
100049e8:	f006 fada 	bl	1000afa0 <__mutex_try_enter_block_until_veneer>
100049ec:	b1e8      	cbz	r0, 10004a2a <stdio_usb_in_chars+0x7a>
100049ee:	2000      	movs	r0, #0
100049f0:	f001 fb46 	bl	10006080 <tud_cdc_n_connected>
100049f4:	b958      	cbnz	r0, 10004a0e <stdio_usb_in_chars+0x5e>
100049f6:	4601      	mov	r1, r0
100049f8:	f04f 30ff 	mov.w	r0, #4294967295	@ 0xffffffff
100049fc:	f000 fd2a 	bl	10005454 <tud_task_ext>
10004a00:	f06f 0402 	mvn.w	r4, #2
10004a04:	480b      	ldr	r0, [pc, #44]	@ (10004a34 <stdio_usb_in_chars+0x84>)
10004a06:	f006 fabf 	bl	1000af88 <__mutex_exit_veneer>
10004a0a:	4620      	mov	r0, r4
10004a0c:	bd38      	pop	{r3, r4, r5, pc}
10004a0e:	2000      	movs	r0, #0
10004a10:	f001 fb4c 	bl	100060ac <tud_cdc_n_available>
10004a14:	2800      	cmp	r0, #0
10004a16:	d0ee      	beq.n	100049f6 <stdio_usb_in_chars+0x46>
10004a18:	4621      	mov	r1, r4
10004a1a:	462a      	mov	r2, r5
10004a1c:	2000      	movs	r0, #0
10004a1e:	f001 fb4f 	bl	100060c0 <tud_cdc_n_read>
10004a22:	4604      	mov	r4, r0
10004a24:	2800      	cmp	r0, #0
10004a26:	d1ed      	bne.n	10004a04 <stdio_usb_in_chars+0x54>
10004a28:	e7ea      	b.n	10004a00 <stdio_usb_in_chars+0x50>
10004a2a:	f06f 0402 	mvn.w	r4, #2
10004a2e:	e7ec      	b.n	10004a0a <stdio_usb_in_chars+0x5a>
10004a30:	000f4240 	.word	0x000f4240
10004a34:	20002c84 	.word	0x20002c84

10004a38 <stdio_usb_out_flush>:
10004a38:	b508      	push	{r3, lr}
10004a3a:	f7fd fa8d 	bl	10001f58 <time_us_64>
10004a3e:	f04f 3eff 	mov.w	lr, #4294967295	@ 0xffffffff
10004a42:	f06f 4c00 	mvn.w	ip, #2147483648	@ 0x80000000
10004a46:	4a0f      	ldr	r2, [pc, #60]	@ (10004a84 <stdio_usb_out_flush+0x4c>)
10004a48:	1882      	adds	r2, r0, r2
10004a4a:	f141 0300 	adc.w	r3, r1, #0
10004a4e:	4596      	cmp	lr, r2
10004a50:	eb7c 0103 	sbcs.w	r1, ip, r3
10004a54:	bf3c      	itt	cc
10004a56:	4672      	movcc	r2, lr
10004a58:	4663      	movcc	r3, ip
10004a5a:	480b      	ldr	r0, [pc, #44]	@ (10004a88 <stdio_usb_out_flush+0x50>)
10004a5c:	f006 faa0 	bl	1000afa0 <__mutex_try_enter_block_until_veneer>
10004a60:	b170      	cbz	r0, 10004a80 <stdio_usb_out_flush+0x48>
10004a62:	f04f 30ff 	mov.w	r0, #4294967295	@ 0xffffffff
10004a66:	2100      	movs	r1, #0
10004a68:	f000 fcf4 	bl	10005454 <tud_task_ext>
10004a6c:	2000      	movs	r0, #0
10004a6e:	f001 fb6d 	bl	1000614c <tud_cdc_n_write_flush>
10004a72:	2800      	cmp	r0, #0
10004a74:	d1f5      	bne.n	10004a62 <stdio_usb_out_flush+0x2a>
10004a76:	e8bd 4008 	ldmia.w	sp!, {r3, lr}
10004a7a:	4803      	ldr	r0, [pc, #12]	@ (10004a88 <stdio_usb_out_flush+0x50>)
10004a7c:	f006 ba84 	b.w	1000af88 <__mutex_exit_veneer>
10004a80:	bd08      	pop	{r3, pc}
10004a82:	bf00      	nop
10004a84:	000f4240 	.word	0x000f4240
10004a88:	20002c84 	.word	0x20002c84

10004a8c <stdio_usb_out_chars>:
10004a8c:	e92d 41f0 	stmdb	sp!, {r4, r5, r6, r7, r8, lr}
10004a90:	4607      	mov	r7, r0
10004a92:	460e      	mov	r6, r1
10004a94:	f7fd fa60 	bl	10001f58 <time_us_64>
10004a98:	f04f 35ff 	mov.w	r5, #4294967295	@ 0xffffffff
10004a9c:	f06f 4400 	mvn.w	r4, #2147483648	@ 0x80000000
10004aa0:	4a32      	ldr	r2, [pc, #200]	@ (10004b6c <stdio_usb_out_chars+0xe0>)
10004aa2:	1882      	adds	r2, r0, r2
10004aa4:	f141 0300 	adc.w	r3, r1, #0
10004aa8:	4295      	cmp	r5, r2
10004aaa:	eb74 0103 	sbcs.w	r1, r4, r3
10004aae:	bf3c      	itt	cc
10004ab0:	462a      	movcc	r2, r5
10004ab2:	4623      	movcc	r3, r4
10004ab4:	482e      	ldr	r0, [pc, #184]	@ (10004b70 <stdio_usb_out_chars+0xe4>)
10004ab6:	f006 fa73 	bl	1000afa0 <__mutex_try_enter_block_until_veneer>
10004aba:	b908      	cbnz	r0, 10004ac0 <stdio_usb_out_chars+0x34>
10004abc:	e8bd 81f0 	ldmia.w	sp!, {r4, r5, r6, r7, r8, pc}
10004ac0:	2000      	movs	r0, #0
10004ac2:	f001 fadd 	bl	10006080 <tud_cdc_n_connected>
10004ac6:	2800      	cmp	r0, #0
10004ac8:	d045      	beq.n	10004b56 <stdio_usb_out_chars+0xca>
10004aca:	2e00      	cmp	r6, #0
10004acc:	dd3e      	ble.n	10004b4c <stdio_usb_out_chars+0xc0>
10004ace:	2500      	movs	r5, #0
10004ad0:	f8df 80a4 	ldr.w	r8, [pc, #164]	@ 10004b78 <stdio_usb_out_chars+0xec>
10004ad4:	e012      	b.n	10004afc <stdio_usb_out_chars+0x70>
10004ad6:	4622      	mov	r2, r4
10004ad8:	2000      	movs	r0, #0
10004ada:	f001 fb81 	bl	100061e0 <tud_cdc_n_write>
10004ade:	2100      	movs	r1, #0
10004ae0:	4405      	add	r5, r0
10004ae2:	f04f 30ff 	mov.w	r0, #4294967295	@ 0xffffffff
10004ae6:	f000 fcb5 	bl	10005454 <tud_task_ext>
10004aea:	2000      	movs	r0, #0
10004aec:	f001 fb2e 	bl	1000614c <tud_cdc_n_write_flush>
10004af0:	f7fd fa32 	bl	10001f58 <time_us_64>
10004af4:	e9c8 0100 	strd	r0, r1, [r8]
10004af8:	42ae      	cmp	r6, r5
10004afa:	dd27      	ble.n	10004b4c <stdio_usb_out_chars+0xc0>
10004afc:	2000      	movs	r0, #0
10004afe:	f001 fb8d 	bl	1000621c <tud_cdc_n_write_available>
10004b02:	1b74      	subs	r4, r6, r5
10004b04:	4284      	cmp	r4, r0
10004b06:	bfa8      	it	ge
10004b08:	4604      	movge	r4, r0
10004b0a:	1979      	adds	r1, r7, r5
10004b0c:	2c00      	cmp	r4, #0
10004b0e:	d1e2      	bne.n	10004ad6 <stdio_usb_out_chars+0x4a>
10004b10:	4621      	mov	r1, r4
10004b12:	f04f 30ff 	mov.w	r0, #4294967295	@ 0xffffffff
10004b16:	f000 fc9d 	bl	10005454 <tud_task_ext>
10004b1a:	4620      	mov	r0, r4
10004b1c:	f001 fb16 	bl	1000614c <tud_cdc_n_write_flush>
10004b20:	4620      	mov	r0, r4
10004b22:	f001 faad 	bl	10006080 <tud_cdc_n_connected>
10004b26:	b188      	cbz	r0, 10004b4c <stdio_usb_out_chars+0xc0>
10004b28:	4620      	mov	r0, r4
10004b2a:	f001 fb77 	bl	1000621c <tud_cdc_n_write_available>
10004b2e:	2800      	cmp	r0, #0
10004b30:	d1e2      	bne.n	10004af8 <stdio_usb_out_chars+0x6c>
10004b32:	f7fd fa11 	bl	10001f58 <time_us_64>
10004b36:	4a0f      	ldr	r2, [pc, #60]	@ (10004b74 <stdio_usb_out_chars+0xe8>)
10004b38:	f8d8 3000 	ldr.w	r3, [r8]
10004b3c:	189b      	adds	r3, r3, r2
10004b3e:	f8d8 2004 	ldr.w	r2, [r8, #4]
10004b42:	f142 0200 	adc.w	r2, r2, #0
10004b46:	4283      	cmp	r3, r0
10004b48:	418a      	sbcs	r2, r1
10004b4a:	d2d5      	bcs.n	10004af8 <stdio_usb_out_chars+0x6c>
10004b4c:	4808      	ldr	r0, [pc, #32]	@ (10004b70 <stdio_usb_out_chars+0xe4>)
10004b4e:	e8bd 41f0 	ldmia.w	sp!, {r4, r5, r6, r7, r8, lr}
10004b52:	f006 ba19 	b.w	1000af88 <__mutex_exit_veneer>
10004b56:	2000      	movs	r0, #0
10004b58:	e8bd 41f0 	ldmia.w	sp!, {r4, r5, r6, r7, r8, lr}
10004b5c:	2100      	movs	r1, #0
10004b5e:	4b06      	ldr	r3, [pc, #24]	@ (10004b78 <stdio_usb_out_chars+0xec>)
10004b60:	e9c3 0100 	strd	r0, r1, [r3]
10004b64:	4802      	ldr	r0, [pc, #8]	@ (10004b70 <stdio_usb_out_chars+0xe4>)
10004b66:	f006 ba0f 	b.w	1000af88 <__mutex_exit_veneer>
10004b6a:	bf00      	nop
10004b6c:	000f4240 	.word	0x000f4240
10004b70:	20002c84 	.word	0x20002c84
10004b74:	0007a120 	.word	0x0007a120
10004b78:	20002038 	.word	0x20002038

10004b7c <low_priority_worker_irq>:
10004b7c:	b510      	push	{r4, lr}
10004b7e:	2100      	movs	r1, #0
10004b80:	b084      	sub	sp, #16
10004b82:	4832      	ldr	r0, [pc, #200]	@ (10004c4c <low_priority_worker_irq+0xd0>)
10004b84:	f006 fa10 	bl	1000afa8 <__mutex_try_enter_veneer>
10004b88:	bb28      	cbnz	r0, 10004bd6 <low_priority_worker_irq+0x5a>
10004b8a:	4b31      	ldr	r3, [pc, #196]	@ (10004c50 <low_priority_worker_irq+0xd4>)
10004b8c:	681a      	ldr	r2, [r3, #0]
10004b8e:	b302      	cbz	r2, 10004bd2 <low_priority_worker_irq+0x56>
10004b90:	f3ef 8110 	mrs	r1, PRIMASK
10004b94:	b672      	cpsid	i
10004b96:	e8d2 efcf 	ldaexb	lr, [r2]
10004b9a:	f05f 0c01 	movs.w	ip, #1
10004b9e:	f1be 0f00 	cmp.w	lr, #0
10004ba2:	d1f8      	bne.n	10004b96 <low_priority_worker_irq+0x1a>
10004ba4:	e8c2 cf4e 	strexb	lr, ip, [r2]
10004ba8:	f1be 0f00 	cmp.w	lr, #0
10004bac:	d1f3      	bne.n	10004b96 <low_priority_worker_irq+0x1a>
10004bae:	f3bf 8f5f 	dmb	sy
10004bb2:	f8df c0a8 	ldr.w	ip, [pc, #168]	@ 10004c5c <low_priority_worker_irq+0xe0>
10004bb6:	f8d3 e000 	ldr.w	lr, [r3]
10004bba:	f89c 2000 	ldrb.w	r2, [ip]
10004bbe:	6059      	str	r1, [r3, #4]
10004bc0:	b2d3      	uxtb	r3, r2
10004bc2:	2201      	movs	r2, #1
10004bc4:	f88c 2000 	strb.w	r2, [ip]
10004bc8:	e8ce 0f8f 	stlb	r0, [lr]
10004bcc:	f381 8810 	msr	PRIMASK, r1
10004bd0:	b1cb      	cbz	r3, 10004c06 <low_priority_worker_irq+0x8a>
10004bd2:	b004      	add	sp, #16
10004bd4:	bd10      	pop	{r4, pc}
10004bd6:	2100      	movs	r1, #0
10004bd8:	f04f 30ff 	mov.w	r0, #4294967295	@ 0xffffffff
10004bdc:	f000 fc3a 	bl	10005454 <tud_task_ext>
10004be0:	2000      	movs	r0, #0
10004be2:	f001 fa63 	bl	100060ac <tud_cdc_n_available>
10004be6:	4604      	mov	r4, r0
10004be8:	4818      	ldr	r0, [pc, #96]	@ (10004c4c <low_priority_worker_irq+0xd0>)
10004bea:	f006 f9cd 	bl	1000af88 <__mutex_exit_veneer>
10004bee:	2c00      	cmp	r4, #0
10004bf0:	d0ef      	beq.n	10004bd2 <low_priority_worker_irq+0x56>
10004bf2:	4b18      	ldr	r3, [pc, #96]	@ (10004c54 <low_priority_worker_irq+0xd8>)
10004bf4:	681b      	ldr	r3, [r3, #0]
10004bf6:	2b00      	cmp	r3, #0
10004bf8:	d0eb      	beq.n	10004bd2 <low_priority_worker_irq+0x56>
10004bfa:	4a17      	ldr	r2, [pc, #92]	@ (10004c58 <low_priority_worker_irq+0xdc>)
10004bfc:	6810      	ldr	r0, [r2, #0]
10004bfe:	b004      	add	sp, #16
10004c00:	e8bd 4010 	ldmia.w	sp!, {r4, lr}
10004c04:	4718      	bx	r3
10004c06:	f7fc ff83 	bl	10001b10 <alarm_pool_get_default>
10004c0a:	4604      	mov	r4, r0
10004c0c:	f7fd f9a4 	bl	10001f58 <time_us_64>
10004c10:	f04f 3eff 	mov.w	lr, #4294967295	@ 0xffffffff
10004c14:	f06f 4c00 	mvn.w	ip, #2147483648	@ 0x80000000
10004c18:	f510 727a 	adds.w	r2, r0, #1000	@ 0x3e8
10004c1c:	f141 0300 	adc.w	r3, r1, #0
10004c20:	4596      	cmp	lr, r2
10004c22:	eb7c 0103 	sbcs.w	r1, ip, r3
10004c26:	bf38      	it	cc
10004c28:	4663      	movcc	r3, ip
10004c2a:	f04f 0100 	mov.w	r1, #0
10004c2e:	f04f 0c01 	mov.w	ip, #1
10004c32:	bf38      	it	cc
10004c34:	4672      	movcc	r2, lr
10004c36:	f8df e028 	ldr.w	lr, [pc, #40]	@ 10004c60 <low_priority_worker_irq+0xe4>
10004c3a:	4620      	mov	r0, r4
10004c3c:	e9cd 1c01 	strd	r1, ip, [sp, #4]
10004c40:	f8cd e000 	str.w	lr, [sp]
10004c44:	f7fc ff68 	bl	10001b18 <alarm_pool_add_alarm_at>
10004c48:	b004      	add	sp, #16
10004c4a:	bd10      	pop	{r4, pc}
10004c4c:	20002c84 	.word	0x20002c84
10004c50:	20002c50 	.word	0x20002c50
10004c54:	200026d4 	.word	0x200026d4
10004c58:	200026d8 	.word	0x200026d8
10004c5c:	20002cb5 	.word	0x20002cb5
10004c60:	10004935 	.word	0x10004935

10004c64 <stdio_usb_init>:
10004c64:	f04f 4350 	mov.w	r3, #3489660928	@ 0xd0000000
10004c68:	b530      	push	{r4, r5, lr}
10004c6a:	b085      	sub	sp, #20
10004c6c:	681c      	ldr	r4, [r3, #0]
10004c6e:	f7fc ff4f 	bl	10001b10 <alarm_pool_get_default>
10004c72:	f7fd f86b 	bl	10001d4c <alarm_pool_core_num>
10004c76:	42a0      	cmp	r0, r4
10004c78:	d002      	beq.n	10004c80 <stdio_usb_init+0x1c>
10004c7a:	2000      	movs	r0, #0
10004c7c:	b005      	add	sp, #20
10004c7e:	bd30      	pop	{r4, r5, pc}
10004c80:	2100      	movs	r1, #0
10004c82:	4b2c      	ldr	r3, [pc, #176]	@ (10004d34 <stdio_usb_init+0xd0>)
10004c84:	4608      	mov	r0, r1
10004c86:	781b      	ldrb	r3, [r3, #0]
10004c88:	f001 fdac 	bl	100067e4 <tusb_rhport_init>
10004c8c:	482a      	ldr	r0, [pc, #168]	@ (10004d38 <stdio_usb_init+0xd4>)
10004c8e:	6803      	ldr	r3, [r0, #0]
10004c90:	2b00      	cmp	r3, #0
10004c92:	d04b      	beq.n	10004d2c <stdio_usb_init+0xc8>
10004c94:	2001      	movs	r0, #1
10004c96:	f7fc fcbf 	bl	10001618 <user_irq_claim_unused>
10004c9a:	4603      	mov	r3, r0
10004c9c:	4c27      	ldr	r4, [pc, #156]	@ (10004d3c <stdio_usb_init+0xd8>)
10004c9e:	4928      	ldr	r1, [pc, #160]	@ (10004d40 <stdio_usb_init+0xdc>)
10004ca0:	b2c0      	uxtb	r0, r0
10004ca2:	7023      	strb	r3, [r4, #0]
10004ca4:	f7fc fb20 	bl	100012e8 <irq_set_exclusive_handler>
10004ca8:	7820      	ldrb	r0, [r4, #0]
10004caa:	2101      	movs	r1, #1
10004cac:	f7fc fada 	bl	10001264 <irq_set_enabled>
10004cb0:	200e      	movs	r0, #14
10004cb2:	f7fc fb09 	bl	100012c8 <irq_has_shared_handler>
10004cb6:	bb60      	cbnz	r0, 10004d12 <stdio_usb_init+0xae>
10004cb8:	4b22      	ldr	r3, [pc, #136]	@ (10004d44 <stdio_usb_init+0xe0>)
10004cba:	f06f 4400 	mvn.w	r4, #2147483648	@ 0x80000000
10004cbe:	e9c3 0000 	strd	r0, r0, [r3]
10004cc2:	f7fc ff25 	bl	10001b10 <alarm_pool_get_default>
10004cc6:	4605      	mov	r5, r0
10004cc8:	f7fd f946 	bl	10001f58 <time_us_64>
10004ccc:	f04f 3cff 	mov.w	ip, #4294967295	@ 0xffffffff
10004cd0:	f510 727a 	adds.w	r2, r0, #1000	@ 0x3e8
10004cd4:	f141 0300 	adc.w	r3, r1, #0
10004cd8:	4594      	cmp	ip, r2
10004cda:	eb74 0103 	sbcs.w	r1, r4, r3
10004cde:	bf38      	it	cc
10004ce0:	4623      	movcc	r3, r4
10004ce2:	f04f 0100 	mov.w	r1, #0
10004ce6:	f04f 0401 	mov.w	r4, #1
10004cea:	bf38      	it	cc
10004cec:	4662      	movcc	r2, ip
10004cee:	f8df c060 	ldr.w	ip, [pc, #96]	@ 10004d50 <stdio_usb_init+0xec>
10004cf2:	4628      	mov	r0, r5
10004cf4:	e9cd 1401 	strd	r1, r4, [sp, #4]
10004cf8:	f8cd c000 	str.w	ip, [sp]
10004cfc:	f7fc ff0c 	bl	10001b18 <alarm_pool_add_alarm_at>
10004d00:	2800      	cmp	r0, #0
10004d02:	dbba      	blt.n	10004c7a <stdio_usb_init+0x16>
10004d04:	2101      	movs	r1, #1
10004d06:	4810      	ldr	r0, [pc, #64]	@ (10004d48 <stdio_usb_init+0xe4>)
10004d08:	f7ff fcb4 	bl	10004674 <stdio_set_driver_enabled>
10004d0c:	2001      	movs	r0, #1
10004d0e:	b005      	add	sp, #20
10004d10:	bd30      	pop	{r4, r5, pc}
10004d12:	2001      	movs	r0, #1
10004d14:	f7fc fa60 	bl	100011d8 <spin_lock_claim_unused>
10004d18:	4601      	mov	r1, r0
10004d1a:	480a      	ldr	r0, [pc, #40]	@ (10004d44 <stdio_usb_init+0xe0>)
10004d1c:	f7fc fcda 	bl	100016d4 <critical_section_init_with_lock_num>
10004d20:	2200      	movs	r2, #0
10004d22:	200e      	movs	r0, #14
10004d24:	4909      	ldr	r1, [pc, #36]	@ (10004d4c <stdio_usb_init+0xe8>)
10004d26:	f7fc fb17 	bl	10001358 <irq_add_shared_handler>
10004d2a:	e7eb      	b.n	10004d04 <stdio_usb_init+0xa0>
10004d2c:	f7fc fcb6 	bl	1000169c <mutex_init>
10004d30:	e7b0      	b.n	10004c94 <stdio_usb_init+0x30>
10004d32:	bf00      	nop
10004d34:	1000b9b4 	.word	0x1000b9b4
10004d38:	20002c84 	.word	0x20002c84
10004d3c:	20002cb3 	.word	0x20002cb3
10004d40:	10004b7d 	.word	0x10004b7d
10004d44:	20002c50 	.word	0x20002c50
10004d48:	20001534 	.word	0x20001534
10004d4c:	100049a5 	.word	0x100049a5
10004d50:	10004935 	.word	0x10004935

10004d54 <tud_descriptor_device_cb>:
10004d54:	4800      	ldr	r0, [pc, #0]	@ (10004d58 <tud_descriptor_device_cb+0x4>)
10004d56:	4770      	bx	lr
10004d58:	1000b5e8 	.word	0x1000b5e8

10004d5c <tud_descriptor_configuration_cb>:
10004d5c:	4800      	ldr	r0, [pc, #0]	@ (10004d60 <tud_descriptor_configuration_cb+0x4>)
10004d5e:	4770      	bx	lr
10004d60:	1000b594 	.word	0x1000b594

10004d64 <tud_descriptor_string_cb>:
10004d64:	b500      	push	{lr}
10004d66:	4a1c      	ldr	r2, [pc, #112]	@ (10004dd8 <tud_descriptor_string_cb+0x74>)
10004d68:	4603      	mov	r3, r0
10004d6a:	7811      	ldrb	r1, [r2, #0]
10004d6c:	b083      	sub	sp, #12
10004d6e:	b331      	cbz	r1, 10004dbe <tud_descriptor_string_cb+0x5a>
10004d70:	b963      	cbnz	r3, 10004d8c <tud_descriptor_string_cb+0x28>
10004d72:	f240 4209 	movw	r2, #1033	@ 0x409
10004d76:	f44f 7341 	mov.w	r3, #772	@ 0x304
10004d7a:	f8df c060 	ldr.w	ip, [pc, #96]	@ 10004ddc <tud_descriptor_string_cb+0x78>
10004d7e:	f8ac 2002 	strh.w	r2, [ip, #2]
10004d82:	4816      	ldr	r0, [pc, #88]	@ (10004ddc <tud_descriptor_string_cb+0x78>)
10004d84:	f8ac 3000 	strh.w	r3, [ip]
10004d88:	b003      	add	sp, #12
10004d8a:	bd00      	pop	{pc}
10004d8c:	2b05      	cmp	r3, #5
10004d8e:	d820      	bhi.n	10004dd2 <tud_descriptor_string_cb+0x6e>
10004d90:	4a13      	ldr	r2, [pc, #76]	@ (10004de0 <tud_descriptor_string_cb+0x7c>)
10004d92:	f8df c048 	ldr.w	ip, [pc, #72]	@ 10004ddc <tud_descriptor_string_cb+0x78>
10004d96:	f852 1023 	ldr.w	r1, [r2, r3, lsl #2]
10004d9a:	4660      	mov	r0, ip
10004d9c:	2300      	movs	r3, #0
10004d9e:	3901      	subs	r1, #1
10004da0:	e003      	b.n	10004daa <tud_descriptor_string_cb+0x46>
10004da2:	2b13      	cmp	r3, #19
10004da4:	f820 2f02 	strh.w	r2, [r0, #2]!
10004da8:	d010      	beq.n	10004dcc <tud_descriptor_string_cb+0x68>
10004daa:	f811 2f01 	ldrb.w	r2, [r1, #1]!
10004dae:	3301      	adds	r3, #1
10004db0:	b2db      	uxtb	r3, r3
10004db2:	2a00      	cmp	r2, #0
10004db4:	d1f5      	bne.n	10004da2 <tud_descriptor_string_cb+0x3e>
10004db6:	005b      	lsls	r3, r3, #1
10004db8:	f443 7340 	orr.w	r3, r3, #768	@ 0x300
10004dbc:	e7e1      	b.n	10004d82 <tud_descriptor_string_cb+0x1e>
10004dbe:	9001      	str	r0, [sp, #4]
10004dc0:	2111      	movs	r1, #17
10004dc2:	4610      	mov	r0, r2
10004dc4:	f000 f824 	bl	10004e10 <pico_get_unique_board_id_string>
10004dc8:	9b01      	ldr	r3, [sp, #4]
10004dca:	e7d1      	b.n	10004d70 <tud_descriptor_string_cb+0xc>
10004dcc:	f44f 734a 	mov.w	r3, #808	@ 0x328
10004dd0:	e7d7      	b.n	10004d82 <tud_descriptor_string_cb+0x1e>
10004dd2:	2000      	movs	r0, #0
10004dd4:	e7d8      	b.n	10004d88 <tud_descriptor_string_cb+0x24>
10004dd6:	bf00      	nop
10004dd8:	20002c94 	.word	0x20002c94
10004ddc:	2000270c 	.word	0x2000270c
10004de0:	1000b57c 	.word	0x1000b57c

10004de4 <_retrieve_unique_id_on_boot>:
10004de4:	b500      	push	{lr}
10004de6:	f245 3047 	movw	r0, #21319	@ 0x5347
10004dea:	b08b      	sub	sp, #44	@ 0x2c
10004dec:	f7fd fac2 	bl	10002374 <rom_func_lookup>
10004df0:	2201      	movs	r2, #1
10004df2:	4603      	mov	r3, r0
10004df4:	2109      	movs	r1, #9
10004df6:	a801      	add	r0, sp, #4
10004df8:	4798      	blx	r3
10004dfa:	e9dd 3203 	ldrd	r3, r2, [sp, #12]
10004dfe:	4903      	ldr	r1, [pc, #12]	@ (10004e0c <_retrieve_unique_id_on_boot+0x28>)
10004e00:	ba12      	rev	r2, r2
10004e02:	ba1b      	rev	r3, r3
10004e04:	e9c1 2300 	strd	r2, r3, [r1]
10004e08:	b00b      	add	sp, #44	@ 0x2c
10004e0a:	bd00      	pop	{pc}
10004e0c:	20002c78 	.word	0x20002c78

10004e10 <pico_get_unique_board_id_string>:
10004e10:	2901      	cmp	r1, #1
10004e12:	f000 80bb 	beq.w	10004f8c <pico_get_unique_board_id_string+0x17c>
10004e16:	4a61      	ldr	r2, [pc, #388]	@ (10004f9c <pico_get_unique_board_id_string+0x18c>)
10004e18:	3901      	subs	r1, #1
10004e1a:	7813      	ldrb	r3, [r2, #0]
10004e1c:	ea4f 1c23 	mov.w	ip, r3, asr #4
10004e20:	f1bc 0f09 	cmp.w	ip, #9
10004e24:	bfcc      	ite	gt
10004e26:	f10c 0c37 	addgt.w	ip, ip, #55	@ 0x37
10004e2a:	f10c 0c30 	addle.w	ip, ip, #48	@ 0x30
10004e2e:	2901      	cmp	r1, #1
10004e30:	f880 c000 	strb.w	ip, [r0]
10004e34:	f000 80ad 	beq.w	10004f92 <pico_get_unique_board_id_string+0x182>
10004e38:	f003 030f 	and.w	r3, r3, #15
10004e3c:	2b09      	cmp	r3, #9
10004e3e:	bf8c      	ite	hi
10004e40:	3337      	addhi	r3, #55	@ 0x37
10004e42:	3330      	addls	r3, #48	@ 0x30
10004e44:	2902      	cmp	r1, #2
10004e46:	7043      	strb	r3, [r0, #1]
10004e48:	f000 80a3 	beq.w	10004f92 <pico_get_unique_board_id_string+0x182>
10004e4c:	7853      	ldrb	r3, [r2, #1]
10004e4e:	ea4f 1c23 	mov.w	ip, r3, asr #4
10004e52:	f1bc 0f09 	cmp.w	ip, #9
10004e56:	bfcc      	ite	gt
10004e58:	f10c 0c37 	addgt.w	ip, ip, #55	@ 0x37
10004e5c:	f10c 0c30 	addle.w	ip, ip, #48	@ 0x30
10004e60:	2903      	cmp	r1, #3
10004e62:	f880 c002 	strb.w	ip, [r0, #2]
10004e66:	f000 8094 	beq.w	10004f92 <pico_get_unique_board_id_string+0x182>
10004e6a:	f003 030f 	and.w	r3, r3, #15
10004e6e:	2b09      	cmp	r3, #9
10004e70:	bf8c      	ite	hi
10004e72:	3337      	addhi	r3, #55	@ 0x37
10004e74:	3330      	addls	r3, #48	@ 0x30
10004e76:	2904      	cmp	r1, #4
10004e78:	70c3      	strb	r3, [r0, #3]
10004e7a:	f000 808a 	beq.w	10004f92 <pico_get_unique_board_id_string+0x182>
10004e7e:	7893      	ldrb	r3, [r2, #2]
10004e80:	ea4f 1c23 	mov.w	ip, r3, asr #4
10004e84:	f1bc 0f09 	cmp.w	ip, #9
10004e88:	bfcc      	ite	gt
10004e8a:	f10c 0c37 	addgt.w	ip, ip, #55	@ 0x37
10004e8e:	f10c 0c30 	addle.w	ip, ip, #48	@ 0x30
10004e92:	2905      	cmp	r1, #5
10004e94:	f880 c004 	strb.w	ip, [r0, #4]
10004e98:	d07b      	beq.n	10004f92 <pico_get_unique_board_id_string+0x182>
10004e9a:	f003 030f 	and.w	r3, r3, #15
10004e9e:	2b09      	cmp	r3, #9
10004ea0:	bf8c      	ite	hi
10004ea2:	3337      	addhi	r3, #55	@ 0x37
10004ea4:	3330      	addls	r3, #48	@ 0x30
10004ea6:	2906      	cmp	r1, #6
10004ea8:	7143      	strb	r3, [r0, #5]
10004eaa:	d072      	beq.n	10004f92 <pico_get_unique_board_id_string+0x182>
10004eac:	78d3      	ldrb	r3, [r2, #3]
10004eae:	ea4f 1c23 	mov.w	ip, r3, asr #4
10004eb2:	f1bc 0f09 	cmp.w	ip, #9
10004eb6:	bfcc      	ite	gt
10004eb8:	f10c 0c37 	addgt.w	ip, ip, #55	@ 0x37
10004ebc:	f10c 0c30 	addle.w	ip, ip, #48	@ 0x30
10004ec0:	2907      	cmp	r1, #7
10004ec2:	f880 c006 	strb.w	ip, [r0, #6]
10004ec6:	d064      	beq.n	10004f92 <pico_get_unique_board_id_string+0x182>
10004ec8:	f003 030f 	and.w	r3, r3, #15
10004ecc:	2b09      	cmp	r3, #9
10004ece:	bf8c      	ite	hi
10004ed0:	3337      	addhi	r3, #55	@ 0x37
10004ed2:	3330      	addls	r3, #48	@ 0x30
10004ed4:	2908      	cmp	r1, #8
10004ed6:	71c3      	strb	r3, [r0, #7]
10004ed8:	d05b      	beq.n	10004f92 <pico_get_unique_board_id_string+0x182>
10004eda:	7913      	ldrb	r3, [r2, #4]
10004edc:	ea4f 1c23 	mov.w	ip, r3, asr #4
10004ee0:	f1bc 0f09 	cmp.w	ip, #9
10004ee4:	bfcc      	ite	gt
10004ee6:	f10c 0c37 	addgt.w	ip, ip, #55	@ 0x37
10004eea:	f10c 0c30 	addle.w	ip, ip, #48	@ 0x30
10004eee:	2909      	cmp	r1, #9
10004ef0:	f880 c008 	strb.w	ip, [r0, #8]
10004ef4:	d04d      	beq.n	10004f92 <pico_get_unique_board_id_string+0x182>
10004ef6:	f003 030f 	and.w	r3, r3, #15
10004efa:	2b09      	cmp	r3, #9
10004efc:	bf8c      	ite	hi
10004efe:	3337      	addhi	r3, #55	@ 0x37
10004f00:	3330      	addls	r3, #48	@ 0x30
10004f02:	290a      	cmp	r1, #10
10004f04:	7243      	strb	r3, [r0, #9]
10004f06:	d044      	beq.n	10004f92 <pico_get_unique_board_id_string+0x182>
10004f08:	7953      	ldrb	r3, [r2, #5]
10004f0a:	ea4f 1c23 	mov.w	ip, r3, asr #4
10004f0e:	f1bc 0f09 	cmp.w	ip, #9
10004f12:	bfcc      	ite	gt
10004f14:	f10c 0c37 	addgt.w	ip, ip, #55	@ 0x37
10004f18:	f10c 0c30 	addle.w	ip, ip, #48	@ 0x30
10004f1c:	290b      	cmp	r1, #11
10004f1e:	f880 c00a 	strb.w	ip, [r0, #10]
10004f22:	d036      	beq.n	10004f92 <pico_get_unique_board_id_string+0x182>
10004f24:	f003 030f 	and.w	r3, r3, #15
10004f28:	2b09      	cmp	r3, #9
10004f2a:	bf8c      	ite	hi
10004f2c:	3337      	addhi	r3, #55	@ 0x37
10004f2e:	3330      	addls	r3, #48	@ 0x30
10004f30:	290c      	cmp	r1, #12
10004f32:	72c3      	strb	r3, [r0, #11]
10004f34:	d02d      	beq.n	10004f92 <pico_get_unique_board_id_string+0x182>
10004f36:	7993      	ldrb	r3, [r2, #6]
10004f38:	ea4f 1c23 	mov.w	ip, r3, asr #4
10004f3c:	f1bc 0f09 	cmp.w	ip, #9
10004f40:	bfcc      	ite	gt
10004f42:	f10c 0c37 	addgt.w	ip, ip, #55	@ 0x37
10004f46:	f10c 0c30 	addle.w	ip, ip, #48	@ 0x30
10004f4a:	290d      	cmp	r1, #13
10004f4c:	f880 c00c 	strb.w	ip, [r0, #12]
10004f50:	d01f      	beq.n	10004f92 <pico_get_unique_board_id_string+0x182>
10004f52:	f003 030f 	and.w	r3, r3, #15
10004f56:	2b09      	cmp	r3, #9
10004f58:	bf8c      	ite	hi
10004f5a:	3337      	addhi	r3, #55	@ 0x37
10004f5c:	3330      	addls	r3, #48	@ 0x30
10004f5e:	290e      	cmp	r1, #14
10004f60:	7343      	strb	r3, [r0, #13]
10004f62:	d016      	beq.n	10004f92 <pico_get_unique_board_id_string+0x182>
10004f64:	79d3      	ldrb	r3, [r2, #7]
10004f66:	111a      	asrs	r2, r3, #4
10004f68:	2a09      	cmp	r2, #9
10004f6a:	bfcc      	ite	gt
10004f6c:	3237      	addgt	r2, #55	@ 0x37
10004f6e:	3230      	addle	r2, #48	@ 0x30
10004f70:	290f      	cmp	r1, #15
10004f72:	7382      	strb	r2, [r0, #14]
10004f74:	d00d      	beq.n	10004f92 <pico_get_unique_board_id_string+0x182>
10004f76:	f003 030f 	and.w	r3, r3, #15
10004f7a:	2b09      	cmp	r3, #9
10004f7c:	bf94      	ite	ls
10004f7e:	3330      	addls	r3, #48	@ 0x30
10004f80:	3337      	addhi	r3, #55	@ 0x37
10004f82:	2910      	cmp	r1, #16
10004f84:	73c3      	strb	r3, [r0, #15]
10004f86:	bf18      	it	ne
10004f88:	3010      	addne	r0, #16
10004f8a:	d002      	beq.n	10004f92 <pico_get_unique_board_id_string+0x182>
10004f8c:	2300      	movs	r3, #0
10004f8e:	7003      	strb	r3, [r0, #0]
10004f90:	4770      	bx	lr
10004f92:	2300      	movs	r3, #0
10004f94:	4408      	add	r0, r1
10004f96:	7003      	strb	r3, [r0, #0]
10004f98:	4770      	bx	lr
10004f9a:	bf00      	nop
10004f9c:	20002c78 	.word	0x20002c78

10004fa0 <dcd_init>:
10004fa0:	b510      	push	{r4, lr}
10004fa2:	f000 f939 	bl	10005218 <rp2040_usb_init>
10004fa6:	230c      	movs	r3, #12
10004fa8:	4c1c      	ldr	r4, [pc, #112]	@ (1000501c <dcd_init+0x7c>)
10004faa:	22ff      	movs	r2, #255	@ 0xff
10004fac:	67a3      	str	r3, [r4, #120]	@ 0x78
10004fae:	200e      	movs	r0, #14
10004fb0:	491b      	ldr	r1, [pc, #108]	@ (10005020 <dcd_init+0x80>)
10004fb2:	f7fc f9d1 	bl	10001358 <irq_add_shared_handler>
10004fb6:	2240      	movs	r2, #64	@ 0x40
10004fb8:	2100      	movs	r1, #0
10004fba:	481a      	ldr	r0, [pc, #104]	@ (10005024 <dcd_init+0x84>)
10004fbc:	f003 ffbc 	bl	10008f38 <memset>
10004fc0:	f04f 0c80 	mov.w	ip, #128	@ 0x80
10004fc4:	2001      	movs	r0, #1
10004fc6:	4a17      	ldr	r2, [pc, #92]	@ (10005024 <dcd_init+0x84>)
10004fc8:	2300      	movs	r3, #0
10004fca:	f8a2 c022 	strh.w	ip, [r2, #34]	@ 0x22
10004fce:	7050      	strb	r0, [r2, #1]
10004fd0:	4610      	mov	r0, r2
10004fd2:	2240      	movs	r2, #64	@ 0x40
10004fd4:	4914      	ldr	r1, [pc, #80]	@ (10005028 <dcd_init+0x88>)
10004fd6:	8302      	strh	r2, [r0, #24]
10004fd8:	8702      	strh	r2, [r0, #56]	@ 0x38
10004fda:	4a14      	ldr	r2, [pc, #80]	@ (1000502c <dcd_init+0x8c>)
10004fdc:	6081      	str	r1, [r0, #8]
10004fde:	6043      	str	r3, [r0, #4]
10004fe0:	f8c2 3084 	str.w	r3, [r2, #132]	@ 0x84
10004fe4:	f8c2 3080 	str.w	r3, [r2, #128]	@ 0x80
10004fe8:	f880 3021 	strb.w	r3, [r0, #33]	@ 0x21
10004fec:	f880 303b 	strb.w	r3, [r0, #59]	@ 0x3b
10004ff0:	6243      	str	r3, [r0, #36]	@ 0x24
10004ff2:	4b0f      	ldr	r3, [pc, #60]	@ (10005030 <dcd_init+0x90>)
10004ff4:	60c3      	str	r3, [r0, #12]
10004ff6:	62c3      	str	r3, [r0, #44]	@ 0x2c
10004ff8:	3b80      	subs	r3, #128	@ 0x80
10004ffa:	6283      	str	r3, [r0, #40]	@ 0x28
10004ffc:	f005 ffc8 	bl	1000af90 <__reset_non_control_endpoints_veneer>
10005000:	f04f 5c00 	mov.w	ip, #536870912	@ 0x20000000
10005004:	f44f 3280 	mov.w	r2, #65536	@ 0x10000
10005008:	2001      	movs	r0, #1
1000500a:	490a      	ldr	r1, [pc, #40]	@ (10005034 <dcd_init+0x94>)
1000500c:	4b0a      	ldr	r3, [pc, #40]	@ (10005038 <dcd_init+0x98>)
1000500e:	6420      	str	r0, [r4, #64]	@ 0x40
10005010:	f8c4 c04c 	str.w	ip, [r4, #76]	@ 0x4c
10005014:	f8c4 1090 	str.w	r1, [r4, #144]	@ 0x90
10005018:	64da      	str	r2, [r3, #76]	@ 0x4c
1000501a:	bd10      	pop	{r4, pc}
1000501c:	50110000 	.word	0x50110000
10005020:	20000399 	.word	0x20000399
10005024:	200027cc 	.word	0x200027cc
10005028:	50100084 	.word	0x50100084
1000502c:	50100000 	.word	0x50100000
10005030:	50100100 	.word	0x50100100
10005034:	0001d010 	.word	0x0001d010
10005038:	50112000 	.word	0x50112000

1000503c <dcd_int_enable>:
1000503c:	2101      	movs	r1, #1
1000503e:	200e      	movs	r0, #14
10005040:	f7fc b910 	b.w	10001264 <irq_set_enabled>

10005044 <dcd_set_address>:
10005044:	2200      	movs	r2, #0
10005046:	4802      	ldr	r0, [pc, #8]	@ (10005050 <dcd_set_address+0xc>)
10005048:	4611      	mov	r1, r2
1000504a:	f000 b905 	b.w	10005258 <hw_endpoint_xfer_start>
1000504e:	bf00      	nop
10005050:	200027ec 	.word	0x200027ec

10005054 <dcd_sof_enable>:
10005054:	4b04      	ldr	r3, [pc, #16]	@ (10005068 <dcd_sof_enable+0x14>)
10005056:	7019      	strb	r1, [r3, #0]
10005058:	b121      	cbz	r1, 10005064 <dcd_sof_enable+0x10>
1000505a:	f44f 3200 	mov.w	r2, #131072	@ 0x20000
1000505e:	4b03      	ldr	r3, [pc, #12]	@ (1000506c <dcd_sof_enable+0x18>)
10005060:	f8c3 2090 	str.w	r2, [r3, #144]	@ 0x90
10005064:	4770      	bx	lr
10005066:	bf00      	nop
10005068:	20002cad 	.word	0x20002cad
1000506c:	50112000 	.word	0x50112000

10005070 <dcd_edpt0_status_complete>:
10005070:	780b      	ldrb	r3, [r1, #0]
10005072:	065b      	lsls	r3, r3, #25
10005074:	d000      	beq.n	10005078 <dcd_edpt0_status_complete+0x8>
10005076:	4770      	bx	lr
10005078:	784b      	ldrb	r3, [r1, #1]
1000507a:	2b05      	cmp	r3, #5
1000507c:	d1fb      	bne.n	10005076 <dcd_edpt0_status_complete+0x6>
1000507e:	884b      	ldrh	r3, [r1, #2]
10005080:	4a01      	ldr	r2, [pc, #4]	@ (10005088 <dcd_edpt0_status_complete+0x18>)
10005082:	b2db      	uxtb	r3, r3
10005084:	6013      	str	r3, [r2, #0]
10005086:	e7f6      	b.n	10005076 <dcd_edpt0_status_complete+0x6>
10005088:	50110000 	.word	0x50110000

1000508c <dcd_edpt_open>:
1000508c:	78cb      	ldrb	r3, [r1, #3]
1000508e:	f003 0c03 	and.w	ip, r3, #3
10005092:	f1bc 0f01 	cmp.w	ip, #1
10005096:	f3c3 0001 	ubfx	r0, r3, #0, #2
1000509a:	d062      	beq.n	10005162 <dcd_edpt_open+0xd6>
1000509c:	e92d 41f0 	stmdb	sp!, {r4, r5, r6, r7, r8, lr}
100050a0:	2600      	movs	r6, #0
100050a2:	f891 e002 	ldrb.w	lr, [r1, #2]
100050a6:	4c36      	ldr	r4, [pc, #216]	@ (10005180 <dcd_edpt_open+0xf4>)
100050a8:	f00e 027f 	and.w	r2, lr, #127	@ 0x7f
100050ac:	0053      	lsls	r3, r2, #1
100050ae:	8889      	ldrh	r1, [r1, #4]
100050b0:	4698      	mov	r8, r3
100050b2:	eb03 13de 	add.w	r3, r3, lr, lsr #7
100050b6:	eb04 1343 	add.w	r3, r4, r3, lsl #5
100050ba:	ea4f 15de 	mov.w	r5, lr, lsr #7
100050be:	76d8      	strb	r0, [r3, #27]
100050c0:	f3c1 010a 	ubfx	r1, r1, #0, #11
100050c4:	f085 0001 	eor.w	r0, r5, #1
100050c8:	f883 e002 	strb.w	lr, [r3, #2]
100050cc:	8319      	strh	r1, [r3, #24]
100050ce:	7058      	strb	r0, [r3, #1]
100050d0:	70de      	strb	r6, [r3, #3]
100050d2:	00d3      	lsls	r3, r2, #3
100050d4:	2d00      	cmp	r5, #0
100050d6:	d132      	bne.n	1000513e <dcd_edpt_open+0xb2>
100050d8:	482a      	ldr	r0, [pc, #168]	@ (10005184 <dcd_edpt_open+0xf8>)
100050da:	3304      	adds	r3, #4
100050dc:	eb04 1e82 	add.w	lr, r4, r2, lsl #6
100050e0:	181f      	adds	r7, r3, r0
100050e2:	f8ce 7008 	str.w	r7, [lr, #8]
100050e6:	501e      	str	r6, [r3, r0]
100050e8:	b392      	cbz	r2, 10005150 <dcd_edpt_open+0xc4>
100050ea:	4b27      	ldr	r3, [pc, #156]	@ (10005188 <dcd_edpt_open+0xfc>)
100050ec:	eb03 03c2 	add.w	r3, r3, r2, lsl #3
100050f0:	f8ce 3004 	str.w	r3, [lr, #4]
100050f4:	313f      	adds	r1, #63	@ 0x3f
100050f6:	0989      	lsrs	r1, r1, #6
100050f8:	f1bc 0f02 	cmp.w	ip, #2
100050fc:	bf14      	ite	ne
100050fe:	018b      	lslne	r3, r1, #6
10005100:	01cb      	lsleq	r3, r1, #7
10005102:	4922      	ldr	r1, [pc, #136]	@ (1000518c <dcd_edpt_open+0x100>)
10005104:	eb08 0605 	add.w	r6, r8, r5
10005108:	680a      	ldr	r2, [r1, #0]
1000510a:	eb04 1646 	add.w	r6, r4, r6, lsl #5
1000510e:	4413      	add	r3, r2
10005110:	600b      	str	r3, [r1, #0]
10005112:	491f      	ldr	r1, [pc, #124]	@ (10005190 <dcd_edpt_open+0x104>)
10005114:	60f2      	str	r2, [r6, #12]
10005116:	428b      	cmp	r3, r1
10005118:	d82d      	bhi.n	10005176 <dcd_edpt_open+0xea>
1000511a:	eb08 0305 	add.w	r3, r8, r5
1000511e:	eb04 1443 	add.w	r4, r4, r3, lsl #5
10005122:	7ee1      	ldrb	r1, [r4, #27]
10005124:	f082 42a0 	eor.w	r2, r2, #1342177280	@ 0x50000000
10005128:	f482 1280 	eor.w	r2, r2, #1048576	@ 0x100000
1000512c:	6863      	ldr	r3, [r4, #4]
1000512e:	ea42 6281 	orr.w	r2, r2, r1, lsl #26
10005132:	f042 4200 	orr.w	r2, r2, #2147483648	@ 0x80000000
10005136:	2001      	movs	r0, #1
10005138:	601a      	str	r2, [r3, #0]
1000513a:	e8bd 81f0 	ldmia.w	sp!, {r4, r5, r6, r7, r8, pc}
1000513e:	4811      	ldr	r0, [pc, #68]	@ (10005184 <dcd_edpt_open+0xf8>)
10005140:	eb04 1e82 	add.w	lr, r4, r2, lsl #6
10005144:	4403      	add	r3, r0
10005146:	f8ce 3028 	str.w	r3, [lr, #40]	@ 0x28
1000514a:	f840 6032 	str.w	r6, [r0, r2, lsl #3]
1000514e:	b952      	cbnz	r2, 10005166 <dcd_edpt_open+0xda>
10005150:	4613      	mov	r3, r2
10005152:	4a10      	ldr	r2, [pc, #64]	@ (10005194 <dcd_edpt_open+0x108>)
10005154:	eb04 1445 	add.w	r4, r4, r5, lsl #5
10005158:	2001      	movs	r0, #1
1000515a:	60e2      	str	r2, [r4, #12]
1000515c:	6063      	str	r3, [r4, #4]
1000515e:	e8bd 81f0 	ldmia.w	sp!, {r4, r5, r6, r7, r8, pc}
10005162:	2000      	movs	r0, #0
10005164:	4770      	bx	lr
10005166:	00d2      	lsls	r2, r2, #3
10005168:	f102 42a0 	add.w	r2, r2, #1342177280	@ 0x50000000
1000516c:	f502 1280 	add.w	r2, r2, #1048576	@ 0x100000
10005170:	f8ce 2024 	str.w	r2, [lr, #36]	@ 0x24
10005174:	e7be      	b.n	100050f4 <dcd_edpt_open+0x68>
10005176:	f7fd f947 	bl	10002408 <hard_assertion_failure>
1000517a:	68f2      	ldr	r2, [r6, #12]
1000517c:	e7cd      	b.n	1000511a <dcd_edpt_open+0x8e>
1000517e:	bf00      	nop
10005180:	200027cc 	.word	0x200027cc
10005184:	50100080 	.word	0x50100080
10005188:	50100004 	.word	0x50100004
1000518c:	20002bd4 	.word	0x20002bd4
10005190:	50100fff 	.word	0x50100fff
10005194:	50100100 	.word	0x50100100

10005198 <dcd_edpt_close_all>:
10005198:	f005 befa 	b.w	1000af90 <__reset_non_control_endpoints_veneer>

1000519c <dcd_edpt_xfer>:
1000519c:	b508      	push	{r3, lr}
1000519e:	4696      	mov	lr, r2
100051a0:	f8df c01c 	ldr.w	ip, [pc, #28]	@ 100051c0 <dcd_edpt_xfer+0x24>
100051a4:	f001 027f 	and.w	r2, r1, #127	@ 0x7f
100051a8:	09c8      	lsrs	r0, r1, #7
100051aa:	eb00 0042 	add.w	r0, r0, r2, lsl #1
100051ae:	eb0c 1040 	add.w	r0, ip, r0, lsl #5
100051b2:	461a      	mov	r2, r3
100051b4:	4671      	mov	r1, lr
100051b6:	f000 f84f 	bl	10005258 <hw_endpoint_xfer_start>
100051ba:	2001      	movs	r0, #1
100051bc:	bd08      	pop	{r3, pc}
100051be:	bf00      	nop
100051c0:	200027cc 	.word	0x200027cc

100051c4 <dcd_edpt_stall>:
100051c4:	f011 027f 	ands.w	r2, r1, #127	@ 0x7f
100051c8:	d105      	bne.n	100051d6 <dcd_edpt_stall+0x12>
100051ca:	2900      	cmp	r1, #0
100051cc:	bf0c      	ite	eq
100051ce:	2002      	moveq	r0, #2
100051d0:	2001      	movne	r0, #1
100051d2:	4b06      	ldr	r3, [pc, #24]	@ (100051ec <dcd_edpt_stall+0x28>)
100051d4:	6698      	str	r0, [r3, #104]	@ 0x68
100051d6:	09c9      	lsrs	r1, r1, #7
100051d8:	4b05      	ldr	r3, [pc, #20]	@ (100051f0 <dcd_edpt_stall+0x2c>)
100051da:	eb01 0042 	add.w	r0, r1, r2, lsl #1
100051de:	eb03 1040 	add.w	r0, r3, r0, lsl #5
100051e2:	f44f 6200 	mov.w	r2, #2048	@ 0x800
100051e6:	2100      	movs	r1, #0
100051e8:	f005 bed6 	b.w	1000af98 <___hw_endpoint_buffer_control_update32_veneer>
100051ec:	50112000 	.word	0x50112000
100051f0:	200027cc 	.word	0x200027cc

100051f4 <dcd_edpt_clear_stall>:
100051f4:	f011 037f 	ands.w	r3, r1, #127	@ 0x7f
100051f8:	d100      	bne.n	100051fc <dcd_edpt_clear_stall+0x8>
100051fa:	4770      	bx	lr
100051fc:	2200      	movs	r2, #0
100051fe:	4805      	ldr	r0, [pc, #20]	@ (10005214 <dcd_edpt_clear_stall+0x20>)
10005200:	005b      	lsls	r3, r3, #1
10005202:	eb03 13d1 	add.w	r3, r3, r1, lsr #7
10005206:	eb00 1043 	add.w	r0, r0, r3, lsl #5
1000520a:	f46f 6100 	mvn.w	r1, #2048	@ 0x800
1000520e:	70c2      	strb	r2, [r0, #3]
10005210:	f005 bec2 	b.w	1000af98 <___hw_endpoint_buffer_control_update32_veneer>
10005214:	200027cc 	.word	0x200027cc

10005218 <rp2040_usb_init>:
10005218:	f04f 5280 	mov.w	r2, #268435456	@ 0x10000000
1000521c:	4809      	ldr	r0, [pc, #36]	@ (10005244 <rp2040_usb_init+0x2c>)
1000521e:	490a      	ldr	r1, [pc, #40]	@ (10005248 <rp2040_usb_init+0x30>)
10005220:	b508      	push	{r3, lr}
10005222:	4b0a      	ldr	r3, [pc, #40]	@ (1000524c <rp2040_usb_init+0x34>)
10005224:	6002      	str	r2, [r0, #0]
10005226:	600a      	str	r2, [r1, #0]
10005228:	6899      	ldr	r1, [r3, #8]
1000522a:	43c9      	mvns	r1, r1
1000522c:	f011 5180 	ands.w	r1, r1, #268435456	@ 0x10000000
10005230:	d1fa      	bne.n	10005228 <rp2040_usb_init+0x10>
10005232:	f44f 5280 	mov.w	r2, #4096	@ 0x1000
10005236:	4806      	ldr	r0, [pc, #24]	@ (10005250 <rp2040_usb_init+0x38>)
10005238:	f003 fe7e 	bl	10008f38 <memset>
1000523c:	2209      	movs	r2, #9
1000523e:	4b05      	ldr	r3, [pc, #20]	@ (10005254 <rp2040_usb_init+0x3c>)
10005240:	675a      	str	r2, [r3, #116]	@ 0x74
10005242:	bd08      	pop	{r3, pc}
10005244:	40022000 	.word	0x40022000
10005248:	40023000 	.word	0x40023000
1000524c:	40020000 	.word	0x40020000
10005250:	50100000 	.word	0x50100000
10005254:	50110000 	.word	0x50110000

10005258 <hw_endpoint_xfer_start>:
10005258:	2300      	movs	r3, #0
1000525a:	f04f 0c01 	mov.w	ip, #1
1000525e:	b510      	push	{r4, lr}
10005260:	6101      	str	r1, [r0, #16]
10005262:	f880 c01a 	strb.w	ip, [r0, #26]
10005266:	8282      	strh	r2, [r0, #20]
10005268:	82c3      	strh	r3, [r0, #22]
1000526a:	4604      	mov	r4, r0
1000526c:	f005 fea0 	bl	1000afb0 <__e15_is_bulkin_ep_veneer>
10005270:	b120      	cbz	r0, 1000527c <hw_endpoint_xfer_start+0x24>
10005272:	f44f 3200 	mov.w	r2, #131072	@ 0x20000
10005276:	4b07      	ldr	r3, [pc, #28]	@ (10005294 <hw_endpoint_xfer_start+0x3c>)
10005278:	f8c3 2090 	str.w	r2, [r3, #144]	@ 0x90
1000527c:	4620      	mov	r0, r4
1000527e:	f005 fe7b 	bl	1000af78 <__e15_is_critical_frame_period_veneer>
10005282:	b110      	cbz	r0, 1000528a <hw_endpoint_xfer_start+0x32>
10005284:	2301      	movs	r3, #1
10005286:	7723      	strb	r3, [r4, #28]
10005288:	bd10      	pop	{r4, pc}
1000528a:	4620      	mov	r0, r4
1000528c:	e8bd 4010 	ldmia.w	sp!, {r4, lr}
10005290:	f005 be6a 	b.w	1000af68 <__hw_endpoint_start_next_buffer_veneer>
10005294:	50112000 	.word	0x50112000

10005298 <configuration_reset>:
10005298:	e92d 41f0 	stmdb	sp!, {r4, r5, r6, r7, r8, lr}
1000529c:	2400      	movs	r4, #0
1000529e:	4d1c      	ldr	r5, [pc, #112]	@ (10005310 <configuration_reset+0x78>)
100052a0:	4606      	mov	r6, r0
100052a2:	4623      	mov	r3, r4
100052a4:	782a      	ldrb	r2, [r5, #0]
100052a6:	f8df 8078 	ldr.w	r8, [pc, #120]	@ 10005320 <configuration_reset+0x88>
100052aa:	4f1a      	ldr	r7, [pc, #104]	@ (10005314 <configuration_reset+0x7c>)
100052ac:	e00d      	b.n	100052ca <configuration_reset+0x32>
100052ae:	683b      	ldr	r3, [r7, #0]
100052b0:	eb13 1344 	adds.w	r3, r3, r4, lsl #5
100052b4:	d023      	beq.n	100052fe <configuration_reset+0x66>
100052b6:	68db      	ldr	r3, [r3, #12]
100052b8:	4630      	mov	r0, r6
100052ba:	4798      	blx	r3
100052bc:	782a      	ldrb	r2, [r5, #0]
100052be:	3401      	adds	r4, #1
100052c0:	b2e4      	uxtb	r4, r4
100052c2:	1c51      	adds	r1, r2, #1
100052c4:	42a1      	cmp	r1, r4
100052c6:	4623      	mov	r3, r4
100052c8:	db06      	blt.n	100052d8 <configuration_reset+0x40>
100052ca:	42a2      	cmp	r2, r4
100052cc:	eba3 0302 	sub.w	r3, r3, r2
100052d0:	d8ed      	bhi.n	100052ae <configuration_reset+0x16>
100052d2:	eb08 1343 	add.w	r3, r8, r3, lsl #5
100052d6:	e7ee      	b.n	100052b6 <configuration_reset+0x1e>
100052d8:	2254      	movs	r2, #84	@ 0x54
100052da:	2100      	movs	r1, #0
100052dc:	480e      	ldr	r0, [pc, #56]	@ (10005318 <configuration_reset+0x80>)
100052de:	f003 fe2b 	bl	10008f38 <memset>
100052e2:	f04f 33ff 	mov.w	r3, #4294967295	@ 0xffffffff
100052e6:	4c0c      	ldr	r4, [pc, #48]	@ (10005318 <configuration_reset+0x80>)
100052e8:	2220      	movs	r2, #32
100052ea:	e9c4 3301 	strd	r3, r3, [r4, #4]
100052ee:	e9c4 3303 	strd	r3, r3, [r4, #12]
100052f2:	21ff      	movs	r1, #255	@ 0xff
100052f4:	e8bd 41f0 	ldmia.w	sp!, {r4, r5, r6, r7, r8, lr}
100052f8:	4808      	ldr	r0, [pc, #32]	@ (1000531c <configuration_reset+0x84>)
100052fa:	f003 be1d 	b.w	10008f38 <memset>
100052fe:	f04f 23e0 	mov.w	r3, #3758153728	@ 0xe000e000
10005302:	f8d3 3df0 	ldr.w	r3, [r3, #3568]	@ 0xdf0
10005306:	07db      	lsls	r3, r3, #31
10005308:	d500      	bpl.n	1000530c <configuration_reset+0x74>
1000530a:	be00      	bkpt	0x0000
1000530c:	e8bd 81f0 	ldmia.w	sp!, {r4, r5, r6, r7, r8, pc}
10005310:	20002cac 	.word	0x20002cac
10005314:	200021e0 	.word	0x200021e0
10005318:	200022e8 	.word	0x200022e8
1000531c:	200022fc 	.word	0x200022fc
10005320:	1000b5fc 	.word	0x1000b5fc

10005324 <tud_event_hook_cb>:
10005324:	4770      	bx	lr
10005326:	bf00      	nop

10005328 <tud_sof_cb>:
10005328:	4770      	bx	lr
1000532a:	bf00      	nop

1000532c <tud_descriptor_device_qualifier_cb>:
1000532c:	2000      	movs	r0, #0
1000532e:	4770      	bx	lr

10005330 <tud_descriptor_other_speed_configuration_cb>:
10005330:	2000      	movs	r0, #0
10005332:	4770      	bx	lr

10005334 <tud_mount_cb>:
10005334:	4770      	bx	lr
10005336:	bf00      	nop

10005338 <tud_umount_cb>:
10005338:	4770      	bx	lr
1000533a:	bf00      	nop

1000533c <tud_suspend_cb>:
1000533c:	4770      	bx	lr
1000533e:	bf00      	nop

10005340 <tud_resume_cb>:
10005340:	4770      	bx	lr
10005342:	bf00      	nop

10005344 <tud_mounted>:
10005344:	4b02      	ldr	r3, [pc, #8]	@ (10005350 <tud_mounted+0xc>)
10005346:	7858      	ldrb	r0, [r3, #1]
10005348:	3800      	subs	r0, #0
1000534a:	bf18      	it	ne
1000534c:	2001      	movne	r0, #1
1000534e:	4770      	bx	lr
10005350:	200022e8 	.word	0x200022e8

10005354 <tud_suspended>:
10005354:	4b02      	ldr	r3, [pc, #8]	@ (10005360 <tud_suspended+0xc>)
10005356:	7818      	ldrb	r0, [r3, #0]
10005358:	f3c0 0080 	ubfx	r0, r0, #2, #1
1000535c:	4770      	bx	lr
1000535e:	bf00      	nop
10005360:	200022e8 	.word	0x200022e8

10005364 <tud_rhport_init>:
10005364:	e92d 47f0 	stmdb	sp!, {r4, r5, r6, r7, r8, r9, sl, lr}
10005368:	f8df 80e4 	ldr.w	r8, [pc, #228]	@ 10005450 <tud_rhport_init+0xec>
1000536c:	f898 3000 	ldrb.w	r3, [r8]
10005370:	2bff      	cmp	r3, #255	@ 0xff
10005372:	d153      	bne.n	1000541c <tud_rhport_init+0xb8>
10005374:	2900      	cmp	r1, #0
10005376:	d03c      	beq.n	100053f2 <tud_rhport_init+0x8e>
10005378:	2254      	movs	r2, #84	@ 0x54
1000537a:	468a      	mov	sl, r1
1000537c:	4681      	mov	r9, r0
1000537e:	2100      	movs	r1, #0
10005380:	4828      	ldr	r0, [pc, #160]	@ (10005424 <tud_rhport_init+0xc0>)
10005382:	f003 fdd9 	bl	10008f38 <memset>
10005386:	2200      	movs	r2, #0
10005388:	4c27      	ldr	r4, [pc, #156]	@ (10005428 <tud_rhport_init+0xc4>)
1000538a:	4b28      	ldr	r3, [pc, #160]	@ (1000542c <tud_rhport_init+0xc8>)
1000538c:	4620      	mov	r0, r4
1000538e:	701a      	strb	r2, [r3, #0]
10005390:	f7fc f984 	bl	1000169c <mutex_init>
10005394:	4b26      	ldr	r3, [pc, #152]	@ (10005430 <tud_rhport_init+0xcc>)
10005396:	4827      	ldr	r0, [pc, #156]	@ (10005434 <tud_rhport_init+0xd0>)
10005398:	601c      	str	r4, [r3, #0]
1000539a:	4c27      	ldr	r4, [pc, #156]	@ (10005438 <tud_rhport_init+0xd4>)
1000539c:	f7fc f98c 	bl	100016b8 <critical_section_init>
100053a0:	4620      	mov	r0, r4
100053a2:	f001 fe17 	bl	10006fd4 <tu_fifo_clear>
100053a6:	4a25      	ldr	r2, [pc, #148]	@ (1000543c <tud_rhport_init+0xd8>)
100053a8:	4b25      	ldr	r3, [pc, #148]	@ (10005440 <tud_rhport_init+0xdc>)
100053aa:	6014      	str	r4, [r2, #0]
100053ac:	b123      	cbz	r3, 100053b8 <tud_rhport_init+0x54>
100053ae:	4825      	ldr	r0, [pc, #148]	@ (10005444 <tud_rhport_init+0xe0>)
100053b0:	f7ff faa2 	bl	100048f8 <usbd_app_driver_get_cb>
100053b4:	4b24      	ldr	r3, [pc, #144]	@ (10005448 <tud_rhport_init+0xe4>)
100053b6:	6018      	str	r0, [r3, #0]
100053b8:	2400      	movs	r4, #0
100053ba:	4d22      	ldr	r5, [pc, #136]	@ (10005444 <tud_rhport_init+0xe0>)
100053bc:	4623      	mov	r3, r4
100053be:	782a      	ldrb	r2, [r5, #0]
100053c0:	4f22      	ldr	r7, [pc, #136]	@ (1000544c <tud_rhport_init+0xe8>)
100053c2:	4e21      	ldr	r6, [pc, #132]	@ (10005448 <tud_rhport_init+0xe4>)
100053c4:	e00d      	b.n	100053e2 <tud_rhport_init+0x7e>
100053c6:	6833      	ldr	r3, [r6, #0]
100053c8:	eb13 1344 	adds.w	r3, r3, r4, lsl #5
100053cc:	d011      	beq.n	100053f2 <tud_rhport_init+0x8e>
100053ce:	685b      	ldr	r3, [r3, #4]
100053d0:	b17b      	cbz	r3, 100053f2 <tud_rhport_init+0x8e>
100053d2:	4798      	blx	r3
100053d4:	782a      	ldrb	r2, [r5, #0]
100053d6:	3401      	adds	r4, #1
100053d8:	b2e4      	uxtb	r4, r4
100053da:	1c51      	adds	r1, r2, #1
100053dc:	42a1      	cmp	r1, r4
100053de:	4623      	mov	r3, r4
100053e0:	db11      	blt.n	10005406 <tud_rhport_init+0xa2>
100053e2:	42a2      	cmp	r2, r4
100053e4:	d8ef      	bhi.n	100053c6 <tud_rhport_init+0x62>
100053e6:	1a9b      	subs	r3, r3, r2
100053e8:	eb07 1343 	add.w	r3, r7, r3, lsl #5
100053ec:	685b      	ldr	r3, [r3, #4]
100053ee:	2b00      	cmp	r3, #0
100053f0:	d1ef      	bne.n	100053d2 <tud_rhport_init+0x6e>
100053f2:	f04f 23e0 	mov.w	r3, #3758153728	@ 0xe000e000
100053f6:	f8d3 3df0 	ldr.w	r3, [r3, #3568]	@ 0xdf0
100053fa:	07db      	lsls	r3, r3, #31
100053fc:	d500      	bpl.n	10005400 <tud_rhport_init+0x9c>
100053fe:	be00      	bkpt	0x0000
10005400:	2000      	movs	r0, #0
10005402:	e8bd 87f0 	ldmia.w	sp!, {r4, r5, r6, r7, r8, r9, sl, pc}
10005406:	4651      	mov	r1, sl
10005408:	4648      	mov	r0, r9
1000540a:	f888 9000 	strb.w	r9, [r8]
1000540e:	f7ff fdc7 	bl	10004fa0 <dcd_init>
10005412:	2800      	cmp	r0, #0
10005414:	d0ed      	beq.n	100053f2 <tud_rhport_init+0x8e>
10005416:	4648      	mov	r0, r9
10005418:	f7ff fe10 	bl	1000503c <dcd_int_enable>
1000541c:	2001      	movs	r0, #1
1000541e:	e8bd 87f0 	ldmia.w	sp!, {r4, r5, r6, r7, r8, r9, sl, pc}
10005422:	bf00      	nop
10005424:	200022e8 	.word	0x200022e8
10005428:	200022e0 	.word	0x200022e0
1000542c:	20002cae 	.word	0x20002cae
10005430:	2000233c 	.word	0x2000233c
10005434:	20001560 	.word	0x20001560
10005438:	2000154c 	.word	0x2000154c
1000543c:	20002340 	.word	0x20002340
10005440:	100048f9 	.word	0x100048f9
10005444:	20002cac 	.word	0x20002cac
10005448:	200021e0 	.word	0x200021e0
1000544c:	1000b5fc 	.word	0x1000b5fc
10005450:	20001568 	.word	0x20001568

10005454 <tud_task_ext>:
10005454:	4b95      	ldr	r3, [pc, #596]	@ (100056ac <tud_task_ext+0x258>)
10005456:	781b      	ldrb	r3, [r3, #0]
10005458:	2bff      	cmp	r3, #255	@ 0xff
1000545a:	f000 8119 	beq.w	10005690 <tud_task_ext+0x23c>
1000545e:	e92d 4ff0 	stmdb	sp!, {r4, r5, r6, r7, r8, r9, sl, fp, lr}
10005462:	4c93      	ldr	r4, [pc, #588]	@ (100056b0 <tud_task_ext+0x25c>)
10005464:	4d93      	ldr	r5, [pc, #588]	@ (100056b4 <tud_task_ext+0x260>)
10005466:	f8df 8260 	ldr.w	r8, [pc, #608]	@ 100056c8 <tud_task_ext+0x274>
1000546a:	4f93      	ldr	r7, [pc, #588]	@ (100056b8 <tud_task_ext+0x264>)
1000546c:	b08b      	sub	sp, #44	@ 0x2c
1000546e:	6826      	ldr	r6, [r4, #0]
10005470:	6973      	ldr	r3, [r6, #20]
10005472:	f3ef 8210 	mrs	r2, PRIMASK
10005476:	b672      	cpsid	i
10005478:	e8d3 0fcf 	ldaexb	r0, [r3]
1000547c:	2101      	movs	r1, #1
1000547e:	2800      	cmp	r0, #0
10005480:	d1fa      	bne.n	10005478 <tud_task_ext+0x24>
10005482:	e8c3 1f40 	strexb	r0, r1, [r3]
10005486:	2800      	cmp	r0, #0
10005488:	d1f6      	bne.n	10005478 <tud_task_ext+0x24>
1000548a:	f3bf 8f5f 	dmb	sy
1000548e:	61b2      	str	r2, [r6, #24]
10005490:	4630      	mov	r0, r6
10005492:	a907      	add	r1, sp, #28
10005494:	f001 fbe4 	bl	10006c60 <tu_fifo_read>
10005498:	2300      	movs	r3, #0
1000549a:	6972      	ldr	r2, [r6, #20]
1000549c:	e8c2 3f8f 	stlb	r3, [r2]
100054a0:	69b3      	ldr	r3, [r6, #24]
100054a2:	f383 8810 	msr	PRIMASK, r3
100054a6:	2800      	cmp	r0, #0
100054a8:	f000 80ca 	beq.w	10005640 <tud_task_ext+0x1ec>
100054ac:	f89d 301d 	ldrb.w	r3, [sp, #29]
100054b0:	3b01      	subs	r3, #1
100054b2:	2b07      	cmp	r3, #7
100054b4:	f200 839e 	bhi.w	10005bf4 <tud_task_ext+0x7a0>
100054b8:	e8df f003 	tbb	[pc, r3]
100054bc:	9b93afa5 	.word	0x9b93afa5
100054c0:	040a358c 	.word	0x040a358c
100054c4:	9b08      	ldr	r3, [sp, #32]
100054c6:	2b00      	cmp	r3, #0
100054c8:	d0d1      	beq.n	1000546e <tud_task_ext+0x1a>
100054ca:	9809      	ldr	r0, [sp, #36]	@ 0x24
100054cc:	4798      	blx	r3
100054ce:	e7ce      	b.n	1000546e <tud_task_ext+0x1a>
100054d0:	f89d 1020 	ldrb.w	r1, [sp, #32]
100054d4:	f001 067f 	and.w	r6, r1, #127	@ 0x7f
100054d8:	eb05 0046 	add.w	r0, r5, r6, lsl #1
100054dc:	eb00 10d1 	add.w	r0, r0, r1, lsr #7
100054e0:	f890 3034 	ldrb.w	r3, [r0, #52]	@ 0x34
100054e4:	f023 0301 	bic.w	r3, r3, #1
100054e8:	f880 3034 	strb.w	r3, [r0, #52]	@ 0x34
100054ec:	f890 3034 	ldrb.w	r3, [r0, #52]	@ 0x34
100054f0:	f023 0304 	bic.w	r3, r3, #4
100054f4:	f880 3034 	strb.w	r3, [r0, #52]	@ 0x34
100054f8:	2e00      	cmp	r6, #0
100054fa:	f000 80a4 	beq.w	10005646 <tud_task_ext+0x1f2>
100054fe:	7d03      	ldrb	r3, [r0, #20]
10005500:	f898 2000 	ldrb.w	r2, [r8]
10005504:	4293      	cmp	r3, r2
10005506:	f080 8091 	bcs.w	1000562c <tud_task_ext+0x1d8>
1000550a:	4a6c      	ldr	r2, [pc, #432]	@ (100056bc <tud_task_ext+0x268>)
1000550c:	6812      	ldr	r2, [r2, #0]
1000550e:	eb12 1343 	adds.w	r3, r2, r3, lsl #5
10005512:	f000 808e 	beq.w	10005632 <tud_task_ext+0x1de>
10005516:	699e      	ldr	r6, [r3, #24]
10005518:	f89d 2021 	ldrb.w	r2, [sp, #33]	@ 0x21
1000551c:	9b09      	ldr	r3, [sp, #36]	@ 0x24
1000551e:	f89d 001c 	ldrb.w	r0, [sp, #28]
10005522:	47b0      	blx	r6
10005524:	e7a3      	b.n	1000546e <tud_task_ext+0x1a>
10005526:	783b      	ldrb	r3, [r7, #0]
10005528:	2b00      	cmp	r3, #0
1000552a:	f000 8082 	beq.w	10005632 <tud_task_ext+0x1de>
1000552e:	783b      	ldrb	r3, [r7, #0]
10005530:	3b01      	subs	r3, #1
10005532:	703b      	strb	r3, [r7, #0]
10005534:	783b      	ldrb	r3, [r7, #0]
10005536:	f003 00ff 	and.w	r0, r3, #255	@ 0xff
1000553a:	2b00      	cmp	r3, #0
1000553c:	d197      	bne.n	1000546e <tud_task_ext+0x1a>
1000553e:	f8df a174 	ldr.w	sl, [pc, #372]	@ 100056b4 <tud_task_ext+0x260>
10005542:	f89d b01c 	ldrb.w	fp, [sp, #28]
10005546:	f89a 3000 	ldrb.w	r3, [sl]
1000554a:	f043 0301 	orr.w	r3, r3, #1
1000554e:	f88a 3000 	strb.w	r3, [sl]
10005552:	f89a 3034 	ldrb.w	r3, [sl, #52]	@ 0x34
10005556:	f360 0300 	bfi	r3, r0, #0, #1
1000555a:	f88a 3034 	strb.w	r3, [sl, #52]	@ 0x34
1000555e:	f89a 3034 	ldrb.w	r3, [sl, #52]	@ 0x34
10005562:	f360 0382 	bfi	r3, r0, #2, #1
10005566:	f88a 3034 	strb.w	r3, [sl, #52]	@ 0x34
1000556a:	f89a 3035 	ldrb.w	r3, [sl, #53]	@ 0x35
1000556e:	f360 0300 	bfi	r3, r0, #0, #1
10005572:	f88a 3035 	strb.w	r3, [sl, #53]	@ 0x35
10005576:	f89a 3035 	ldrb.w	r3, [sl, #53]	@ 0x35
1000557a:	f360 0382 	bfi	r3, r0, #2, #1
1000557e:	f88a 3035 	strb.w	r3, [sl, #53]	@ 0x35
10005582:	f000 fca7 	bl	10005ed4 <usbd_control_set_complete_callback>
10005586:	f89d 3020 	ldrb.w	r3, [sp, #32]
1000558a:	f003 0260 	and.w	r2, r3, #96	@ 0x60
1000558e:	2a60      	cmp	r2, #96	@ 0x60
10005590:	d06c      	beq.n	1000566c <tud_task_ext+0x218>
10005592:	2a40      	cmp	r2, #64	@ 0x40
10005594:	d07d      	beq.n	10005692 <tud_task_ext+0x23e>
10005596:	f003 031f 	and.w	r3, r3, #31
1000559a:	2b01      	cmp	r3, #1
1000559c:	f000 80c3 	beq.w	10005726 <tud_task_ext+0x2d2>
100055a0:	2b02      	cmp	r3, #2
100055a2:	f000 8093 	beq.w	100056cc <tud_task_ext+0x278>
100055a6:	2b00      	cmp	r3, #0
100055a8:	d160      	bne.n	1000566c <tud_task_ext+0x218>
100055aa:	2a20      	cmp	r2, #32
100055ac:	f000 8202 	beq.w	100059b4 <tud_task_ext+0x560>
100055b0:	2a00      	cmp	r2, #0
100055b2:	d15b      	bne.n	1000566c <tud_task_ext+0x218>
100055b4:	f89d 3021 	ldrb.w	r3, [sp, #33]	@ 0x21
100055b8:	2b09      	cmp	r3, #9
100055ba:	d857      	bhi.n	1000566c <tud_task_ext+0x218>
100055bc:	e8df f013 	tbh	[pc, r3, lsl #1]
100055c0:	01af01bf 	.word	0x01af01bf
100055c4:	01d10056 	.word	0x01d10056
100055c8:	01a00056 	.word	0x01a00056
100055cc:	00560176 	.word	0x00560176
100055d0:	00f9016a 	.word	0x00f9016a
100055d4:	782b      	ldrb	r3, [r5, #0]
100055d6:	07d9      	lsls	r1, r3, #31
100055d8:	f57f af49 	bpl.w	1000546e <tud_task_ext+0x1a>
100055dc:	f7ff feb0 	bl	10005340 <tud_resume_cb>
100055e0:	e745      	b.n	1000546e <tud_task_ext+0x1a>
100055e2:	78eb      	ldrb	r3, [r5, #3]
100055e4:	07da      	lsls	r2, r3, #31
100055e6:	f57f af42 	bpl.w	1000546e <tud_task_ext+0x1a>
100055ea:	9808      	ldr	r0, [sp, #32]
100055ec:	f7ff fe9c 	bl	10005328 <tud_sof_cb>
100055f0:	e73d      	b.n	1000546e <tud_task_ext+0x1a>
100055f2:	782b      	ldrb	r3, [r5, #0]
100055f4:	07d8      	lsls	r0, r3, #31
100055f6:	f57f af3a 	bpl.w	1000546e <tud_task_ext+0x1a>
100055fa:	7828      	ldrb	r0, [r5, #0]
100055fc:	f3c0 00c0 	ubfx	r0, r0, #3, #1
10005600:	f7ff fe9c 	bl	1000533c <tud_suspend_cb>
10005604:	e733      	b.n	1000546e <tud_task_ext+0x1a>
10005606:	f89d 001c 	ldrb.w	r0, [sp, #28]
1000560a:	f7ff fe45 	bl	10005298 <configuration_reset>
1000560e:	f000 fc57 	bl	10005ec0 <usbd_control_reset>
10005612:	f89d 3020 	ldrb.w	r3, [sp, #32]
10005616:	70ab      	strb	r3, [r5, #2]
10005618:	e729      	b.n	1000546e <tud_task_ext+0x1a>
1000561a:	f89d 001c 	ldrb.w	r0, [sp, #28]
1000561e:	f7ff fe3b 	bl	10005298 <configuration_reset>
10005622:	f000 fc4d 	bl	10005ec0 <usbd_control_reset>
10005626:	f7ff fe87 	bl	10005338 <tud_umount_cb>
1000562a:	e720      	b.n	1000546e <tud_task_ext+0x1a>
1000562c:	1c50      	adds	r0, r2, #1
1000562e:	4298      	cmp	r0, r3
10005630:	da11      	bge.n	10005656 <tud_task_ext+0x202>
10005632:	f04f 23e0 	mov.w	r3, #3758153728	@ 0xe000e000
10005636:	f8d3 3df0 	ldr.w	r3, [r3, #3568]	@ 0xdf0
1000563a:	07dc      	lsls	r4, r3, #31
1000563c:	d500      	bpl.n	10005640 <tud_task_ext+0x1ec>
1000563e:	be00      	bkpt	0x0000
10005640:	b00b      	add	sp, #44	@ 0x2c
10005642:	e8bd 8ff0 	ldmia.w	sp!, {r4, r5, r6, r7, r8, r9, sl, fp, pc}
10005646:	9b09      	ldr	r3, [sp, #36]	@ 0x24
10005648:	f89d 2021 	ldrb.w	r2, [sp, #33]	@ 0x21
1000564c:	f89d 001c 	ldrb.w	r0, [sp, #28]
10005650:	f000 fc54 	bl	10005efc <usbd_control_xfer_cb>
10005654:	e70b      	b.n	1000546e <tud_task_ext+0x1a>
10005656:	1a9b      	subs	r3, r3, r2
10005658:	4a19      	ldr	r2, [pc, #100]	@ (100056c0 <tud_task_ext+0x26c>)
1000565a:	eb02 1343 	add.w	r3, r2, r3, lsl #5
1000565e:	e75a      	b.n	10005516 <tud_task_ext+0xc2>
10005660:	f7ff fb7c 	bl	10004d5c <tud_descriptor_configuration_cb>
10005664:	4602      	mov	r2, r0
10005666:	2800      	cmp	r0, #0
10005668:	f040 8194 	bne.w	10005994 <tud_task_ext+0x540>
1000566c:	f04f 23e0 	mov.w	r3, #3758153728	@ 0xe000e000
10005670:	f8d3 3df0 	ldr.w	r3, [r3, #3568]	@ 0xdf0
10005674:	07de      	lsls	r6, r3, #31
10005676:	d500      	bpl.n	1000567a <tud_task_ext+0x226>
10005678:	be00      	bkpt	0x0000
1000567a:	f89d 001c 	ldrb.w	r0, [sp, #28]
1000567e:	2100      	movs	r1, #0
10005680:	f7ff fda0 	bl	100051c4 <dcd_edpt_stall>
10005684:	2180      	movs	r1, #128	@ 0x80
10005686:	f89d 001c 	ldrb.w	r0, [sp, #28]
1000568a:	f7ff fd9b 	bl	100051c4 <dcd_edpt_stall>
1000568e:	e6ee      	b.n	1000546e <tud_task_ext+0x1a>
10005690:	4770      	bx	lr
10005692:	480c      	ldr	r0, [pc, #48]	@ (100056c4 <tud_task_ext+0x270>)
10005694:	f000 fc1e 	bl	10005ed4 <usbd_control_set_complete_callback>
10005698:	2101      	movs	r1, #1
1000569a:	4658      	mov	r0, fp
1000569c:	aa08      	add	r2, sp, #32
1000569e:	f7ff f917 	bl	100048d0 <tud_vendor_control_xfer_cb>
100056a2:	2800      	cmp	r0, #0
100056a4:	f47f aee3 	bne.w	1000546e <tud_task_ext+0x1a>
100056a8:	e7e7      	b.n	1000567a <tud_task_ext+0x226>
100056aa:	bf00      	nop
100056ac:	20001568 	.word	0x20001568
100056b0:	20002340 	.word	0x20002340
100056b4:	200022e8 	.word	0x200022e8
100056b8:	20002cae 	.word	0x20002cae
100056bc:	200021e0 	.word	0x200021e0
100056c0:	1000b5fc 	.word	0x1000b5fc
100056c4:	100048d1 	.word	0x100048d1
100056c8:	20002cac 	.word	0x20002cac
100056cc:	f89d 1024 	ldrb.w	r1, [sp, #36]	@ 0x24
100056d0:	f011 0f70 	tst.w	r1, #112	@ 0x70
100056d4:	d1ca      	bne.n	1000566c <tud_task_ext+0x218>
100056d6:	48b4      	ldr	r0, [pc, #720]	@ (100059a8 <tud_task_ext+0x554>)
100056d8:	f001 037f 	and.w	r3, r1, #127	@ 0x7f
100056dc:	f890 c000 	ldrb.w	ip, [r0]
100056e0:	eb0a 0043 	add.w	r0, sl, r3, lsl #1
100056e4:	eb00 10d1 	add.w	r0, r0, r1, lsr #7
100056e8:	7d00      	ldrb	r0, [r0, #20]
100056ea:	4560      	cmp	r0, ip
100056ec:	d34d      	bcc.n	1000578a <tud_task_ext+0x336>
100056ee:	f10c 0e01 	add.w	lr, ip, #1
100056f2:	4586      	cmp	lr, r0
100056f4:	f2c0 8170 	blt.w	100059d8 <tud_task_ext+0x584>
100056f8:	eba0 000c 	sub.w	r0, r0, ip
100056fc:	f8df c2ac 	ldr.w	ip, [pc, #684]	@ 100059ac <tud_task_ext+0x558>
10005700:	eb0c 1040 	add.w	r0, ip, r0, lsl #5
10005704:	9000      	str	r0, [sp, #0]
10005706:	2a00      	cmp	r2, #0
10005708:	f000 816a 	beq.w	100059e0 <tud_task_ext+0x58c>
1000570c:	9e00      	ldr	r6, [sp, #0]
1000570e:	6970      	ldr	r0, [r6, #20]
10005710:	f000 fbe0 	bl	10005ed4 <usbd_control_set_complete_callback>
10005714:	2101      	movs	r1, #1
10005716:	4658      	mov	r0, fp
10005718:	6973      	ldr	r3, [r6, #20]
1000571a:	aa08      	add	r2, sp, #32
1000571c:	4798      	blx	r3
1000571e:	2800      	cmp	r0, #0
10005720:	f47f aea5 	bne.w	1000546e <tud_task_ext+0x1a>
10005724:	e7a9      	b.n	1000567a <tud_task_ext+0x226>
10005726:	f89d 3024 	ldrb.w	r3, [sp, #36]	@ 0x24
1000572a:	2b0f      	cmp	r3, #15
1000572c:	d8a5      	bhi.n	1000567a <tud_task_ext+0x226>
1000572e:	4a9e      	ldr	r2, [pc, #632]	@ (100059a8 <tud_task_ext+0x554>)
10005730:	4453      	add	r3, sl
10005732:	791b      	ldrb	r3, [r3, #4]
10005734:	7812      	ldrb	r2, [r2, #0]
10005736:	4293      	cmp	r3, r2
10005738:	d335      	bcc.n	100057a6 <tud_task_ext+0x352>
1000573a:	1c51      	adds	r1, r2, #1
1000573c:	4299      	cmp	r1, r3
1000573e:	db9c      	blt.n	1000567a <tud_task_ext+0x226>
10005740:	4e9a      	ldr	r6, [pc, #616]	@ (100059ac <tud_task_ext+0x558>)
10005742:	1a9b      	subs	r3, r3, r2
10005744:	eb06 1643 	add.w	r6, r6, r3, lsl #5
10005748:	6970      	ldr	r0, [r6, #20]
1000574a:	f000 fbc3 	bl	10005ed4 <usbd_control_set_complete_callback>
1000574e:	2101      	movs	r1, #1
10005750:	4658      	mov	r0, fp
10005752:	6973      	ldr	r3, [r6, #20]
10005754:	aa08      	add	r2, sp, #32
10005756:	4798      	blx	r3
10005758:	2800      	cmp	r0, #0
1000575a:	f47f ae88 	bne.w	1000546e <tud_task_ext+0x1a>
1000575e:	f89d 3020 	ldrb.w	r3, [sp, #32]
10005762:	f013 0660 	ands.w	r6, r3, #96	@ 0x60
10005766:	d188      	bne.n	1000567a <tud_task_ext+0x226>
10005768:	f89d 3021 	ldrb.w	r3, [sp, #33]	@ 0x21
1000576c:	3b0a      	subs	r3, #10
1000576e:	2b01      	cmp	r3, #1
10005770:	d883      	bhi.n	1000567a <tud_task_ext+0x226>
10005772:	f000 fbaf 	bl	10005ed4 <usbd_control_set_complete_callback>
10005776:	f89d 3021 	ldrb.w	r3, [sp, #33]	@ 0x21
1000577a:	2b0a      	cmp	r3, #10
1000577c:	f000 8213 	beq.w	10005ba6 <tud_task_ext+0x752>
10005780:	4658      	mov	r0, fp
10005782:	a908      	add	r1, sp, #32
10005784:	f000 fb26 	bl	10005dd4 <tud_control_status>
10005788:	e671      	b.n	1000546e <tud_task_ext+0x1a>
1000578a:	f8df c224 	ldr.w	ip, [pc, #548]	@ 100059b0 <tud_task_ext+0x55c>
1000578e:	f8dc c000 	ldr.w	ip, [ip]
10005792:	eb0c 1040 	add.w	r0, ip, r0, lsl #5
10005796:	9000      	str	r0, [sp, #0]
10005798:	2a00      	cmp	r2, #0
1000579a:	f000 8121 	beq.w	100059e0 <tud_task_ext+0x58c>
1000579e:	2800      	cmp	r0, #0
100057a0:	f43f af6b 	beq.w	1000567a <tud_task_ext+0x226>
100057a4:	e7b2      	b.n	1000570c <tud_task_ext+0x2b8>
100057a6:	4a82      	ldr	r2, [pc, #520]	@ (100059b0 <tud_task_ext+0x55c>)
100057a8:	6816      	ldr	r6, [r2, #0]
100057aa:	eb16 1643 	adds.w	r6, r6, r3, lsl #5
100057ae:	d1cb      	bne.n	10005748 <tud_task_ext+0x2f4>
100057b0:	e763      	b.n	1000567a <tud_task_ext+0x226>
100057b2:	f89a 2001 	ldrb.w	r2, [sl, #1]
100057b6:	f89d 3022 	ldrb.w	r3, [sp, #34]	@ 0x22
100057ba:	4293      	cmp	r3, r2
100057bc:	f000 8164 	beq.w	10005a88 <tud_task_ext+0x634>
100057c0:	f89a 2001 	ldrb.w	r2, [sl, #1]
100057c4:	2a00      	cmp	r2, #0
100057c6:	f040 81d8 	bne.w	10005b7a <tud_task_ext+0x726>
100057ca:	f88a 3001 	strb.w	r3, [sl, #1]
100057ce:	2b00      	cmp	r3, #0
100057d0:	f000 8158 	beq.w	10005a84 <tud_task_ext+0x630>
100057d4:	3b01      	subs	r3, #1
100057d6:	b2d8      	uxtb	r0, r3
100057d8:	f7ff fac0 	bl	10004d5c <tud_descriptor_configuration_cb>
100057dc:	2800      	cmp	r0, #0
100057de:	f000 8174 	beq.w	10005aca <tud_task_ext+0x676>
100057e2:	7843      	ldrb	r3, [r0, #1]
100057e4:	2b02      	cmp	r3, #2
100057e6:	f040 8170 	bne.w	10005aca <tud_task_ext+0x676>
100057ea:	79c2      	ldrb	r2, [r0, #7]
100057ec:	f89a 1000 	ldrb.w	r1, [sl]
100057f0:	f3c2 1340 	ubfx	r3, r2, #5, #1
100057f4:	011b      	lsls	r3, r3, #4
100057f6:	f3c2 1280 	ubfx	r2, r2, #6, #1
100057fa:	f021 0130 	bic.w	r1, r1, #48	@ 0x30
100057fe:	ea43 1342 	orr.w	r3, r3, r2, lsl #5
10005802:	430b      	orrs	r3, r1
10005804:	f88a 3000 	strb.w	r3, [sl]
10005808:	8843      	ldrh	r3, [r0, #2]
1000580a:	f100 0109 	add.w	r1, r0, #9
1000580e:	18c3      	adds	r3, r0, r3
10005810:	9302      	str	r3, [sp, #8]
10005812:	9b02      	ldr	r3, [sp, #8]
10005814:	428b      	cmp	r3, r1
10005816:	f240 81c3 	bls.w	10005ba0 <tud_task_ext+0x74c>
1000581a:	784b      	ldrb	r3, [r1, #1]
1000581c:	2b0b      	cmp	r3, #11
1000581e:	f000 81cc 	beq.w	10005bba <tud_task_ext+0x766>
10005822:	2001      	movs	r0, #1
10005824:	2b04      	cmp	r3, #4
10005826:	f040 8150 	bne.w	10005aca <tud_task_ext+0x676>
1000582a:	2200      	movs	r2, #0
1000582c:	9b02      	ldr	r3, [sp, #8]
1000582e:	9200      	str	r2, [sp, #0]
10005830:	1a5b      	subs	r3, r3, r1
10005832:	fa1f f983 	uxth.w	r9, r3
10005836:	4b5c      	ldr	r3, [pc, #368]	@ (100059a8 <tud_task_ext+0x554>)
10005838:	9201      	str	r2, [sp, #4]
1000583a:	781b      	ldrb	r3, [r3, #0]
1000583c:	9003      	str	r0, [sp, #12]
1000583e:	e01f      	b.n	10005880 <tud_task_ext+0x42c>
10005840:	4b5b      	ldr	r3, [pc, #364]	@ (100059b0 <tud_task_ext+0x55c>)
10005842:	681b      	ldr	r3, [r3, #0]
10005844:	eb13 1342 	adds.w	r3, r3, r2, lsl #5
10005848:	f000 813f 	beq.w	10005aca <tud_task_ext+0x676>
1000584c:	464a      	mov	r2, r9
1000584e:	691e      	ldr	r6, [r3, #16]
10005850:	4658      	mov	r0, fp
10005852:	9105      	str	r1, [sp, #20]
10005854:	9304      	str	r3, [sp, #16]
10005856:	47b0      	blx	r6
10005858:	4602      	mov	r2, r0
1000585a:	9b00      	ldr	r3, [sp, #0]
1000585c:	2a08      	cmp	r2, #8
1000585e:	9905      	ldr	r1, [sp, #20]
10005860:	f103 0001 	add.w	r0, r3, #1
10005864:	d903      	bls.n	1000586e <tud_task_ext+0x41a>
10005866:	4591      	cmp	r9, r2
10005868:	9b04      	ldr	r3, [sp, #16]
1000586a:	f080 8112 	bcs.w	10005a92 <tud_task_ext+0x63e>
1000586e:	4b4e      	ldr	r3, [pc, #312]	@ (100059a8 <tud_task_ext+0x554>)
10005870:	b2c0      	uxtb	r0, r0
10005872:	781b      	ldrb	r3, [r3, #0]
10005874:	9000      	str	r0, [sp, #0]
10005876:	1c5a      	adds	r2, r3, #1
10005878:	4290      	cmp	r0, r2
1000587a:	9001      	str	r0, [sp, #4]
1000587c:	f300 8125 	bgt.w	10005aca <tud_task_ext+0x676>
10005880:	9a00      	ldr	r2, [sp, #0]
10005882:	9801      	ldr	r0, [sp, #4]
10005884:	4293      	cmp	r3, r2
10005886:	eba0 0303 	sub.w	r3, r0, r3
1000588a:	d8d9      	bhi.n	10005840 <tud_task_ext+0x3ec>
1000588c:	4a47      	ldr	r2, [pc, #284]	@ (100059ac <tud_task_ext+0x558>)
1000588e:	eb02 1343 	add.w	r3, r2, r3, lsl #5
10005892:	e7db      	b.n	1000584c <tud_task_ext+0x3f8>
10005894:	f89a 3001 	ldrb.w	r3, [sl, #1]
10005898:	4658      	mov	r0, fp
1000589a:	f88d 301a 	strb.w	r3, [sp, #26]
1000589e:	f10d 021a 	add.w	r2, sp, #26
100058a2:	2301      	movs	r3, #1
100058a4:	a908      	add	r1, sp, #32
100058a6:	f000 fab1 	bl	10005e0c <tud_control_xfer>
100058aa:	e5e0      	b.n	1000546e <tud_task_ext+0x1a>
100058ac:	f8bd 0022 	ldrh.w	r0, [sp, #34]	@ 0x22
100058b0:	0a03      	lsrs	r3, r0, #8
100058b2:	1e5a      	subs	r2, r3, #1
100058b4:	b2c0      	uxtb	r0, r0
100058b6:	2a0e      	cmp	r2, #14
100058b8:	f63f aedf 	bhi.w	1000567a <tud_task_ext+0x226>
100058bc:	a101      	add	r1, pc, #4	@ (adr r1, 100058c4 <tud_task_ext+0x470>)
100058be:	f851 f022 	ldr.w	pc, [r1, r2, lsl #2]
100058c2:	bf00      	nop
100058c4:	10005afd 	.word	0x10005afd
100058c8:	10005983 	.word	0x10005983
100058cc:	10005b39 	.word	0x10005b39
100058d0:	1000567b 	.word	0x1000567b
100058d4:	1000567b 	.word	0x1000567b
100058d8:	10005b1b 	.word	0x10005b1b
100058dc:	10005983 	.word	0x10005983
100058e0:	1000567b 	.word	0x1000567b
100058e4:	1000567b 	.word	0x1000567b
100058e8:	1000567b 	.word	0x1000567b
100058ec:	1000567b 	.word	0x1000567b
100058f0:	1000567b 	.word	0x1000567b
100058f4:	1000567b 	.word	0x1000567b
100058f8:	1000567b 	.word	0x1000567b
100058fc:	10005aef 	.word	0x10005aef
10005900:	a808      	add	r0, sp, #32
10005902:	f000 faed 	bl	10005ee0 <usbd_control_set_request>
10005906:	4658      	mov	r0, fp
10005908:	f89d 1022 	ldrb.w	r1, [sp, #34]	@ 0x22
1000590c:	f7ff fb9a 	bl	10005044 <dcd_set_address>
10005910:	f89a 3000 	ldrb.w	r3, [sl]
10005914:	f043 0302 	orr.w	r3, r3, #2
10005918:	f88a 3000 	strb.w	r3, [sl]
1000591c:	e5a7      	b.n	1000546e <tud_task_ext+0x1a>
1000591e:	f8bd 3022 	ldrh.w	r3, [sp, #34]	@ 0x22
10005922:	2b01      	cmp	r3, #1
10005924:	f47f aea9 	bne.w	1000567a <tud_task_ext+0x226>
10005928:	f89a 3000 	ldrb.w	r3, [sl]
1000592c:	4658      	mov	r0, fp
1000592e:	f023 0308 	bic.w	r3, r3, #8
10005932:	a908      	add	r1, sp, #32
10005934:	f88a 3000 	strb.w	r3, [sl]
10005938:	f000 fa4c 	bl	10005dd4 <tud_control_status>
1000593c:	e597      	b.n	1000546e <tud_task_ext+0x1a>
1000593e:	4658      	mov	r0, fp
10005940:	f89a 3000 	ldrb.w	r3, [sl]
10005944:	089a      	lsrs	r2, r3, #2
10005946:	f002 0202 	and.w	r2, r2, #2
1000594a:	f3c3 1340 	ubfx	r3, r3, #5, #1
1000594e:	4313      	orrs	r3, r2
10005950:	f8ad 301a 	strh.w	r3, [sp, #26]
10005954:	f10d 021a 	add.w	r2, sp, #26
10005958:	2302      	movs	r3, #2
1000595a:	a908      	add	r1, sp, #32
1000595c:	f000 fa56 	bl	10005e0c <tud_control_xfer>
10005960:	e585      	b.n	1000546e <tud_task_ext+0x1a>
10005962:	f8bd 3022 	ldrh.w	r3, [sp, #34]	@ 0x22
10005966:	2b01      	cmp	r3, #1
10005968:	f47f ae87 	bne.w	1000567a <tud_task_ext+0x226>
1000596c:	f89a 3000 	ldrb.w	r3, [sl]
10005970:	4658      	mov	r0, fp
10005972:	f043 0308 	orr.w	r3, r3, #8
10005976:	a908      	add	r1, sp, #32
10005978:	f88a 3000 	strb.w	r3, [sl]
1000597c:	f000 fa2a 	bl	10005dd4 <tud_control_status>
10005980:	e575      	b.n	1000546e <tud_task_ext+0x1a>
10005982:	2b02      	cmp	r3, #2
10005984:	f43f ae6c 	beq.w	10005660 <tud_task_ext+0x20c>
10005988:	f7ff fcd2 	bl	10005330 <tud_descriptor_other_speed_configuration_cb>
1000598c:	4602      	mov	r2, r0
1000598e:	2800      	cmp	r0, #0
10005990:	f43f ae73 	beq.w	1000567a <tud_task_ext+0x226>
10005994:	4658      	mov	r0, fp
10005996:	8853      	ldrh	r3, [r2, #2]
10005998:	a908      	add	r1, sp, #32
1000599a:	f000 fa37 	bl	10005e0c <tud_control_xfer>
1000599e:	2800      	cmp	r0, #0
100059a0:	f47f ad65 	bne.w	1000546e <tud_task_ext+0x1a>
100059a4:	e669      	b.n	1000567a <tud_task_ext+0x226>
100059a6:	bf00      	nop
100059a8:	20002cac 	.word	0x20002cac
100059ac:	1000b5fc 	.word	0x1000b5fc
100059b0:	200021e0 	.word	0x200021e0
100059b4:	f89d 3024 	ldrb.w	r3, [sp, #36]	@ 0x24
100059b8:	2b0f      	cmp	r3, #15
100059ba:	f63f ae5e 	bhi.w	1000567a <tud_task_ext+0x226>
100059be:	4a92      	ldr	r2, [pc, #584]	@ (10005c08 <tud_task_ext+0x7b4>)
100059c0:	4453      	add	r3, sl
100059c2:	791b      	ldrb	r3, [r3, #4]
100059c4:	7812      	ldrb	r2, [r2, #0]
100059c6:	4293      	cmp	r3, r2
100059c8:	d21e      	bcs.n	10005a08 <tud_task_ext+0x5b4>
100059ca:	4a90      	ldr	r2, [pc, #576]	@ (10005c0c <tud_task_ext+0x7b8>)
100059cc:	6816      	ldr	r6, [r2, #0]
100059ce:	eb16 1643 	adds.w	r6, r6, r3, lsl #5
100059d2:	f47f ae9c 	bne.w	1000570e <tud_task_ext+0x2ba>
100059d6:	e650      	b.n	1000567a <tud_task_ext+0x226>
100059d8:	2a00      	cmp	r2, #0
100059da:	f47f ae4e 	bne.w	1000567a <tud_task_ext+0x226>
100059de:	9200      	str	r2, [sp, #0]
100059e0:	f89d c021 	ldrb.w	ip, [sp, #33]	@ 0x21
100059e4:	f00c 02fd 	and.w	r2, ip, #253	@ 0xfd
100059e8:	2a01      	cmp	r2, #1
100059ea:	d016      	beq.n	10005a1a <tud_task_ext+0x5c6>
100059ec:	f1bc 0f00 	cmp.w	ip, #0
100059f0:	f47f ae3c 	bne.w	1000566c <tud_task_ext+0x218>
100059f4:	eb0a 0343 	add.w	r3, sl, r3, lsl #1
100059f8:	eb03 13d1 	add.w	r3, r3, r1, lsr #7
100059fc:	f893 3034 	ldrb.w	r3, [r3, #52]	@ 0x34
10005a00:	4658      	mov	r0, fp
10005a02:	f3c3 0340 	ubfx	r3, r3, #1, #1
10005a06:	e7a3      	b.n	10005950 <tud_task_ext+0x4fc>
10005a08:	1c51      	adds	r1, r2, #1
10005a0a:	4299      	cmp	r1, r3
10005a0c:	f6ff ae35 	blt.w	1000567a <tud_task_ext+0x226>
10005a10:	4e7f      	ldr	r6, [pc, #508]	@ (10005c10 <tud_task_ext+0x7bc>)
10005a12:	1a9b      	subs	r3, r3, r2
10005a14:	eb06 1643 	add.w	r6, r6, r3, lsl #5
10005a18:	e679      	b.n	1000570e <tud_task_ext+0x2ba>
10005a1a:	f8bd 2022 	ldrh.w	r2, [sp, #34]	@ 0x22
10005a1e:	b9da      	cbnz	r2, 10005a58 <tud_task_ext+0x604>
10005a20:	487c      	ldr	r0, [pc, #496]	@ (10005c14 <tud_task_ext+0x7c0>)
10005a22:	f1bc 0f01 	cmp.w	ip, #1
10005a26:	7800      	ldrb	r0, [r0, #0]
10005a28:	f000 808e 	beq.w	10005b48 <tud_task_ext+0x6f4>
10005a2c:	e9cd 1301 	strd	r1, r3, [sp, #4]
10005a30:	f7ff fbc8 	bl	100051c4 <dcd_edpt_stall>
10005a34:	9b02      	ldr	r3, [sp, #8]
10005a36:	9901      	ldr	r1, [sp, #4]
10005a38:	eb0a 0343 	add.w	r3, sl, r3, lsl #1
10005a3c:	eb03 13d1 	add.w	r3, r3, r1, lsr #7
10005a40:	f893 2034 	ldrb.w	r2, [r3, #52]	@ 0x34
10005a44:	f042 0202 	orr.w	r2, r2, #2
10005a48:	f883 2034 	strb.w	r2, [r3, #52]	@ 0x34
10005a4c:	f893 2034 	ldrb.w	r2, [r3, #52]	@ 0x34
10005a50:	f042 0201 	orr.w	r2, r2, #1
10005a54:	f883 2034 	strb.w	r2, [r3, #52]	@ 0x34
10005a58:	9b00      	ldr	r3, [sp, #0]
10005a5a:	2b00      	cmp	r3, #0
10005a5c:	f43f ad07 	beq.w	1000546e <tud_task_ext+0x1a>
10005a60:	461e      	mov	r6, r3
10005a62:	6958      	ldr	r0, [r3, #20]
10005a64:	f000 fa36 	bl	10005ed4 <usbd_control_set_complete_callback>
10005a68:	6973      	ldr	r3, [r6, #20]
10005a6a:	2101      	movs	r1, #1
10005a6c:	aa08      	add	r2, sp, #32
10005a6e:	4658      	mov	r0, fp
10005a70:	4798      	blx	r3
10005a72:	2000      	movs	r0, #0
10005a74:	f000 fa2e 	bl	10005ed4 <usbd_control_set_complete_callback>
10005a78:	f89a 3035 	ldrb.w	r3, [sl, #53]	@ 0x35
10005a7c:	07db      	lsls	r3, r3, #31
10005a7e:	f53f acf6 	bmi.w	1000546e <tud_task_ext+0x1a>
10005a82:	e67d      	b.n	10005780 <tud_task_ext+0x32c>
10005a84:	f7ff fc58 	bl	10005338 <tud_umount_cb>
10005a88:	4658      	mov	r0, fp
10005a8a:	a908      	add	r1, sp, #32
10005a8c:	f000 f9a2 	bl	10005dd4 <tud_control_status>
10005a90:	e4ed      	b.n	1000546e <tud_task_ext+0x1a>
10005a92:	9803      	ldr	r0, [sp, #12]
10005a94:	2801      	cmp	r0, #1
10005a96:	f000 80a6 	beq.w	10005be6 <tud_task_ext+0x792>
10005a9a:	2800      	cmp	r0, #0
10005a9c:	f000 8092 	beq.w	10005bc4 <tud_task_ext+0x770>
10005aa0:	2300      	movs	r3, #0
10005aa2:	f891 e002 	ldrb.w	lr, [r1, #2]
10005aa6:	e007      	b.n	10005ab8 <tud_task_ext+0x664>
10005aa8:	9e00      	ldr	r6, [sp, #0]
10005aaa:	f88c 6004 	strb.w	r6, [ip, #4]
10005aae:	fa5f fc83 	uxtb.w	ip, r3
10005ab2:	4560      	cmp	r0, ip
10005ab4:	f240 8086 	bls.w	10005bc4 <tud_task_ext+0x770>
10005ab8:	eb0e 0c03 	add.w	ip, lr, r3
10005abc:	fa5a fc8c 	uxtab	ip, sl, ip
10005ac0:	f89c 6004 	ldrb.w	r6, [ip, #4]
10005ac4:	3301      	adds	r3, #1
10005ac6:	2eff      	cmp	r6, #255	@ 0xff
10005ac8:	d0ee      	beq.n	10005aa8 <tud_task_ext+0x654>
10005aca:	f04f 23e0 	mov.w	r3, #3758153728	@ 0xe000e000
10005ace:	f8d3 3df0 	ldr.w	r3, [r3, #3568]	@ 0xdf0
10005ad2:	07d9      	lsls	r1, r3, #31
10005ad4:	d500      	bpl.n	10005ad8 <tud_task_ext+0x684>
10005ad6:	be00      	bkpt	0x0000
10005ad8:	f04f 23e0 	mov.w	r3, #3758153728	@ 0xe000e000
10005adc:	f8d3 3df0 	ldr.w	r3, [r3, #3568]	@ 0xdf0
10005ae0:	07da      	lsls	r2, r3, #31
10005ae2:	d500      	bpl.n	10005ae6 <tud_task_ext+0x692>
10005ae4:	be00      	bkpt	0x0000
10005ae6:	2300      	movs	r3, #0
10005ae8:	f88a 3001 	strb.w	r3, [sl, #1]
10005aec:	e5c5      	b.n	1000567a <tud_task_ext+0x226>
10005aee:	f7fe feeb 	bl	100048c8 <tud_descriptor_bos_cb>
10005af2:	4602      	mov	r2, r0
10005af4:	2800      	cmp	r0, #0
10005af6:	f47f af4d 	bne.w	10005994 <tud_task_ext+0x540>
10005afa:	e5be      	b.n	1000567a <tud_task_ext+0x226>
10005afc:	f7ff f92a 	bl	10004d54 <tud_descriptor_device_cb>
10005b00:	4602      	mov	r2, r0
10005b02:	2800      	cmp	r0, #0
10005b04:	f43f adb2 	beq.w	1000566c <tud_task_ext+0x218>
10005b08:	4658      	mov	r0, fp
10005b0a:	2312      	movs	r3, #18
10005b0c:	a908      	add	r1, sp, #32
10005b0e:	f000 f97d 	bl	10005e0c <tud_control_xfer>
10005b12:	2800      	cmp	r0, #0
10005b14:	f47f acab 	bne.w	1000546e <tud_task_ext+0x1a>
10005b18:	e5af      	b.n	1000567a <tud_task_ext+0x226>
10005b1a:	f7ff fc07 	bl	1000532c <tud_descriptor_device_qualifier_cb>
10005b1e:	4602      	mov	r2, r0
10005b20:	2800      	cmp	r0, #0
10005b22:	f43f adaa 	beq.w	1000567a <tud_task_ext+0x226>
10005b26:	4658      	mov	r0, fp
10005b28:	7813      	ldrb	r3, [r2, #0]
10005b2a:	a908      	add	r1, sp, #32
10005b2c:	f000 f96e 	bl	10005e0c <tud_control_xfer>
10005b30:	2800      	cmp	r0, #0
10005b32:	f47f ac9c 	bne.w	1000546e <tud_task_ext+0x1a>
10005b36:	e5a0      	b.n	1000567a <tud_task_ext+0x226>
10005b38:	f8bd 1024 	ldrh.w	r1, [sp, #36]	@ 0x24
10005b3c:	f7ff f912 	bl	10004d64 <tud_descriptor_string_cb>
10005b40:	4602      	mov	r2, r0
10005b42:	2800      	cmp	r0, #0
10005b44:	d1ef      	bne.n	10005b26 <tud_task_ext+0x6d2>
10005b46:	e598      	b.n	1000567a <tud_task_ext+0x226>
10005b48:	e9cd 3202 	strd	r3, r2, [sp, #8]
10005b4c:	9101      	str	r1, [sp, #4]
10005b4e:	f7ff fb51 	bl	100051f4 <dcd_edpt_clear_stall>
10005b52:	9b02      	ldr	r3, [sp, #8]
10005b54:	9901      	ldr	r1, [sp, #4]
10005b56:	eb0a 0343 	add.w	r3, sl, r3, lsl #1
10005b5a:	eb03 13d1 	add.w	r3, r3, r1, lsr #7
10005b5e:	f893 1034 	ldrb.w	r1, [r3, #52]	@ 0x34
10005b62:	9a03      	ldr	r2, [sp, #12]
10005b64:	f362 0141 	bfi	r1, r2, #1, #1
10005b68:	f883 1034 	strb.w	r1, [r3, #52]	@ 0x34
10005b6c:	f893 1034 	ldrb.w	r1, [r3, #52]	@ 0x34
10005b70:	f362 0100 	bfi	r1, r2, #0, #1
10005b74:	f883 1034 	strb.w	r1, [r3, #52]	@ 0x34
10005b78:	e76e      	b.n	10005a58 <tud_task_ext+0x604>
10005b7a:	2100      	movs	r1, #0
10005b7c:	4658      	mov	r0, fp
10005b7e:	9301      	str	r3, [sp, #4]
10005b80:	f7ff fa68 	bl	10005054 <dcd_sof_enable>
10005b84:	4658      	mov	r0, fp
10005b86:	f7ff fb07 	bl	10005198 <dcd_edpt_close_all>
10005b8a:	f89a 2002 	ldrb.w	r2, [sl, #2]
10005b8e:	4658      	mov	r0, fp
10005b90:	9200      	str	r2, [sp, #0]
10005b92:	f7ff fb81 	bl	10005298 <configuration_reset>
10005b96:	9a00      	ldr	r2, [sp, #0]
10005b98:	9b01      	ldr	r3, [sp, #4]
10005b9a:	f88a 2002 	strb.w	r2, [sl, #2]
10005b9e:	e614      	b.n	100057ca <tud_task_ext+0x376>
10005ba0:	f7ff fbc8 	bl	10005334 <tud_mount_cb>
10005ba4:	e770      	b.n	10005a88 <tud_task_ext+0x634>
10005ba6:	4658      	mov	r0, fp
10005ba8:	2301      	movs	r3, #1
10005baa:	a908      	add	r1, sp, #32
10005bac:	f10d 021a 	add.w	r2, sp, #26
10005bb0:	f88d 601a 	strb.w	r6, [sp, #26]
10005bb4:	f000 f92a 	bl	10005e0c <tud_control_xfer>
10005bb8:	e459      	b.n	1000546e <tud_task_ext+0x1a>
10005bba:	780b      	ldrb	r3, [r1, #0]
10005bbc:	78c8      	ldrb	r0, [r1, #3]
10005bbe:	4419      	add	r1, r3
10005bc0:	784b      	ldrb	r3, [r1, #1]
10005bc2:	e62f      	b.n	10005824 <tud_task_ext+0x3d0>
10005bc4:	9b00      	ldr	r3, [sp, #0]
10005bc6:	4814      	ldr	r0, [pc, #80]	@ (10005c18 <tud_task_ext+0x7c4>)
10005bc8:	9203      	str	r2, [sp, #12]
10005bca:	9100      	str	r1, [sp, #0]
10005bcc:	f000 febc 	bl	10006948 <tu_edpt_bind_driver>
10005bd0:	4b0d      	ldr	r3, [pc, #52]	@ (10005c08 <tud_task_ext+0x7b4>)
10005bd2:	9a03      	ldr	r2, [sp, #12]
10005bd4:	9900      	ldr	r1, [sp, #0]
10005bd6:	781b      	ldrb	r3, [r3, #0]
10005bd8:	4411      	add	r1, r2
10005bda:	9a01      	ldr	r2, [sp, #4]
10005bdc:	3301      	adds	r3, #1
10005bde:	4293      	cmp	r3, r2
10005be0:	f6bf ae17 	bge.w	10005812 <tud_task_ext+0x3be>
10005be4:	e771      	b.n	10005aca <tud_task_ext+0x676>
10005be6:	f8d3 c010 	ldr.w	ip, [r3, #16]
10005bea:	4b0c      	ldr	r3, [pc, #48]	@ (10005c1c <tud_task_ext+0x7c8>)
10005bec:	459c      	cmp	ip, r3
10005bee:	bf08      	it	eq
10005bf0:	2002      	moveq	r0, #2
10005bf2:	e755      	b.n	10005aa0 <tud_task_ext+0x64c>
10005bf4:	f04f 23e0 	mov.w	r3, #3758153728	@ 0xe000e000
10005bf8:	f8d3 3df0 	ldr.w	r3, [r3, #3568]	@ 0xdf0
10005bfc:	07db      	lsls	r3, r3, #31
10005bfe:	f57f ac36 	bpl.w	1000546e <tud_task_ext+0x1a>
10005c02:	be00      	bkpt	0x0000
10005c04:	e433      	b.n	1000546e <tud_task_ext+0x1a>
10005c06:	bf00      	nop
10005c08:	20002cac 	.word	0x20002cac
10005c0c:	200021e0 	.word	0x200021e0
10005c10:	1000b5fc 	.word	0x1000b5fc
10005c14:	20001568 	.word	0x20001568
10005c18:	200022fc 	.word	0x200022fc
10005c1c:	10006325 	.word	0x10006325

10005c20 <usbd_open_edpt_pair>:
10005c20:	e92d 4ff8 	stmdb	sp!, {r3, r4, r5, r6, r7, r8, r9, sl, fp, lr}
10005c24:	9f0a      	ldr	r7, [sp, #40]	@ 0x28
10005c26:	2a00      	cmp	r2, #0
10005c28:	d040      	beq.n	10005cac <usbd_open_edpt_pair+0x8c>
10005c2a:	460c      	mov	r4, r1
10005c2c:	461e      	mov	r6, r3
10005c2e:	4615      	mov	r5, r2
10005c30:	f04f 0b00 	mov.w	fp, #0
10005c34:	f8df 9080 	ldr.w	r9, [pc, #128]	@ 10005cb8 <usbd_open_edpt_pair+0x98>
10005c38:	f8df 8080 	ldr.w	r8, [pc, #128]	@ 10005cbc <usbd_open_edpt_pair+0x9c>
10005c3c:	e016      	b.n	10005c6c <usbd_open_edpt_pair+0x4c>
10005c3e:	4620      	mov	r0, r4
10005c40:	f898 1002 	ldrb.w	r1, [r8, #2]
10005c44:	f899 a000 	ldrb.w	sl, [r9]
10005c48:	f000 fe4e 	bl	100068e8 <tu_edpt_validate>
10005c4c:	b1d0      	cbz	r0, 10005c84 <usbd_open_edpt_pair+0x64>
10005c4e:	4621      	mov	r1, r4
10005c50:	4650      	mov	r0, sl
10005c52:	f7ff fa1b 	bl	1000508c <dcd_edpt_open>
10005c56:	b1e0      	cbz	r0, 10005c92 <usbd_open_edpt_pair+0x72>
10005c58:	78a3      	ldrb	r3, [r4, #2]
10005c5a:	f10b 0b01 	add.w	fp, fp, #1
10005c5e:	09da      	lsrs	r2, r3, #7
10005c60:	d120      	bne.n	10005ca4 <usbd_open_edpt_pair+0x84>
10005c62:	45ab      	cmp	fp, r5
10005c64:	703b      	strb	r3, [r7, #0]
10005c66:	d021      	beq.n	10005cac <usbd_open_edpt_pair+0x8c>
10005c68:	7823      	ldrb	r3, [r4, #0]
10005c6a:	441c      	add	r4, r3
10005c6c:	7863      	ldrb	r3, [r4, #1]
10005c6e:	2b05      	cmp	r3, #5
10005c70:	d10f      	bne.n	10005c92 <usbd_open_edpt_pair+0x72>
10005c72:	78e1      	ldrb	r1, [r4, #3]
10005c74:	f001 0103 	and.w	r1, r1, #3
10005c78:	42b1      	cmp	r1, r6
10005c7a:	d10a      	bne.n	10005c92 <usbd_open_edpt_pair+0x72>
10005c7c:	78a3      	ldrb	r3, [r4, #2]
10005c7e:	f013 0f70 	tst.w	r3, #112	@ 0x70
10005c82:	d0dc      	beq.n	10005c3e <usbd_open_edpt_pair+0x1e>
10005c84:	f04f 23e0 	mov.w	r3, #3758153728	@ 0xe000e000
10005c88:	f8d3 3df0 	ldr.w	r3, [r3, #3568]	@ 0xdf0
10005c8c:	07da      	lsls	r2, r3, #31
10005c8e:	d500      	bpl.n	10005c92 <usbd_open_edpt_pair+0x72>
10005c90:	be00      	bkpt	0x0000
10005c92:	f04f 23e0 	mov.w	r3, #3758153728	@ 0xe000e000
10005c96:	f8d3 3df0 	ldr.w	r3, [r3, #3568]	@ 0xdf0
10005c9a:	07db      	lsls	r3, r3, #31
10005c9c:	d409      	bmi.n	10005cb2 <usbd_open_edpt_pair+0x92>
10005c9e:	2000      	movs	r0, #0
10005ca0:	e8bd 8ff8 	ldmia.w	sp!, {r3, r4, r5, r6, r7, r8, r9, sl, fp, pc}
10005ca4:	9a0b      	ldr	r2, [sp, #44]	@ 0x2c
10005ca6:	45ab      	cmp	fp, r5
10005ca8:	7013      	strb	r3, [r2, #0]
10005caa:	d1dd      	bne.n	10005c68 <usbd_open_edpt_pair+0x48>
10005cac:	2001      	movs	r0, #1
10005cae:	e8bd 8ff8 	ldmia.w	sp!, {r3, r4, r5, r6, r7, r8, r9, sl, fp, pc}
10005cb2:	be00      	bkpt	0x0000
10005cb4:	e7f3      	b.n	10005c9e <usbd_open_edpt_pair+0x7e>
10005cb6:	bf00      	nop
10005cb8:	20001568 	.word	0x20001568
10005cbc:	200022e8 	.word	0x200022e8

10005cc0 <usbd_edpt_open>:
10005cc0:	788b      	ldrb	r3, [r1, #2]
10005cc2:	f013 0f70 	tst.w	r3, #112	@ 0x70
10005cc6:	d008      	beq.n	10005cda <usbd_edpt_open+0x1a>
10005cc8:	f04f 23e0 	mov.w	r3, #3758153728	@ 0xe000e000
10005ccc:	f8d3 3df0 	ldr.w	r3, [r3, #3568]	@ 0xdf0
10005cd0:	07da      	lsls	r2, r3, #31
10005cd2:	d500      	bpl.n	10005cd6 <usbd_edpt_open+0x16>
10005cd4:	be00      	bkpt	0x0000
10005cd6:	2000      	movs	r0, #0
10005cd8:	4770      	bx	lr
10005cda:	b510      	push	{r4, lr}
10005cdc:	b082      	sub	sp, #8
10005cde:	4608      	mov	r0, r1
10005ce0:	9101      	str	r1, [sp, #4]
10005ce2:	490c      	ldr	r1, [pc, #48]	@ (10005d14 <usbd_edpt_open+0x54>)
10005ce4:	4a0c      	ldr	r2, [pc, #48]	@ (10005d18 <usbd_edpt_open+0x58>)
10005ce6:	7889      	ldrb	r1, [r1, #2]
10005ce8:	7814      	ldrb	r4, [r2, #0]
10005cea:	f000 fdfd 	bl	100068e8 <tu_edpt_validate>
10005cee:	b948      	cbnz	r0, 10005d04 <usbd_edpt_open+0x44>
10005cf0:	f04f 23e0 	mov.w	r3, #3758153728	@ 0xe000e000
10005cf4:	f8d3 3df0 	ldr.w	r3, [r3, #3568]	@ 0xdf0
10005cf8:	07db      	lsls	r3, r3, #31
10005cfa:	d500      	bpl.n	10005cfe <usbd_edpt_open+0x3e>
10005cfc:	be00      	bkpt	0x0000
10005cfe:	2000      	movs	r0, #0
10005d00:	b002      	add	sp, #8
10005d02:	bd10      	pop	{r4, pc}
10005d04:	4620      	mov	r0, r4
10005d06:	9901      	ldr	r1, [sp, #4]
10005d08:	b002      	add	sp, #8
10005d0a:	e8bd 4010 	ldmia.w	sp!, {r4, lr}
10005d0e:	f7ff b9bd 	b.w	1000508c <dcd_edpt_open>
10005d12:	bf00      	nop
10005d14:	200022e8 	.word	0x200022e8
10005d18:	20001568 	.word	0x20001568

10005d1c <usbd_edpt_claim>:
10005d1c:	460a      	mov	r2, r1
10005d1e:	4b06      	ldr	r3, [pc, #24]	@ (10005d38 <usbd_edpt_claim+0x1c>)
10005d20:	4806      	ldr	r0, [pc, #24]	@ (10005d3c <usbd_edpt_claim+0x20>)
10005d22:	6819      	ldr	r1, [r3, #0]
10005d24:	09d3      	lsrs	r3, r2, #7
10005d26:	3334      	adds	r3, #52	@ 0x34
10005d28:	f002 027f 	and.w	r2, r2, #127	@ 0x7f
10005d2c:	eb03 0342 	add.w	r3, r3, r2, lsl #1
10005d30:	4418      	add	r0, r3
10005d32:	f000 bd8d 	b.w	10006850 <tu_edpt_claim>
10005d36:	bf00      	nop
10005d38:	2000233c 	.word	0x2000233c
10005d3c:	200022e8 	.word	0x200022e8

10005d40 <usbd_edpt_release>:
10005d40:	460a      	mov	r2, r1
10005d42:	4b06      	ldr	r3, [pc, #24]	@ (10005d5c <usbd_edpt_release+0x1c>)
10005d44:	4806      	ldr	r0, [pc, #24]	@ (10005d60 <usbd_edpt_release+0x20>)
10005d46:	6819      	ldr	r1, [r3, #0]
10005d48:	09d3      	lsrs	r3, r2, #7
10005d4a:	3334      	adds	r3, #52	@ 0x34
10005d4c:	f002 027f 	and.w	r2, r2, #127	@ 0x7f
10005d50:	eb03 0342 	add.w	r3, r3, r2, lsl #1
10005d54:	4418      	add	r0, r3
10005d56:	f000 bdab 	b.w	100068b0 <tu_edpt_release>
10005d5a:	bf00      	nop
10005d5c:	2000233c 	.word	0x2000233c
10005d60:	200022e8 	.word	0x200022e8

10005d64 <usbd_edpt_xfer>:
10005d64:	b510      	push	{r4, lr}
10005d66:	4819      	ldr	r0, [pc, #100]	@ (10005dcc <usbd_edpt_xfer+0x68>)
10005d68:	f001 047f 	and.w	r4, r1, #127	@ 0x7f
10005d6c:	eb00 0044 	add.w	r0, r0, r4, lsl #1
10005d70:	eb00 10d1 	add.w	r0, r0, r1, lsr #7
10005d74:	f890 c034 	ldrb.w	ip, [r0, #52]	@ 0x34
10005d78:	f01c 0f01 	tst.w	ip, #1
10005d7c:	d008      	beq.n	10005d90 <usbd_edpt_xfer+0x2c>
10005d7e:	f04f 23e0 	mov.w	r3, #3758153728	@ 0xe000e000
10005d82:	f8d3 3df0 	ldr.w	r3, [r3, #3568]	@ 0xdf0
10005d86:	07da      	lsls	r2, r3, #31
10005d88:	d500      	bpl.n	10005d8c <usbd_edpt_xfer+0x28>
10005d8a:	be00      	bkpt	0x0000
10005d8c:	2000      	movs	r0, #0
10005d8e:	bd10      	pop	{r4, pc}
10005d90:	f100 0430 	add.w	r4, r0, #48	@ 0x30
10005d94:	f894 c004 	ldrb.w	ip, [r4, #4]
10005d98:	480d      	ldr	r0, [pc, #52]	@ (10005dd0 <usbd_edpt_xfer+0x6c>)
10005d9a:	f04c 0c01 	orr.w	ip, ip, #1
10005d9e:	7800      	ldrb	r0, [r0, #0]
10005da0:	f884 c004 	strb.w	ip, [r4, #4]
10005da4:	f7ff f9fa 	bl	1000519c <dcd_edpt_xfer>
10005da8:	2800      	cmp	r0, #0
10005daa:	d1f0      	bne.n	10005d8e <usbd_edpt_xfer+0x2a>
10005dac:	f04f 21e0 	mov.w	r1, #3758153728	@ 0xe000e000
10005db0:	7922      	ldrb	r2, [r4, #4]
10005db2:	f360 0200 	bfi	r2, r0, #0, #1
10005db6:	7122      	strb	r2, [r4, #4]
10005db8:	7922      	ldrb	r2, [r4, #4]
10005dba:	f360 0282 	bfi	r2, r0, #2, #1
10005dbe:	7122      	strb	r2, [r4, #4]
10005dc0:	f8d1 3df0 	ldr.w	r3, [r1, #3568]	@ 0xdf0
10005dc4:	07db      	lsls	r3, r3, #31
10005dc6:	d5e1      	bpl.n	10005d8c <usbd_edpt_xfer+0x28>
10005dc8:	be00      	bkpt	0x0000
10005dca:	e7df      	b.n	10005d8c <usbd_edpt_xfer+0x28>
10005dcc:	200022e8 	.word	0x200022e8
10005dd0:	20001568 	.word	0x20001568

10005dd4 <tud_control_status>:
10005dd4:	f8df c030 	ldr.w	ip, [pc, #48]	@ 10005e08 <tud_control_status+0x34>
10005dd8:	2300      	movs	r3, #0
10005dda:	4662      	mov	r2, ip
10005ddc:	b510      	push	{r4, lr}
10005dde:	468e      	mov	lr, r1
10005de0:	4604      	mov	r4, r0
10005de2:	6808      	ldr	r0, [r1, #0]
10005de4:	6849      	ldr	r1, [r1, #4]
10005de6:	f8cc 300c 	str.w	r3, [ip, #12]
10005dea:	c203      	stmia	r2!, {r0, r1}
10005dec:	f89e 1000 	ldrb.w	r1, [lr]
10005df0:	4620      	mov	r0, r4
10005df2:	e8bd 4010 	ldmia.w	sp!, {r4, lr}
10005df6:	f081 01ff 	eor.w	r1, r1, #255	@ 0xff
10005dfa:	461a      	mov	r2, r3
10005dfc:	f001 0180 	and.w	r1, r1, #128	@ 0x80
10005e00:	f8cc 3008 	str.w	r3, [ip, #8]
10005e04:	f7ff bfae 	b.w	10005d64 <usbd_edpt_xfer>
10005e08:	200022a8 	.word	0x200022a8

10005e0c <tud_control_xfer>:
10005e0c:	f8df c0ac 	ldr.w	ip, [pc, #172]	@ 10005ebc <tud_control_xfer+0xb0>
10005e10:	b570      	push	{r4, r5, r6, lr}
10005e12:	4615      	mov	r5, r2
10005e14:	4662      	mov	r2, ip
10005e16:	2400      	movs	r4, #0
10005e18:	468e      	mov	lr, r1
10005e1a:	4606      	mov	r6, r0
10005e1c:	6808      	ldr	r0, [r1, #0]
10005e1e:	6849      	ldr	r1, [r1, #4]
10005e20:	b082      	sub	sp, #8
10005e22:	c203      	stmia	r2!, {r0, r1}
10005e24:	f8cc 5008 	str.w	r5, [ip, #8]
10005e28:	f8ac 400e 	strh.w	r4, [ip, #14]
10005e2c:	f8be 2006 	ldrh.w	r2, [lr, #6]
10005e30:	4293      	cmp	r3, r2
10005e32:	bf28      	it	cs
10005e34:	4613      	movcs	r3, r2
10005e36:	f8ac 300c 	strh.w	r3, [ip, #12]
10005e3a:	b18a      	cbz	r2, 10005e60 <tud_control_xfer+0x54>
10005e3c:	b333      	cbz	r3, 10005e8c <tud_control_xfer+0x80>
10005e3e:	b1dd      	cbz	r5, 10005e78 <tud_control_xfer+0x6c>
10005e40:	f99c 2000 	ldrsb.w	r2, [ip]
10005e44:	2b40      	cmp	r3, #64	@ 0x40
10005e46:	bf28      	it	cs
10005e48:	2340      	movcs	r3, #64	@ 0x40
10005e4a:	2a00      	cmp	r2, #0
10005e4c:	db29      	blt.n	10005ea2 <tud_control_xfer+0x96>
10005e4e:	4621      	mov	r1, r4
10005e50:	4630      	mov	r0, r6
10005e52:	4a19      	ldr	r2, [pc, #100]	@ (10005eb8 <tud_control_xfer+0xac>)
10005e54:	f7ff ff86 	bl	10005d64 <usbd_edpt_xfer>
10005e58:	b170      	cbz	r0, 10005e78 <tud_control_xfer+0x6c>
10005e5a:	2001      	movs	r0, #1
10005e5c:	b002      	add	sp, #8
10005e5e:	bd70      	pop	{r4, r5, r6, pc}
10005e60:	f89e 1000 	ldrb.w	r1, [lr]
10005e64:	4613      	mov	r3, r2
10005e66:	f081 01ff 	eor.w	r1, r1, #255	@ 0xff
10005e6a:	4630      	mov	r0, r6
10005e6c:	f001 0180 	and.w	r1, r1, #128	@ 0x80
10005e70:	f7ff ff78 	bl	10005d64 <usbd_edpt_xfer>
10005e74:	2800      	cmp	r0, #0
10005e76:	d1f0      	bne.n	10005e5a <tud_control_xfer+0x4e>
10005e78:	f04f 23e0 	mov.w	r3, #3758153728	@ 0xe000e000
10005e7c:	f8d3 3df0 	ldr.w	r3, [r3, #3568]	@ 0xdf0
10005e80:	07db      	lsls	r3, r3, #31
10005e82:	d500      	bpl.n	10005e86 <tud_control_xfer+0x7a>
10005e84:	be00      	bkpt	0x0000
10005e86:	2000      	movs	r0, #0
10005e88:	b002      	add	sp, #8
10005e8a:	bd70      	pop	{r4, r5, r6, pc}
10005e8c:	461a      	mov	r2, r3
10005e8e:	f89c 1000 	ldrb.w	r1, [ip]
10005e92:	f001 0180 	and.w	r1, r1, #128	@ 0x80
10005e96:	4630      	mov	r0, r6
10005e98:	f7ff ff64 	bl	10005d64 <usbd_edpt_xfer>
10005e9c:	2800      	cmp	r0, #0
10005e9e:	d1dc      	bne.n	10005e5a <tud_control_xfer+0x4e>
10005ea0:	e7ea      	b.n	10005e78 <tud_control_xfer+0x6c>
10005ea2:	461a      	mov	r2, r3
10005ea4:	4629      	mov	r1, r5
10005ea6:	4804      	ldr	r0, [pc, #16]	@ (10005eb8 <tud_control_xfer+0xac>)
10005ea8:	9301      	str	r3, [sp, #4]
10005eaa:	f003 fb13 	bl	100094d4 <memcpy>
10005eae:	2180      	movs	r1, #128	@ 0x80
10005eb0:	4a01      	ldr	r2, [pc, #4]	@ (10005eb8 <tud_control_xfer+0xac>)
10005eb2:	9b01      	ldr	r3, [sp, #4]
10005eb4:	e7ef      	b.n	10005e96 <tud_control_xfer+0x8a>
10005eb6:	bf00      	nop
10005eb8:	20002268 	.word	0x20002268
10005ebc:	200022a8 	.word	0x200022a8

10005ec0 <usbd_control_reset>:
10005ec0:	2200      	movs	r2, #0
10005ec2:	4b03      	ldr	r3, [pc, #12]	@ (10005ed0 <usbd_control_reset+0x10>)
10005ec4:	e9c3 2200 	strd	r2, r2, [r3]
10005ec8:	e9c3 2202 	strd	r2, r2, [r3, #8]
10005ecc:	611a      	str	r2, [r3, #16]
10005ece:	4770      	bx	lr
10005ed0:	200022a8 	.word	0x200022a8

10005ed4 <usbd_control_set_complete_callback>:
10005ed4:	4b01      	ldr	r3, [pc, #4]	@ (10005edc <usbd_control_set_complete_callback+0x8>)
10005ed6:	6118      	str	r0, [r3, #16]
10005ed8:	4770      	bx	lr
10005eda:	bf00      	nop
10005edc:	200022a8 	.word	0x200022a8

10005ee0 <usbd_control_set_request>:
10005ee0:	4601      	mov	r1, r0
10005ee2:	4a05      	ldr	r2, [pc, #20]	@ (10005ef8 <usbd_control_set_request+0x18>)
10005ee4:	f04f 0c00 	mov.w	ip, #0
10005ee8:	4613      	mov	r3, r2
10005eea:	6800      	ldr	r0, [r0, #0]
10005eec:	6849      	ldr	r1, [r1, #4]
10005eee:	e9c2 cc02 	strd	ip, ip, [r2, #8]
10005ef2:	c303      	stmia	r3!, {r0, r1}
10005ef4:	4770      	bx	lr
10005ef6:	bf00      	nop
10005ef8:	200022a8 	.word	0x200022a8

10005efc <usbd_control_xfer_cb>:
10005efc:	b530      	push	{r4, r5, lr}
10005efe:	4c3e      	ldr	r4, [pc, #248]	@ (10005ff8 <usbd_control_xfer_cb+0xfc>)
10005f00:	09c9      	lsrs	r1, r1, #7
10005f02:	7822      	ldrb	r2, [r4, #0]
10005f04:	4605      	mov	r5, r0
10005f06:	ebb1 1fd2 	cmp.w	r1, r2, lsr #7
10005f0a:	b083      	sub	sp, #12
10005f0c:	d017      	beq.n	10005f3e <usbd_control_xfer_cb+0x42>
10005f0e:	b153      	cbz	r3, 10005f26 <usbd_control_xfer_cb+0x2a>
10005f10:	f04f 23e0 	mov.w	r3, #3758153728	@ 0xe000e000
10005f14:	f8d3 3df0 	ldr.w	r3, [r3, #3568]	@ 0xdf0
10005f18:	07db      	lsls	r3, r3, #31
10005f1a:	d402      	bmi.n	10005f22 <usbd_control_xfer_cb+0x26>
10005f1c:	2000      	movs	r0, #0
10005f1e:	b003      	add	sp, #12
10005f20:	bd30      	pop	{r4, r5, pc}
10005f22:	be00      	bkpt	0x0000
10005f24:	e7fa      	b.n	10005f1c <usbd_control_xfer_cb+0x20>
10005f26:	4621      	mov	r1, r4
10005f28:	f7ff f8a2 	bl	10005070 <dcd_edpt0_status_complete>
10005f2c:	6923      	ldr	r3, [r4, #16]
10005f2e:	b11b      	cbz	r3, 10005f38 <usbd_control_xfer_cb+0x3c>
10005f30:	4622      	mov	r2, r4
10005f32:	2103      	movs	r1, #3
10005f34:	4628      	mov	r0, r5
10005f36:	4798      	blx	r3
10005f38:	2001      	movs	r0, #1
10005f3a:	b003      	add	sp, #12
10005f3c:	bd30      	pop	{r4, r5, pc}
10005f3e:	f994 2000 	ldrsb.w	r2, [r4]
10005f42:	2a00      	cmp	r2, #0
10005f44:	db08      	blt.n	10005f58 <usbd_control_xfer_cb+0x5c>
10005f46:	68a0      	ldr	r0, [r4, #8]
10005f48:	2800      	cmp	r0, #0
10005f4a:	d0e7      	beq.n	10005f1c <usbd_control_xfer_cb+0x20>
10005f4c:	461a      	mov	r2, r3
10005f4e:	492b      	ldr	r1, [pc, #172]	@ (10005ffc <usbd_control_xfer_cb+0x100>)
10005f50:	9301      	str	r3, [sp, #4]
10005f52:	f003 fabf 	bl	100094d4 <memcpy>
10005f56:	9b01      	ldr	r3, [sp, #4]
10005f58:	89e0      	ldrh	r0, [r4, #14]
10005f5a:	68a1      	ldr	r1, [r4, #8]
10005f5c:	88e2      	ldrh	r2, [r4, #6]
10005f5e:	4418      	add	r0, r3
10005f60:	b280      	uxth	r0, r0
10005f62:	4419      	add	r1, r3
10005f64:	4282      	cmp	r2, r0
10005f66:	81e0      	strh	r0, [r4, #14]
10005f68:	60a1      	str	r1, [r4, #8]
10005f6a:	d016      	beq.n	10005f9a <usbd_control_xfer_cb+0x9e>
10005f6c:	2b3f      	cmp	r3, #63	@ 0x3f
10005f6e:	d914      	bls.n	10005f9a <usbd_control_xfer_cb+0x9e>
10005f70:	89a2      	ldrh	r2, [r4, #12]
10005f72:	f994 4000 	ldrsb.w	r4, [r4]
10005f76:	1a13      	subs	r3, r2, r0
10005f78:	b29b      	uxth	r3, r3
10005f7a:	2b40      	cmp	r3, #64	@ 0x40
10005f7c:	bf28      	it	cs
10005f7e:	2340      	movcs	r3, #64	@ 0x40
10005f80:	2c00      	cmp	r4, #0
10005f82:	db28      	blt.n	10005fd6 <usbd_control_xfer_cb+0xda>
10005f84:	4290      	cmp	r0, r2
10005f86:	f04f 0100 	mov.w	r1, #0
10005f8a:	d032      	beq.n	10005ff2 <usbd_control_xfer_cb+0xf6>
10005f8c:	4a1b      	ldr	r2, [pc, #108]	@ (10005ffc <usbd_control_xfer_cb+0x100>)
10005f8e:	4628      	mov	r0, r5
10005f90:	f7ff fee8 	bl	10005d64 <usbd_edpt_xfer>
10005f94:	2800      	cmp	r0, #0
10005f96:	d1cf      	bne.n	10005f38 <usbd_control_xfer_cb+0x3c>
10005f98:	e7ba      	b.n	10005f10 <usbd_control_xfer_cb+0x14>
10005f9a:	6923      	ldr	r3, [r4, #16]
10005f9c:	b123      	cbz	r3, 10005fa8 <usbd_control_xfer_cb+0xac>
10005f9e:	2102      	movs	r1, #2
10005fa0:	4628      	mov	r0, r5
10005fa2:	4a15      	ldr	r2, [pc, #84]	@ (10005ff8 <usbd_control_xfer_cb+0xfc>)
10005fa4:	4798      	blx	r3
10005fa6:	b168      	cbz	r0, 10005fc4 <usbd_control_xfer_cb+0xc8>
10005fa8:	2300      	movs	r3, #0
10005faa:	7821      	ldrb	r1, [r4, #0]
10005fac:	4628      	mov	r0, r5
10005fae:	f081 01ff 	eor.w	r1, r1, #255	@ 0xff
10005fb2:	461a      	mov	r2, r3
10005fb4:	f001 0180 	and.w	r1, r1, #128	@ 0x80
10005fb8:	f7ff fed4 	bl	10005d64 <usbd_edpt_xfer>
10005fbc:	2800      	cmp	r0, #0
10005fbe:	d0a7      	beq.n	10005f10 <usbd_control_xfer_cb+0x14>
10005fc0:	2001      	movs	r0, #1
10005fc2:	e7ba      	b.n	10005f3a <usbd_control_xfer_cb+0x3e>
10005fc4:	4601      	mov	r1, r0
10005fc6:	4628      	mov	r0, r5
10005fc8:	f7ff f8fc 	bl	100051c4 <dcd_edpt_stall>
10005fcc:	2180      	movs	r1, #128	@ 0x80
10005fce:	4628      	mov	r0, r5
10005fd0:	f7ff f8f8 	bl	100051c4 <dcd_edpt_stall>
10005fd4:	e7b0      	b.n	10005f38 <usbd_control_xfer_cb+0x3c>
10005fd6:	4290      	cmp	r0, r2
10005fd8:	d008      	beq.n	10005fec <usbd_control_xfer_cb+0xf0>
10005fda:	461a      	mov	r2, r3
10005fdc:	4807      	ldr	r0, [pc, #28]	@ (10005ffc <usbd_control_xfer_cb+0x100>)
10005fde:	9301      	str	r3, [sp, #4]
10005fe0:	f003 fa78 	bl	100094d4 <memcpy>
10005fe4:	2180      	movs	r1, #128	@ 0x80
10005fe6:	4a05      	ldr	r2, [pc, #20]	@ (10005ffc <usbd_control_xfer_cb+0x100>)
10005fe8:	9b01      	ldr	r3, [sp, #4]
10005fea:	e7d0      	b.n	10005f8e <usbd_control_xfer_cb+0x92>
10005fec:	2180      	movs	r1, #128	@ 0x80
10005fee:	2200      	movs	r2, #0
10005ff0:	e7cd      	b.n	10005f8e <usbd_control_xfer_cb+0x92>
10005ff2:	460a      	mov	r2, r1
10005ff4:	e7cb      	b.n	10005f8e <usbd_control_xfer_cb+0x92>
10005ff6:	bf00      	nop
10005ff8:	200022a8 	.word	0x200022a8
10005ffc:	20002268 	.word	0x20002268

10006000 <_prep_out_transaction.isra.0>:
10006000:	b570      	push	{r4, r5, r6, lr}
10006002:	b082      	sub	sp, #8
10006004:	4604      	mov	r4, r0
10006006:	f7ff f99d 	bl	10005344 <tud_mounted>
1000600a:	b908      	cbnz	r0, 10006010 <_prep_out_transaction.isra.0+0x10>
1000600c:	b002      	add	sp, #8
1000600e:	bd70      	pop	{r4, r5, r6, pc}
10006010:	f7ff f9a0 	bl	10005354 <tud_suspended>
10006014:	4602      	mov	r2, r0
10006016:	2800      	cmp	r0, #0
10006018:	d1f8      	bne.n	1000600c <_prep_out_transaction.isra.0+0xc>
1000601a:	23c8      	movs	r3, #200	@ 0xc8
1000601c:	fb04 f303 	mul.w	r3, r4, r3
10006020:	4915      	ldr	r1, [pc, #84]	@ (10006078 <_prep_out_transaction.isra.0+0x78>)
10006022:	4625      	mov	r5, r4
10006024:	18cc      	adds	r4, r1, r3
10006026:	78e0      	ldrb	r0, [r4, #3]
10006028:	2800      	cmp	r0, #0
1000602a:	d0ef      	beq.n	1000600c <_prep_out_transaction.isra.0+0xc>
1000602c:	3310      	adds	r3, #16
1000602e:	185e      	adds	r6, r3, r1
10006030:	4630      	mov	r0, r6
10006032:	9201      	str	r2, [sp, #4]
10006034:	f000 fe02 	bl	10006c3c <tu_fifo_remaining>
10006038:	283f      	cmp	r0, #63	@ 0x3f
1000603a:	d9e7      	bls.n	1000600c <_prep_out_transaction.isra.0+0xc>
1000603c:	78e1      	ldrb	r1, [r4, #3]
1000603e:	9801      	ldr	r0, [sp, #4]
10006040:	f7ff fe6c 	bl	10005d1c <usbd_edpt_claim>
10006044:	2800      	cmp	r0, #0
10006046:	d0e1      	beq.n	1000600c <_prep_out_transaction.isra.0+0xc>
10006048:	4630      	mov	r0, r6
1000604a:	f000 fdf7 	bl	10006c3c <tu_fifo_remaining>
1000604e:	283f      	cmp	r0, #63	@ 0x3f
10006050:	78e1      	ldrb	r1, [r4, #3]
10006052:	d90a      	bls.n	1000606a <_prep_out_transaction.isra.0+0x6a>
10006054:	2340      	movs	r3, #64	@ 0x40
10006056:	f8df c024 	ldr.w	ip, [pc, #36]	@ 1000607c <_prep_out_transaction.isra.0+0x7c>
1000605a:	9801      	ldr	r0, [sp, #4]
1000605c:	eb0c 12c5 	add.w	r2, ip, r5, lsl #7
10006060:	b002      	add	sp, #8
10006062:	e8bd 4070 	ldmia.w	sp!, {r4, r5, r6, lr}
10006066:	f7ff be7d 	b.w	10005d64 <usbd_edpt_xfer>
1000606a:	9801      	ldr	r0, [sp, #4]
1000606c:	b002      	add	sp, #8
1000606e:	e8bd 4070 	ldmia.w	sp!, {r4, r5, r6, lr}
10006072:	f7ff be65 	b.w	10005d40 <usbd_edpt_release>
10006076:	bf00      	nop
10006078:	20001df0 	.word	0x20001df0
1000607c:	200021e4 	.word	0x200021e4

10006080 <tud_cdc_n_connected>:
10006080:	b510      	push	{r4, lr}
10006082:	4604      	mov	r4, r0
10006084:	f7ff f95e 	bl	10005344 <tud_mounted>
10006088:	b908      	cbnz	r0, 1000608e <tud_cdc_n_connected+0xe>
1000608a:	2000      	movs	r0, #0
1000608c:	bd10      	pop	{r4, pc}
1000608e:	f7ff f961 	bl	10005354 <tud_suspended>
10006092:	2800      	cmp	r0, #0
10006094:	d1f9      	bne.n	1000608a <tud_cdc_n_connected+0xa>
10006096:	22c8      	movs	r2, #200	@ 0xc8
10006098:	4b03      	ldr	r3, [pc, #12]	@ (100060a8 <tud_cdc_n_connected+0x28>)
1000609a:	fb02 3304 	mla	r3, r2, r4, r3
1000609e:	7918      	ldrb	r0, [r3, #4]
100060a0:	f000 0001 	and.w	r0, r0, #1
100060a4:	bd10      	pop	{r4, pc}
100060a6:	bf00      	nop
100060a8:	20001df0 	.word	0x20001df0

100060ac <tud_cdc_n_available>:
100060ac:	22c8      	movs	r2, #200	@ 0xc8
100060ae:	b508      	push	{r3, lr}
100060b0:	4b02      	ldr	r3, [pc, #8]	@ (100060bc <tud_cdc_n_available+0x10>)
100060b2:	fb02 3000 	mla	r0, r2, r0, r3
100060b6:	f000 fda7 	bl	10006c08 <tu_fifo_count>
100060ba:	bd08      	pop	{r3, pc}
100060bc:	20001e00 	.word	0x20001e00

100060c0 <tud_cdc_n_read>:
100060c0:	f64f 73ff 	movw	r3, #65535	@ 0xffff
100060c4:	e92d 41f0 	stmdb	sp!, {r4, r5, r6, r7, r8, lr}
100060c8:	24c8      	movs	r4, #200	@ 0xc8
100060ca:	429a      	cmp	r2, r3
100060cc:	bf28      	it	cs
100060ce:	461a      	movcs	r2, r3
100060d0:	fb00 f404 	mul.w	r4, r0, r4
100060d4:	4d1b      	ldr	r5, [pc, #108]	@ (10006144 <tud_cdc_n_read+0x84>)
100060d6:	f104 0310 	add.w	r3, r4, #16
100060da:	b082      	sub	sp, #8
100060dc:	4680      	mov	r8, r0
100060de:	b292      	uxth	r2, r2
100060e0:	1958      	adds	r0, r3, r5
100060e2:	195f      	adds	r7, r3, r5
100060e4:	f000 fe0a 	bl	10006cfc <tu_fifo_read_n>
100060e8:	4606      	mov	r6, r0
100060ea:	f7ff f92b 	bl	10005344 <tud_mounted>
100060ee:	b918      	cbnz	r0, 100060f8 <tud_cdc_n_read+0x38>
100060f0:	4630      	mov	r0, r6
100060f2:	b002      	add	sp, #8
100060f4:	e8bd 81f0 	ldmia.w	sp!, {r4, r5, r6, r7, r8, pc}
100060f8:	f7ff f92c 	bl	10005354 <tud_suspended>
100060fc:	2800      	cmp	r0, #0
100060fe:	d1f7      	bne.n	100060f0 <tud_cdc_n_read+0x30>
10006100:	4425      	add	r5, r4
10006102:	78ea      	ldrb	r2, [r5, #3]
10006104:	2a00      	cmp	r2, #0
10006106:	d0f3      	beq.n	100060f0 <tud_cdc_n_read+0x30>
10006108:	9001      	str	r0, [sp, #4]
1000610a:	4638      	mov	r0, r7
1000610c:	f000 fd96 	bl	10006c3c <tu_fifo_remaining>
10006110:	283f      	cmp	r0, #63	@ 0x3f
10006112:	d9ed      	bls.n	100060f0 <tud_cdc_n_read+0x30>
10006114:	9801      	ldr	r0, [sp, #4]
10006116:	78e9      	ldrb	r1, [r5, #3]
10006118:	f7ff fe00 	bl	10005d1c <usbd_edpt_claim>
1000611c:	2800      	cmp	r0, #0
1000611e:	d0e7      	beq.n	100060f0 <tud_cdc_n_read+0x30>
10006120:	4638      	mov	r0, r7
10006122:	f000 fd8b 	bl	10006c3c <tu_fifo_remaining>
10006126:	283f      	cmp	r0, #63	@ 0x3f
10006128:	78e9      	ldrb	r1, [r5, #3]
1000612a:	d907      	bls.n	1000613c <tud_cdc_n_read+0x7c>
1000612c:	4a06      	ldr	r2, [pc, #24]	@ (10006148 <tud_cdc_n_read+0x88>)
1000612e:	2340      	movs	r3, #64	@ 0x40
10006130:	9801      	ldr	r0, [sp, #4]
10006132:	eb02 12c8 	add.w	r2, r2, r8, lsl #7
10006136:	f7ff fe15 	bl	10005d64 <usbd_edpt_xfer>
1000613a:	e7d9      	b.n	100060f0 <tud_cdc_n_read+0x30>
1000613c:	9801      	ldr	r0, [sp, #4]
1000613e:	f7ff fdff 	bl	10005d40 <usbd_edpt_release>
10006142:	e7d5      	b.n	100060f0 <tud_cdc_n_read+0x30>
10006144:	20001df0 	.word	0x20001df0
10006148:	200021e4 	.word	0x200021e4

1000614c <tud_cdc_n_write_flush>:
1000614c:	b5f0      	push	{r4, r5, r6, r7, lr}
1000614e:	b083      	sub	sp, #12
10006150:	4605      	mov	r5, r0
10006152:	f7ff f8f7 	bl	10005344 <tud_mounted>
10006156:	b910      	cbnz	r0, 1000615e <tud_cdc_n_write_flush+0x12>
10006158:	2000      	movs	r0, #0
1000615a:	b003      	add	sp, #12
1000615c:	bdf0      	pop	{r4, r5, r6, r7, pc}
1000615e:	f7ff f8f9 	bl	10005354 <tud_suspended>
10006162:	4604      	mov	r4, r0
10006164:	2800      	cmp	r0, #0
10006166:	d1f7      	bne.n	10006158 <tud_cdc_n_write_flush+0xc>
10006168:	23c8      	movs	r3, #200	@ 0xc8
1000616a:	fb05 f303 	mul.w	r3, r5, r3
1000616e:	4a1a      	ldr	r2, [pc, #104]	@ (100061d8 <tud_cdc_n_write_flush+0x8c>)
10006170:	f103 0124 	add.w	r1, r3, #36	@ 0x24
10006174:	188f      	adds	r7, r1, r2
10006176:	4638      	mov	r0, r7
10006178:	9300      	str	r3, [sp, #0]
1000617a:	f000 fd45 	bl	10006c08 <tu_fifo_count>
1000617e:	2800      	cmp	r0, #0
10006180:	d0ea      	beq.n	10006158 <tud_cdc_n_write_flush+0xc>
10006182:	4a15      	ldr	r2, [pc, #84]	@ (100061d8 <tud_cdc_n_write_flush+0x8c>)
10006184:	9b00      	ldr	r3, [sp, #0]
10006186:	4620      	mov	r0, r4
10006188:	18d6      	adds	r6, r2, r3
1000618a:	78b1      	ldrb	r1, [r6, #2]
1000618c:	f7ff fdc6 	bl	10005d1c <usbd_edpt_claim>
10006190:	2800      	cmp	r0, #0
10006192:	d0e1      	beq.n	10006158 <tud_cdc_n_write_flush+0xc>
10006194:	4911      	ldr	r1, [pc, #68]	@ (100061dc <tud_cdc_n_write_flush+0x90>)
10006196:	4638      	mov	r0, r7
10006198:	eb01 11c5 	add.w	r1, r1, r5, lsl #7
1000619c:	2240      	movs	r2, #64	@ 0x40
1000619e:	9100      	str	r1, [sp, #0]
100061a0:	f000 fdac 	bl	10006cfc <tu_fifo_read_n>
100061a4:	f896 c002 	ldrb.w	ip, [r6, #2]
100061a8:	4603      	mov	r3, r0
100061aa:	b170      	cbz	r0, 100061ca <tud_cdc_n_write_flush+0x7e>
100061ac:	9001      	str	r0, [sp, #4]
100061ae:	4661      	mov	r1, ip
100061b0:	4620      	mov	r0, r4
100061b2:	9a00      	ldr	r2, [sp, #0]
100061b4:	f7ff fdd6 	bl	10005d64 <usbd_edpt_xfer>
100061b8:	b958      	cbnz	r0, 100061d2 <tud_cdc_n_write_flush+0x86>
100061ba:	f04f 23e0 	mov.w	r3, #3758153728	@ 0xe000e000
100061be:	f8d3 3df0 	ldr.w	r3, [r3, #3568]	@ 0xdf0
100061c2:	07db      	lsls	r3, r3, #31
100061c4:	d5c8      	bpl.n	10006158 <tud_cdc_n_write_flush+0xc>
100061c6:	be00      	bkpt	0x0000
100061c8:	e7c6      	b.n	10006158 <tud_cdc_n_write_flush+0xc>
100061ca:	4661      	mov	r1, ip
100061cc:	f7ff fdb8 	bl	10005d40 <usbd_edpt_release>
100061d0:	e7c2      	b.n	10006158 <tud_cdc_n_write_flush+0xc>
100061d2:	9801      	ldr	r0, [sp, #4]
100061d4:	e7c1      	b.n	1000615a <tud_cdc_n_write_flush+0xe>
100061d6:	bf00      	nop
100061d8:	20001df0 	.word	0x20001df0
100061dc:	20002224 	.word	0x20002224

100061e0 <tud_cdc_n_write>:
100061e0:	b570      	push	{r4, r5, r6, lr}
100061e2:	4605      	mov	r5, r0
100061e4:	f64f 70ff 	movw	r0, #65535	@ 0xffff
100061e8:	23c8      	movs	r3, #200	@ 0xc8
100061ea:	4282      	cmp	r2, r0
100061ec:	bf28      	it	cs
100061ee:	4602      	movcs	r2, r0
100061f0:	4c09      	ldr	r4, [pc, #36]	@ (10006218 <tud_cdc_n_write+0x38>)
100061f2:	b292      	uxth	r2, r2
100061f4:	fb03 4405 	mla	r4, r3, r5, r4
100061f8:	4620      	mov	r0, r4
100061fa:	f000 fe43 	bl	10006e84 <tu_fifo_write_n>
100061fe:	4606      	mov	r6, r0
10006200:	4620      	mov	r0, r4
10006202:	f000 fd01 	bl	10006c08 <tu_fifo_count>
10006206:	283f      	cmp	r0, #63	@ 0x3f
10006208:	d801      	bhi.n	1000620e <tud_cdc_n_write+0x2e>
1000620a:	4630      	mov	r0, r6
1000620c:	bd70      	pop	{r4, r5, r6, pc}
1000620e:	4628      	mov	r0, r5
10006210:	f7ff ff9c 	bl	1000614c <tud_cdc_n_write_flush>
10006214:	4630      	mov	r0, r6
10006216:	bd70      	pop	{r4, r5, r6, pc}
10006218:	20001e14 	.word	0x20001e14

1000621c <tud_cdc_n_write_available>:
1000621c:	22c8      	movs	r2, #200	@ 0xc8
1000621e:	b508      	push	{r3, lr}
10006220:	4b02      	ldr	r3, [pc, #8]	@ (1000622c <tud_cdc_n_write_available+0x10>)
10006222:	fb02 3000 	mla	r0, r2, r0, r3
10006226:	f000 fd09 	bl	10006c3c <tu_fifo_remaining>
1000622a:	bd08      	pop	{r3, pc}
1000622c:	20001e14 	.word	0x20001e14

10006230 <cdcd_init>:
10006230:	b570      	push	{r4, r5, r6, lr}
10006232:	2400      	movs	r4, #0
10006234:	b082      	sub	sp, #8
10006236:	22c8      	movs	r2, #200	@ 0xc8
10006238:	2100      	movs	r1, #0
1000623a:	4818      	ldr	r0, [pc, #96]	@ (1000629c <cdcd_init+0x6c>)
1000623c:	f002 fe7c 	bl	10008f38 <memset>
10006240:	23ff      	movs	r3, #255	@ 0xff
10006242:	f44f 31e1 	mov.w	r1, #115200	@ 0x1c200
10006246:	2208      	movs	r2, #8
10006248:	4815      	ldr	r0, [pc, #84]	@ (100062a0 <cdcd_init+0x70>)
1000624a:	7004      	strb	r4, [r0, #0]
1000624c:	4813      	ldr	r0, [pc, #76]	@ (1000629c <cdcd_init+0x6c>)
1000624e:	9400      	str	r4, [sp, #0]
10006250:	4606      	mov	r6, r0
10006252:	7143      	strb	r3, [r0, #5]
10006254:	6081      	str	r1, [r0, #8]
10006256:	7382      	strb	r2, [r0, #14]
10006258:	f100 0138 	add.w	r1, r0, #56	@ 0x38
1000625c:	2301      	movs	r3, #1
1000625e:	2240      	movs	r2, #64	@ 0x40
10006260:	3010      	adds	r0, #16
10006262:	f000 fca1 	bl	10006ba8 <tu_fifo_config>
10006266:	2301      	movs	r3, #1
10006268:	2240      	movs	r2, #64	@ 0x40
1000626a:	f106 0178 	add.w	r1, r6, #120	@ 0x78
1000626e:	9300      	str	r3, [sp, #0]
10006270:	f106 05b8 	add.w	r5, r6, #184	@ 0xb8
10006274:	f106 0024 	add.w	r0, r6, #36	@ 0x24
10006278:	f000 fc96 	bl	10006ba8 <tu_fifo_config>
1000627c:	4628      	mov	r0, r5
1000627e:	f7fb fa0d 	bl	1000169c <mutex_init>
10006282:	f106 00c0 	add.w	r0, r6, #192	@ 0xc0
10006286:	f7fb fa09 	bl	1000169c <mutex_init>
1000628a:	f106 00c0 	add.w	r0, r6, #192	@ 0xc0
1000628e:	e9c6 4507 	strd	r4, r5, [r6, #28]
10006292:	e9c6 040c 	strd	r0, r4, [r6, #48]	@ 0x30
10006296:	b002      	add	sp, #8
10006298:	bd70      	pop	{r4, r5, r6, pc}
1000629a:	bf00      	nop
1000629c:	20001df0 	.word	0x20001df0
100062a0:	20002264 	.word	0x20002264

100062a4 <cdcd_deinit>:
100062a4:	4b0a      	ldr	r3, [pc, #40]	@ (100062d0 <cdcd_deinit+0x2c>)
100062a6:	6b19      	ldr	r1, [r3, #48]	@ 0x30
100062a8:	6a1a      	ldr	r2, [r3, #32]
100062aa:	b161      	cbz	r1, 100062c6 <cdcd_deinit+0x22>
100062ac:	b13a      	cbz	r2, 100062be <cdcd_deinit+0x1a>
100062ae:	2200      	movs	r2, #0
100062b0:	e9c3 220c 	strd	r2, r2, [r3, #48]	@ 0x30
100062b4:	61da      	str	r2, [r3, #28]
100062b6:	2200      	movs	r2, #0
100062b8:	621a      	str	r2, [r3, #32]
100062ba:	2001      	movs	r0, #1
100062bc:	4770      	bx	lr
100062be:	2001      	movs	r0, #1
100062c0:	e9c3 220c 	strd	r2, r2, [r3, #48]	@ 0x30
100062c4:	4770      	bx	lr
100062c6:	2a00      	cmp	r2, #0
100062c8:	d0f7      	beq.n	100062ba <cdcd_deinit+0x16>
100062ca:	61d9      	str	r1, [r3, #28]
100062cc:	e7f3      	b.n	100062b6 <cdcd_deinit+0x12>
100062ce:	bf00      	nop
100062d0:	20001df0 	.word	0x20001df0

100062d4 <cdcd_reset>:
100062d4:	2200      	movs	r2, #0
100062d6:	4910      	ldr	r1, [pc, #64]	@ (10006318 <cdcd_reset+0x44>)
100062d8:	b508      	push	{r3, lr}
100062da:	4810      	ldr	r0, [pc, #64]	@ (1000631c <cdcd_reset+0x48>)
100062dc:	780b      	ldrb	r3, [r1, #0]
100062de:	6002      	str	r2, [r0, #0]
100062e0:	7102      	strb	r2, [r0, #4]
100062e2:	07da      	lsls	r2, r3, #31
100062e4:	d507      	bpl.n	100062f6 <cdcd_reset+0x22>
100062e6:	079b      	lsls	r3, r3, #30
100062e8:	d50c      	bpl.n	10006304 <cdcd_reset+0x30>
100062ea:	e8bd 4008 	ldmia.w	sp!, {r3, lr}
100062ee:	2101      	movs	r1, #1
100062f0:	480b      	ldr	r0, [pc, #44]	@ (10006320 <cdcd_reset+0x4c>)
100062f2:	f000 be8b 	b.w	1000700c <tu_fifo_set_overwritable>
100062f6:	3010      	adds	r0, #16
100062f8:	f000 fe6c 	bl	10006fd4 <tu_fifo_clear>
100062fc:	4906      	ldr	r1, [pc, #24]	@ (10006318 <cdcd_reset+0x44>)
100062fe:	780b      	ldrb	r3, [r1, #0]
10006300:	079b      	lsls	r3, r3, #30
10006302:	d4f2      	bmi.n	100062ea <cdcd_reset+0x16>
10006304:	4806      	ldr	r0, [pc, #24]	@ (10006320 <cdcd_reset+0x4c>)
10006306:	f000 fe65 	bl	10006fd4 <tu_fifo_clear>
1000630a:	e8bd 4008 	ldmia.w	sp!, {r3, lr}
1000630e:	2101      	movs	r1, #1
10006310:	4803      	ldr	r0, [pc, #12]	@ (10006320 <cdcd_reset+0x4c>)
10006312:	f000 be7b 	b.w	1000700c <tu_fifo_set_overwritable>
10006316:	bf00      	nop
10006318:	20002264 	.word	0x20002264
1000631c:	20001df0 	.word	0x20001df0
10006320:	20001e14 	.word	0x20001e14

10006324 <cdcd_open>:
10006324:	b570      	push	{r4, r5, r6, lr}
10006326:	794b      	ldrb	r3, [r1, #5]
10006328:	b084      	sub	sp, #16
1000632a:	2b02      	cmp	r3, #2
1000632c:	d102      	bne.n	10006334 <cdcd_open+0x10>
1000632e:	798b      	ldrb	r3, [r1, #6]
10006330:	2b02      	cmp	r3, #2
10006332:	d003      	beq.n	1000633c <cdcd_open+0x18>
10006334:	2400      	movs	r4, #0
10006336:	4620      	mov	r0, r4
10006338:	b004      	add	sp, #16
1000633a:	bd70      	pop	{r4, r5, r6, pc}
1000633c:	4b2b      	ldr	r3, [pc, #172]	@ (100063ec <cdcd_open+0xc8>)
1000633e:	789b      	ldrb	r3, [r3, #2]
10006340:	b13b      	cbz	r3, 10006352 <cdcd_open+0x2e>
10006342:	f04f 23e0 	mov.w	r3, #3758153728	@ 0xe000e000
10006346:	f8d3 3df0 	ldr.w	r3, [r3, #3568]	@ 0xdf0
1000634a:	07db      	lsls	r3, r3, #31
1000634c:	d5f2      	bpl.n	10006334 <cdcd_open+0x10>
1000634e:	be00      	bkpt	0x0000
10006350:	e7f0      	b.n	10006334 <cdcd_open+0x10>
10006352:	788b      	ldrb	r3, [r1, #2]
10006354:	4605      	mov	r5, r0
10006356:	4825      	ldr	r0, [pc, #148]	@ (100063ec <cdcd_open+0xc8>)
10006358:	7003      	strb	r3, [r0, #0]
1000635a:	780b      	ldrb	r3, [r1, #0]
1000635c:	4419      	add	r1, r3
1000635e:	f891 c001 	ldrb.w	ip, [r1, #1]
10006362:	f1bc 0f24 	cmp.w	ip, #36	@ 0x24
10006366:	bf08      	it	eq
10006368:	2409      	moveq	r4, #9
1000636a:	d009      	beq.n	10006380 <cdcd_open+0x5c>
1000636c:	e03b      	b.n	100063e6 <cdcd_open+0xc2>
1000636e:	780b      	ldrb	r3, [r1, #0]
10006370:	4419      	add	r1, r3
10006372:	f891 c001 	ldrb.w	ip, [r1, #1]
10006376:	4423      	add	r3, r4
10006378:	f1bc 0f24 	cmp.w	ip, #36	@ 0x24
1000637c:	b29c      	uxth	r4, r3
1000637e:	d107      	bne.n	10006390 <cdcd_open+0x6c>
10006380:	4294      	cmp	r4, r2
10006382:	d9f4      	bls.n	1000636e <cdcd_open+0x4a>
10006384:	2000      	movs	r0, #0
10006386:	f7ff fe3b 	bl	10006000 <_prep_out_transaction.isra.0>
1000638a:	4620      	mov	r0, r4
1000638c:	b004      	add	sp, #16
1000638e:	bd70      	pop	{r4, r5, r6, pc}
10006390:	4663      	mov	r3, ip
10006392:	f1bc 0f05 	cmp.w	ip, #5
10006396:	d016      	beq.n	100063c6 <cdcd_open+0xa2>
10006398:	2b04      	cmp	r3, #4
1000639a:	d1f3      	bne.n	10006384 <cdcd_open+0x60>
1000639c:	794b      	ldrb	r3, [r1, #5]
1000639e:	2b0a      	cmp	r3, #10
100063a0:	d1f0      	bne.n	10006384 <cdcd_open+0x60>
100063a2:	4b13      	ldr	r3, [pc, #76]	@ (100063f0 <cdcd_open+0xcc>)
100063a4:	780a      	ldrb	r2, [r1, #0]
100063a6:	9301      	str	r3, [sp, #4]
100063a8:	3301      	adds	r3, #1
100063aa:	9300      	str	r3, [sp, #0]
100063ac:	2302      	movs	r3, #2
100063ae:	4616      	mov	r6, r2
100063b0:	4411      	add	r1, r2
100063b2:	4628      	mov	r0, r5
100063b4:	461a      	mov	r2, r3
100063b6:	f7ff fc33 	bl	10005c20 <usbd_open_edpt_pair>
100063ba:	2800      	cmp	r0, #0
100063bc:	d0c1      	beq.n	10006342 <cdcd_open+0x1e>
100063be:	340e      	adds	r4, #14
100063c0:	1933      	adds	r3, r6, r4
100063c2:	b29c      	uxth	r4, r3
100063c4:	e7de      	b.n	10006384 <cdcd_open+0x60>
100063c6:	4628      	mov	r0, r5
100063c8:	9103      	str	r1, [sp, #12]
100063ca:	f7ff fc79 	bl	10005cc0 <usbd_edpt_open>
100063ce:	9903      	ldr	r1, [sp, #12]
100063d0:	2800      	cmp	r0, #0
100063d2:	d0b6      	beq.n	10006342 <cdcd_open+0x1e>
100063d4:	788b      	ldrb	r3, [r1, #2]
100063d6:	4a05      	ldr	r2, [pc, #20]	@ (100063ec <cdcd_open+0xc8>)
100063d8:	7053      	strb	r3, [r2, #1]
100063da:	780b      	ldrb	r3, [r1, #0]
100063dc:	191a      	adds	r2, r3, r4
100063de:	4419      	add	r1, r3
100063e0:	784b      	ldrb	r3, [r1, #1]
100063e2:	b294      	uxth	r4, r2
100063e4:	e7d8      	b.n	10006398 <cdcd_open+0x74>
100063e6:	4663      	mov	r3, ip
100063e8:	2409      	movs	r4, #9
100063ea:	e7d2      	b.n	10006392 <cdcd_open+0x6e>
100063ec:	20001df0 	.word	0x20001df0
100063f0:	20001df2 	.word	0x20001df2

100063f4 <cdcd_control_xfer_cb>:
100063f4:	7813      	ldrb	r3, [r2, #0]
100063f6:	f003 0360 	and.w	r3, r3, #96	@ 0x60
100063fa:	2b20      	cmp	r3, #32
100063fc:	d10b      	bne.n	10006416 <cdcd_control_xfer_cb+0x22>
100063fe:	b500      	push	{lr}
10006400:	f8df c0bc 	ldr.w	ip, [pc, #188]	@ 100064c0 <cdcd_control_xfer_cb+0xcc>
10006404:	8893      	ldrh	r3, [r2, #4]
10006406:	f89c e000 	ldrb.w	lr, [ip]
1000640a:	b083      	sub	sp, #12
1000640c:	459e      	cmp	lr, r3
1000640e:	d004      	beq.n	1000641a <cdcd_control_xfer_cb+0x26>
10006410:	2000      	movs	r0, #0
10006412:	b003      	add	sp, #12
10006414:	bd00      	pop	{pc}
10006416:	2000      	movs	r0, #0
10006418:	4770      	bx	lr
1000641a:	7853      	ldrb	r3, [r2, #1]
1000641c:	3b20      	subs	r3, #32
1000641e:	2b03      	cmp	r3, #3
10006420:	d8f6      	bhi.n	10006410 <cdcd_control_xfer_cb+0x1c>
10006422:	e8df f003 	tbb	[pc, r3]
10006426:	272c      	.short	0x272c
10006428:	020d      	.short	0x020d
1000642a:	2901      	cmp	r1, #1
1000642c:	d033      	beq.n	10006496 <cdcd_control_xfer_cb+0xa2>
1000642e:	2903      	cmp	r1, #3
10006430:	d122      	bne.n	10006478 <cdcd_control_xfer_cb+0x84>
10006432:	4b1e      	ldr	r3, [pc, #120]	@ (100064ac <cdcd_control_xfer_cb+0xb8>)
10006434:	b303      	cbz	r3, 10006478 <cdcd_control_xfer_cb+0x84>
10006436:	2000      	movs	r0, #0
10006438:	8851      	ldrh	r1, [r2, #2]
1000643a:	f3af 8000 	nop.w
1000643e:	e01b      	b.n	10006478 <cdcd_control_xfer_cb+0x84>
10006440:	2901      	cmp	r1, #1
10006442:	d028      	beq.n	10006496 <cdcd_control_xfer_cb+0xa2>
10006444:	2903      	cmp	r1, #3
10006446:	d117      	bne.n	10006478 <cdcd_control_xfer_cb+0x84>
10006448:	8852      	ldrh	r2, [r2, #2]
1000644a:	4819      	ldr	r0, [pc, #100]	@ (100064b0 <cdcd_control_xfer_cb+0xbc>)
1000644c:	f002 0301 	and.w	r3, r2, #1
10006450:	f083 0101 	eor.w	r1, r3, #1
10006454:	9301      	str	r3, [sp, #4]
10006456:	f88c 2004 	strb.w	r2, [ip, #4]
1000645a:	9200      	str	r2, [sp, #0]
1000645c:	f000 fdd6 	bl	1000700c <tu_fifo_set_overwritable>
10006460:	4914      	ldr	r1, [pc, #80]	@ (100064b4 <cdcd_control_xfer_cb+0xc0>)
10006462:	b149      	cbz	r1, 10006478 <cdcd_control_xfer_cb+0x84>
10006464:	9a00      	ldr	r2, [sp, #0]
10006466:	2000      	movs	r0, #0
10006468:	9901      	ldr	r1, [sp, #4]
1000646a:	f3c2 0240 	ubfx	r2, r2, #1, #1
1000646e:	f3af 8000 	nop.w
10006472:	e001      	b.n	10006478 <cdcd_control_xfer_cb+0x84>
10006474:	2901      	cmp	r1, #1
10006476:	d012      	beq.n	1000649e <cdcd_control_xfer_cb+0xaa>
10006478:	2001      	movs	r0, #1
1000647a:	b003      	add	sp, #12
1000647c:	bd00      	pop	{pc}
1000647e:	2901      	cmp	r1, #1
10006480:	d00d      	beq.n	1000649e <cdcd_control_xfer_cb+0xaa>
10006482:	2903      	cmp	r1, #3
10006484:	d1f8      	bne.n	10006478 <cdcd_control_xfer_cb+0x84>
10006486:	4b0c      	ldr	r3, [pc, #48]	@ (100064b8 <cdcd_control_xfer_cb+0xc4>)
10006488:	2b00      	cmp	r3, #0
1000648a:	d0f5      	beq.n	10006478 <cdcd_control_xfer_cb+0x84>
1000648c:	2000      	movs	r0, #0
1000648e:	490b      	ldr	r1, [pc, #44]	@ (100064bc <cdcd_control_xfer_cb+0xc8>)
10006490:	f7fe fa3a 	bl	10004908 <tud_cdc_line_coding_cb>
10006494:	e7f0      	b.n	10006478 <cdcd_control_xfer_cb+0x84>
10006496:	4611      	mov	r1, r2
10006498:	f7ff fc9c 	bl	10005dd4 <tud_control_status>
1000649c:	e7ec      	b.n	10006478 <cdcd_control_xfer_cb+0x84>
1000649e:	4611      	mov	r1, r2
100064a0:	2307      	movs	r3, #7
100064a2:	4a06      	ldr	r2, [pc, #24]	@ (100064bc <cdcd_control_xfer_cb+0xc8>)
100064a4:	f7ff fcb2 	bl	10005e0c <tud_control_xfer>
100064a8:	e7e6      	b.n	10006478 <cdcd_control_xfer_cb+0x84>
100064aa:	bf00      	nop
100064ac:	00000000 	.word	0x00000000
100064b0:	20001e14 	.word	0x20001e14
100064b4:	00000000 	.word	0x00000000
100064b8:	10004909 	.word	0x10004909
100064bc:	20001df8 	.word	0x20001df8
100064c0:	20001df0 	.word	0x20001df0

100064c4 <cdcd_xfer_cb>:
100064c4:	e92d 41f0 	stmdb	sp!, {r4, r5, r6, r7, r8, lr}
100064c8:	4c35      	ldr	r4, [pc, #212]	@ (100065a0 <cdcd_xfer_cb+0xdc>)
100064ca:	460d      	mov	r5, r1
100064cc:	78e2      	ldrb	r2, [r4, #3]
100064ce:	4607      	mov	r7, r0
100064d0:	428a      	cmp	r2, r1
100064d2:	461e      	mov	r6, r3
100064d4:	b082      	sub	sp, #8
100064d6:	d02f      	beq.n	10006538 <cdcd_xfer_cb+0x74>
100064d8:	78a3      	ldrb	r3, [r4, #2]
100064da:	428b      	cmp	r3, r1
100064dc:	d009      	beq.n	100064f2 <cdcd_xfer_cb+0x2e>
100064de:	f04f 23e0 	mov.w	r3, #3758153728	@ 0xe000e000
100064e2:	f8d3 3df0 	ldr.w	r3, [r3, #3568]	@ 0xdf0
100064e6:	07db      	lsls	r3, r3, #31
100064e8:	d424      	bmi.n	10006534 <cdcd_xfer_cb+0x70>
100064ea:	2000      	movs	r0, #0
100064ec:	b002      	add	sp, #8
100064ee:	e8bd 81f0 	ldmia.w	sp!, {r4, r5, r6, r7, r8, pc}
100064f2:	4b2c      	ldr	r3, [pc, #176]	@ (100065a4 <cdcd_xfer_cb+0xe0>)
100064f4:	b113      	cbz	r3, 100064fc <cdcd_xfer_cb+0x38>
100064f6:	2000      	movs	r0, #0
100064f8:	f3af 8000 	nop.w
100064fc:	2000      	movs	r0, #0
100064fe:	f7ff fe25 	bl	1000614c <tud_cdc_n_write_flush>
10006502:	2800      	cmp	r0, #0
10006504:	d147      	bne.n	10006596 <cdcd_xfer_cb+0xd2>
10006506:	4828      	ldr	r0, [pc, #160]	@ (100065a8 <cdcd_xfer_cb+0xe4>)
10006508:	f000 fb7e 	bl	10006c08 <tu_fifo_count>
1000650c:	2800      	cmp	r0, #0
1000650e:	d142      	bne.n	10006596 <cdcd_xfer_cb+0xd2>
10006510:	2e00      	cmp	r6, #0
10006512:	d040      	beq.n	10006596 <cdcd_xfer_cb+0xd2>
10006514:	f016 053f 	ands.w	r5, r6, #63	@ 0x3f
10006518:	d13d      	bne.n	10006596 <cdcd_xfer_cb+0xd2>
1000651a:	4638      	mov	r0, r7
1000651c:	78a1      	ldrb	r1, [r4, #2]
1000651e:	f7ff fbfd 	bl	10005d1c <usbd_edpt_claim>
10006522:	2800      	cmp	r0, #0
10006524:	d037      	beq.n	10006596 <cdcd_xfer_cb+0xd2>
10006526:	462b      	mov	r3, r5
10006528:	462a      	mov	r2, r5
1000652a:	4638      	mov	r0, r7
1000652c:	78a1      	ldrb	r1, [r4, #2]
1000652e:	f7ff fc19 	bl	10005d64 <usbd_edpt_xfer>
10006532:	e030      	b.n	10006596 <cdcd_xfer_cb+0xd2>
10006534:	be00      	bkpt	0x0000
10006536:	e7d8      	b.n	100064ea <cdcd_xfer_cb+0x26>
10006538:	b29a      	uxth	r2, r3
1000653a:	491c      	ldr	r1, [pc, #112]	@ (100065ac <cdcd_xfer_cb+0xe8>)
1000653c:	f104 0010 	add.w	r0, r4, #16
10006540:	f000 fca0 	bl	10006e84 <tu_fifo_write_n>
10006544:	4b1a      	ldr	r3, [pc, #104]	@ (100065b0 <cdcd_xfer_cb+0xec>)
10006546:	b1d3      	cbz	r3, 1000657e <cdcd_xfer_cb+0xba>
10006548:	7962      	ldrb	r2, [r4, #5]
1000654a:	2aff      	cmp	r2, #255	@ 0xff
1000654c:	d017      	beq.n	1000657e <cdcd_xfer_cb+0xba>
1000654e:	b1b6      	cbz	r6, 1000657e <cdcd_xfer_cb+0xba>
10006550:	4b16      	ldr	r3, [pc, #88]	@ (100065ac <cdcd_xfer_cb+0xe8>)
10006552:	eb03 0806 	add.w	r8, r3, r6
10006556:	e002      	b.n	1000655e <cdcd_xfer_cb+0x9a>
10006558:	4543      	cmp	r3, r8
1000655a:	d010      	beq.n	1000657e <cdcd_xfer_cb+0xba>
1000655c:	7962      	ldrb	r2, [r4, #5]
1000655e:	f813 1b01 	ldrb.w	r1, [r3], #1
10006562:	4291      	cmp	r1, r2
10006564:	d1f8      	bne.n	10006558 <cdcd_xfer_cb+0x94>
10006566:	4813      	ldr	r0, [pc, #76]	@ (100065b4 <cdcd_xfer_cb+0xf0>)
10006568:	9301      	str	r3, [sp, #4]
1000656a:	f000 fb5d 	bl	10006c28 <tu_fifo_empty>
1000656e:	9b01      	ldr	r3, [sp, #4]
10006570:	2800      	cmp	r0, #0
10006572:	d1f1      	bne.n	10006558 <cdcd_xfer_cb+0x94>
10006574:	7961      	ldrb	r1, [r4, #5]
10006576:	f3af 8000 	nop.w
1000657a:	9b01      	ldr	r3, [sp, #4]
1000657c:	e7ec      	b.n	10006558 <cdcd_xfer_cb+0x94>
1000657e:	4b0e      	ldr	r3, [pc, #56]	@ (100065b8 <cdcd_xfer_cb+0xf4>)
10006580:	b11b      	cbz	r3, 1000658a <cdcd_xfer_cb+0xc6>
10006582:	480c      	ldr	r0, [pc, #48]	@ (100065b4 <cdcd_xfer_cb+0xf0>)
10006584:	f000 fb50 	bl	10006c28 <tu_fifo_empty>
10006588:	b138      	cbz	r0, 1000659a <cdcd_xfer_cb+0xd6>
1000658a:	2000      	movs	r0, #0
1000658c:	f7ff fd38 	bl	10006000 <_prep_out_transaction.isra.0>
10006590:	78a3      	ldrb	r3, [r4, #2]
10006592:	42ab      	cmp	r3, r5
10006594:	d0ad      	beq.n	100064f2 <cdcd_xfer_cb+0x2e>
10006596:	2001      	movs	r0, #1
10006598:	e7a8      	b.n	100064ec <cdcd_xfer_cb+0x28>
1000659a:	f3af 8000 	nop.w
1000659e:	e7f4      	b.n	1000658a <cdcd_xfer_cb+0xc6>
100065a0:	20001df0 	.word	0x20001df0
100065a4:	00000000 	.word	0x00000000
100065a8:	20001e14 	.word	0x20001e14
100065ac:	200021e4 	.word	0x200021e4
100065b0:	00000000 	.word	0x00000000
100065b4:	20001e00 	.word	0x20001e00
100065b8:	00000000 	.word	0x00000000

100065bc <vendord_init>:
100065bc:	b5f0      	push	{r4, r5, r6, r7, lr}
100065be:	f44f 7213 	mov.w	r2, #588	@ 0x24c
100065c2:	b085      	sub	sp, #20
100065c4:	2100      	movs	r1, #0
100065c6:	4812      	ldr	r0, [pc, #72]	@ (10006610 <vendord_init+0x54>)
100065c8:	f002 fcb6 	bl	10008f38 <memset>
100065cc:	2640      	movs	r6, #64	@ 0x40
100065ce:	2300      	movs	r3, #0
100065d0:	f44f 7580 	mov.w	r5, #256	@ 0x100
100065d4:	4f0e      	ldr	r7, [pc, #56]	@ (10006610 <vendord_init+0x54>)
100065d6:	4c0f      	ldr	r4, [pc, #60]	@ (10006614 <vendord_init+0x58>)
100065d8:	f507 72a6 	add.w	r2, r7, #332	@ 0x14c
100065dc:	4619      	mov	r1, r3
100065de:	e9cd 4602 	strd	r4, r6, [sp, #8]
100065e2:	9200      	str	r2, [sp, #0]
100065e4:	9501      	str	r5, [sp, #4]
100065e6:	461a      	mov	r2, r3
100065e8:	f507 7094 	add.w	r0, r7, #296	@ 0x128
100065ec:	f000 f9d6 	bl	1000699c <tu_edpt_stream_init>
100065f0:	2300      	movs	r3, #0
100065f2:	f107 0128 	add.w	r1, r7, #40	@ 0x28
100065f6:	4434      	add	r4, r6
100065f8:	9100      	str	r1, [sp, #0]
100065fa:	2201      	movs	r2, #1
100065fc:	4619      	mov	r1, r3
100065fe:	e9cd 4602 	strd	r4, r6, [sp, #8]
10006602:	9501      	str	r5, [sp, #4]
10006604:	1d38      	adds	r0, r7, #4
10006606:	f000 f9c9 	bl	1000699c <tu_edpt_stream_init>
1000660a:	b005      	add	sp, #20
1000660c:	bdf0      	pop	{r4, r5, r6, r7, pc}
1000660e:	bf00      	nop
10006610:	20002484 	.word	0x20002484
10006614:	20002404 	.word	0x20002404

10006618 <vendord_deinit>:
10006618:	b508      	push	{r3, lr}
1000661a:	4804      	ldr	r0, [pc, #16]	@ (1000662c <vendord_deinit+0x14>)
1000661c:	f000 f9ea 	bl	100069f4 <tu_edpt_stream_deinit>
10006620:	4803      	ldr	r0, [pc, #12]	@ (10006630 <vendord_deinit+0x18>)
10006622:	f000 f9e7 	bl	100069f4 <tu_edpt_stream_deinit>
10006626:	2001      	movs	r0, #1
10006628:	bd08      	pop	{r3, pc}
1000662a:	bf00      	nop
1000662c:	200025ac 	.word	0x200025ac
10006630:	20002488 	.word	0x20002488

10006634 <vendord_reset>:
10006634:	b538      	push	{r3, r4, r5, lr}
10006636:	2500      	movs	r5, #0
10006638:	4c06      	ldr	r4, [pc, #24]	@ (10006654 <vendord_reset+0x20>)
1000663a:	f504 7098 	add.w	r0, r4, #304	@ 0x130
1000663e:	7025      	strb	r5, [r4, #0]
10006640:	f000 fcc8 	bl	10006fd4 <tu_fifo_clear>
10006644:	f104 000c 	add.w	r0, r4, #12
10006648:	f000 fcc4 	bl	10006fd4 <tu_fifo_clear>
1000664c:	f884 5129 	strb.w	r5, [r4, #297]	@ 0x129
10006650:	7165      	strb	r5, [r4, #5]
10006652:	bd38      	pop	{r3, r4, r5, pc}
10006654:	20002484 	.word	0x20002484

10006658 <vendord_open>:
10006658:	e92d 43f8 	stmdb	sp!, {r3, r4, r5, r6, r7, r8, r9, lr}
1000665c:	794b      	ldrb	r3, [r1, #5]
1000665e:	2bff      	cmp	r3, #255	@ 0xff
10006660:	d105      	bne.n	1000666e <vendord_open+0x16>
10006662:	4f35      	ldr	r7, [pc, #212]	@ (10006738 <vendord_open+0xe0>)
10006664:	797e      	ldrb	r6, [r7, #5]
10006666:	f897 3129 	ldrb.w	r3, [r7, #297]	@ 0x129
1000666a:	431e      	orrs	r6, r3
1000666c:	d002      	beq.n	10006674 <vendord_open+0x1c>
1000666e:	2000      	movs	r0, #0
10006670:	e8bd 83f8 	ldmia.w	sp!, {r3, r4, r5, r6, r7, r8, r9, pc}
10006674:	788b      	ldrb	r3, [r1, #2]
10006676:	780c      	ldrb	r4, [r1, #0]
10006678:	703b      	strb	r3, [r7, #0]
1000667a:	790b      	ldrb	r3, [r1, #4]
1000667c:	4681      	mov	r9, r0
1000667e:	4688      	mov	r8, r1
10006680:	440c      	add	r4, r1
10006682:	2b00      	cmp	r3, #0
10006684:	d034      	beq.n	100066f0 <vendord_open+0x98>
10006686:	18a5      	adds	r5, r4, r2
10006688:	e003      	b.n	10006692 <vendord_open+0x3a>
1000668a:	42ac      	cmp	r4, r5
1000668c:	d230      	bcs.n	100066f0 <vendord_open+0x98>
1000668e:	7823      	ldrb	r3, [r4, #0]
10006690:	441c      	add	r4, r3
10006692:	7863      	ldrb	r3, [r4, #1]
10006694:	2b05      	cmp	r3, #5
10006696:	d1f8      	bne.n	1000668a <vendord_open+0x32>
10006698:	42ac      	cmp	r4, r5
1000669a:	d229      	bcs.n	100066f0 <vendord_open+0x98>
1000669c:	4621      	mov	r1, r4
1000669e:	4648      	mov	r0, r9
100066a0:	f7ff fb0e 	bl	10005cc0 <usbd_edpt_open>
100066a4:	2800      	cmp	r0, #0
100066a6:	d03e      	beq.n	10006726 <vendord_open+0xce>
100066a8:	78a3      	ldrb	r3, [r4, #2]
100066aa:	09db      	lsrs	r3, r3, #7
100066ac:	d125      	bne.n	100066fa <vendord_open+0xa2>
100066ae:	4823      	ldr	r0, [pc, #140]	@ (1000673c <vendord_open+0xe4>)
100066b0:	f000 fc90 	bl	10006fd4 <tu_fifo_clear>
100066b4:	78a3      	ldrb	r3, [r4, #2]
100066b6:	f897 2128 	ldrb.w	r2, [r7, #296]	@ 0x128
100066ba:	f887 3129 	strb.w	r3, [r7, #297]	@ 0x129
100066be:	88a3      	ldrh	r3, [r4, #4]
100066c0:	4648      	mov	r0, r9
100066c2:	f3c3 030a 	ubfx	r3, r3, #0, #11
100066c6:	f5a3 7300 	sub.w	r3, r3, #512	@ 0x200
100066ca:	fab3 f383 	clz	r3, r3
100066ce:	095b      	lsrs	r3, r3, #5
100066d0:	f363 0241 	bfi	r2, r3, #1, #1
100066d4:	491a      	ldr	r1, [pc, #104]	@ (10006740 <vendord_open+0xe8>)
100066d6:	f887 2128 	strb.w	r2, [r7, #296]	@ 0x128
100066da:	f000 f9fd 	bl	10006ad8 <tu_edpt_stream_read_xfer>
100066de:	b310      	cbz	r0, 10006726 <vendord_open+0xce>
100066e0:	7823      	ldrb	r3, [r4, #0]
100066e2:	f898 2004 	ldrb.w	r2, [r8, #4]
100066e6:	3601      	adds	r6, #1
100066e8:	441c      	add	r4, r3
100066ea:	b2f3      	uxtb	r3, r6
100066ec:	429a      	cmp	r2, r3
100066ee:	d8d0      	bhi.n	10006692 <vendord_open+0x3a>
100066f0:	eba4 0008 	sub.w	r0, r4, r8
100066f4:	b280      	uxth	r0, r0
100066f6:	e8bd 83f8 	ldmia.w	sp!, {r3, r4, r5, r6, r7, r8, r9, pc}
100066fa:	4812      	ldr	r0, [pc, #72]	@ (10006744 <vendord_open+0xec>)
100066fc:	f000 fc6a 	bl	10006fd4 <tu_fifo_clear>
10006700:	78a3      	ldrb	r3, [r4, #2]
10006702:	793a      	ldrb	r2, [r7, #4]
10006704:	717b      	strb	r3, [r7, #5]
10006706:	88a3      	ldrh	r3, [r4, #4]
10006708:	490f      	ldr	r1, [pc, #60]	@ (10006748 <vendord_open+0xf0>)
1000670a:	f3c3 030a 	ubfx	r3, r3, #0, #11
1000670e:	f5a3 7300 	sub.w	r3, r3, #512	@ 0x200
10006712:	fab3 f383 	clz	r3, r3
10006716:	095b      	lsrs	r3, r3, #5
10006718:	f363 0241 	bfi	r2, r3, #1, #1
1000671c:	2000      	movs	r0, #0
1000671e:	713a      	strb	r2, [r7, #4]
10006720:	f000 f9a0 	bl	10006a64 <tu_edpt_stream_write_xfer>
10006724:	e7dc      	b.n	100066e0 <vendord_open+0x88>
10006726:	f04f 23e0 	mov.w	r3, #3758153728	@ 0xe000e000
1000672a:	f8d3 3df0 	ldr.w	r3, [r3, #3568]	@ 0xdf0
1000672e:	07db      	lsls	r3, r3, #31
10006730:	d59d      	bpl.n	1000666e <vendord_open+0x16>
10006732:	be00      	bkpt	0x0000
10006734:	e79b      	b.n	1000666e <vendord_open+0x16>
10006736:	bf00      	nop
10006738:	20002484 	.word	0x20002484
1000673c:	200025b4 	.word	0x200025b4
10006740:	200025ac 	.word	0x200025ac
10006744:	20002490 	.word	0x20002490
10006748:	20002488 	.word	0x20002488

1000674c <vendord_xfer_cb>:
1000674c:	b510      	push	{r4, lr}
1000674e:	f8df c090 	ldr.w	ip, [pc, #144]	@ 100067e0 <vendord_xfer_cb+0x94>
10006752:	4604      	mov	r4, r0
10006754:	f89c 2129 	ldrb.w	r2, [ip, #297]	@ 0x129
10006758:	b082      	sub	sp, #8
1000675a:	428a      	cmp	r2, r1
1000675c:	d01a      	beq.n	10006794 <vendord_xfer_cb+0x48>
1000675e:	f89c 2005 	ldrb.w	r2, [ip, #5]
10006762:	428a      	cmp	r2, r1
10006764:	d002      	beq.n	1000676c <vendord_xfer_cb+0x20>
10006766:	2000      	movs	r0, #0
10006768:	b002      	add	sp, #8
1000676a:	bd10      	pop	{r4, pc}
1000676c:	4a17      	ldr	r2, [pc, #92]	@ (100067cc <vendord_xfer_cb+0x80>)
1000676e:	b12a      	cbz	r2, 1000677c <vendord_xfer_cb+0x30>
10006770:	b299      	uxth	r1, r3
10006772:	2000      	movs	r0, #0
10006774:	9301      	str	r3, [sp, #4]
10006776:	f3af 8000 	nop.w
1000677a:	9b01      	ldr	r3, [sp, #4]
1000677c:	4620      	mov	r0, r4
1000677e:	4914      	ldr	r1, [pc, #80]	@ (100067d0 <vendord_xfer_cb+0x84>)
10006780:	9301      	str	r3, [sp, #4]
10006782:	f000 f96f 	bl	10006a64 <tu_edpt_stream_write_xfer>
10006786:	b998      	cbnz	r0, 100067b0 <vendord_xfer_cb+0x64>
10006788:	4620      	mov	r0, r4
1000678a:	9a01      	ldr	r2, [sp, #4]
1000678c:	4910      	ldr	r1, [pc, #64]	@ (100067d0 <vendord_xfer_cb+0x84>)
1000678e:	f000 f933 	bl	100069f8 <tu_edpt_stream_write_zlp_if_needed>
10006792:	e00d      	b.n	100067b0 <vendord_xfer_cb+0x64>
10006794:	f8bc 2134 	ldrh.w	r2, [ip, #308]	@ 0x134
10006798:	b96a      	cbnz	r2, 100067b6 <vendord_xfer_cb+0x6a>
1000679a:	4a0e      	ldr	r2, [pc, #56]	@ (100067d4 <vendord_xfer_cb+0x88>)
1000679c:	b122      	cbz	r2, 100067a8 <vendord_xfer_cb+0x5c>
1000679e:	2000      	movs	r0, #0
100067a0:	490d      	ldr	r1, [pc, #52]	@ (100067d8 <vendord_xfer_cb+0x8c>)
100067a2:	b29a      	uxth	r2, r3
100067a4:	f3af 8000 	nop.w
100067a8:	4620      	mov	r0, r4
100067aa:	490c      	ldr	r1, [pc, #48]	@ (100067dc <vendord_xfer_cb+0x90>)
100067ac:	f000 f994 	bl	10006ad8 <tu_edpt_stream_read_xfer>
100067b0:	2001      	movs	r0, #1
100067b2:	b002      	add	sp, #8
100067b4:	bd10      	pop	{r4, pc}
100067b6:	b29a      	uxth	r2, r3
100067b8:	f8dc 112c 	ldr.w	r1, [ip, #300]	@ 0x12c
100067bc:	f50c 7098 	add.w	r0, ip, #304	@ 0x130
100067c0:	9301      	str	r3, [sp, #4]
100067c2:	f000 fb5f 	bl	10006e84 <tu_fifo_write_n>
100067c6:	9b01      	ldr	r3, [sp, #4]
100067c8:	e7e7      	b.n	1000679a <vendord_xfer_cb+0x4e>
100067ca:	bf00      	nop
100067cc:	00000000 	.word	0x00000000
100067d0:	20002488 	.word	0x20002488
100067d4:	00000000 	.word	0x00000000
100067d8:	20002404 	.word	0x20002404
100067dc:	200025ac 	.word	0x200025ac
100067e0:	20002484 	.word	0x20002484

100067e4 <tusb_rhport_init>:
100067e4:	b500      	push	{lr}
100067e6:	b083      	sub	sp, #12
100067e8:	b1d9      	cbz	r1, 10006822 <tusb_rhport_init+0x3e>
100067ea:	2801      	cmp	r0, #1
100067ec:	d80e      	bhi.n	1000680c <tusb_rhport_init+0x28>
100067ee:	780b      	ldrb	r3, [r1, #0]
100067f0:	b163      	cbz	r3, 1000680c <tusb_rhport_init+0x28>
100067f2:	f8df c058 	ldr.w	ip, [pc, #88]	@ 1000684c <tusb_rhport_init+0x68>
100067f6:	2b01      	cmp	r3, #1
100067f8:	f80c 3000 	strb.w	r3, [ip, r0]
100067fc:	d002      	beq.n	10006804 <tusb_rhport_init+0x20>
100067fe:	2001      	movs	r0, #1
10006800:	b003      	add	sp, #12
10006802:	bd00      	pop	{pc}
10006804:	f7fe fdae 	bl	10005364 <tud_rhport_init>
10006808:	2800      	cmp	r0, #0
1000680a:	d1f8      	bne.n	100067fe <tusb_rhport_init+0x1a>
1000680c:	f04f 23e0 	mov.w	r3, #3758153728	@ 0xe000e000
10006810:	f8d3 3df0 	ldr.w	r3, [r3, #3568]	@ 0xdf0
10006814:	07db      	lsls	r3, r3, #31
10006816:	d402      	bmi.n	1000681e <tusb_rhport_init+0x3a>
10006818:	2000      	movs	r0, #0
1000681a:	b003      	add	sp, #12
1000681c:	bd00      	pop	{pc}
1000681e:	be00      	bkpt	0x0000
10006820:	e7fa      	b.n	10006818 <tusb_rhport_init+0x34>
10006822:	2201      	movs	r2, #1
10006824:	4608      	mov	r0, r1
10006826:	a901      	add	r1, sp, #4
10006828:	f8ad 2004 	strh.w	r2, [sp, #4]
1000682c:	f7fe fd9a 	bl	10005364 <tud_rhport_init>
10006830:	2201      	movs	r2, #1
10006832:	b938      	cbnz	r0, 10006844 <tusb_rhport_init+0x60>
10006834:	f04f 23e0 	mov.w	r3, #3758153728	@ 0xe000e000
10006838:	f8d3 3df0 	ldr.w	r3, [r3, #3568]	@ 0xdf0
1000683c:	07da      	lsls	r2, r3, #31
1000683e:	d5ec      	bpl.n	1000681a <tusb_rhport_init+0x36>
10006840:	be00      	bkpt	0x0000
10006842:	e7ea      	b.n	1000681a <tusb_rhport_init+0x36>
10006844:	4b01      	ldr	r3, [pc, #4]	@ (1000684c <tusb_rhport_init+0x68>)
10006846:	701a      	strb	r2, [r3, #0]
10006848:	e7e7      	b.n	1000681a <tusb_rhport_init+0x36>
1000684a:	bf00      	nop
1000684c:	200022dc 	.word	0x200022dc

10006850 <tu_edpt_claim>:
10006850:	7803      	ldrb	r3, [r0, #0]
10006852:	f013 0301 	ands.w	r3, r3, #1
10006856:	d11e      	bne.n	10006896 <tu_edpt_claim+0x46>
10006858:	b530      	push	{r4, r5, lr}
1000685a:	4602      	mov	r2, r0
1000685c:	7800      	ldrb	r0, [r0, #0]
1000685e:	b083      	sub	sp, #12
10006860:	4604      	mov	r4, r0
10006862:	0740      	lsls	r0, r0, #29
10006864:	d502      	bpl.n	1000686c <tu_edpt_claim+0x1c>
10006866:	4618      	mov	r0, r3
10006868:	b003      	add	sp, #12
1000686a:	bd30      	pop	{r4, r5, pc}
1000686c:	4608      	mov	r0, r1
1000686e:	460d      	mov	r5, r1
10006870:	f04f 31ff 	mov.w	r1, #4294967295	@ 0xffffffff
10006874:	9201      	str	r2, [sp, #4]
10006876:	f004 fb73 	bl	1000af60 <__mutex_enter_timeout_ms_veneer>
1000687a:	9a01      	ldr	r2, [sp, #4]
1000687c:	7813      	ldrb	r3, [r2, #0]
1000687e:	f013 0301 	ands.w	r3, r3, #1
10006882:	d10b      	bne.n	1000689c <tu_edpt_claim+0x4c>
10006884:	7811      	ldrb	r1, [r2, #0]
10006886:	0749      	lsls	r1, r1, #29
10006888:	d40a      	bmi.n	100068a0 <tu_edpt_claim+0x50>
1000688a:	7811      	ldrb	r1, [r2, #0]
1000688c:	2301      	movs	r3, #1
1000688e:	f041 0104 	orr.w	r1, r1, #4
10006892:	7011      	strb	r1, [r2, #0]
10006894:	e004      	b.n	100068a0 <tu_edpt_claim+0x50>
10006896:	2300      	movs	r3, #0
10006898:	4618      	mov	r0, r3
1000689a:	4770      	bx	lr
1000689c:	f3c4 0380 	ubfx	r3, r4, #2, #1
100068a0:	4628      	mov	r0, r5
100068a2:	9301      	str	r3, [sp, #4]
100068a4:	f004 fb70 	bl	1000af88 <__mutex_exit_veneer>
100068a8:	9b01      	ldr	r3, [sp, #4]
100068aa:	4618      	mov	r0, r3
100068ac:	b003      	add	sp, #12
100068ae:	bd30      	pop	{r4, r5, pc}

100068b0 <tu_edpt_release>:
100068b0:	b570      	push	{r4, r5, r6, lr}
100068b2:	460d      	mov	r5, r1
100068b4:	4604      	mov	r4, r0
100068b6:	f04f 31ff 	mov.w	r1, #4294967295	@ 0xffffffff
100068ba:	4628      	mov	r0, r5
100068bc:	f004 fb50 	bl	1000af60 <__mutex_enter_timeout_ms_veneer>
100068c0:	7823      	ldrb	r3, [r4, #0]
100068c2:	f3c3 0680 	ubfx	r6, r3, #2, #1
100068c6:	075b      	lsls	r3, r3, #29
100068c8:	d508      	bpl.n	100068dc <tu_edpt_release+0x2c>
100068ca:	7823      	ldrb	r3, [r4, #0]
100068cc:	f013 0301 	ands.w	r3, r3, #1
100068d0:	bf11      	iteee	ne
100068d2:	2600      	movne	r6, #0
100068d4:	7822      	ldrbeq	r2, [r4, #0]
100068d6:	f363 0282 	bfieq	r2, r3, #2, #1
100068da:	7022      	strbeq	r2, [r4, #0]
100068dc:	4628      	mov	r0, r5
100068de:	f004 fb53 	bl	1000af88 <__mutex_exit_veneer>
100068e2:	4630      	mov	r0, r6
100068e4:	bd70      	pop	{r4, r5, r6, pc}
100068e6:	bf00      	nop

100068e8 <tu_edpt_validate>:
100068e8:	78c3      	ldrb	r3, [r0, #3]
100068ea:	8882      	ldrh	r2, [r0, #4]
100068ec:	f003 0003 	and.w	r0, r3, #3
100068f0:	2802      	cmp	r0, #2
100068f2:	f3c2 020a 	ubfx	r2, r2, #0, #11
100068f6:	d015      	beq.n	10006924 <tu_edpt_validate+0x3c>
100068f8:	2803      	cmp	r0, #3
100068fa:	d00a      	beq.n	10006912 <tu_edpt_validate+0x2a>
100068fc:	2801      	cmp	r0, #1
100068fe:	d11c      	bne.n	1000693a <tu_edpt_validate+0x52>
10006900:	2902      	cmp	r1, #2
10006902:	f240 33ff 	movw	r3, #1023	@ 0x3ff
10006906:	bf08      	it	eq
10006908:	f44f 6380 	moveq.w	r3, #1024	@ 0x400
1000690c:	4293      	cmp	r3, r2
1000690e:	d30d      	bcc.n	1000692c <tu_edpt_validate+0x44>
10006910:	4770      	bx	lr
10006912:	2902      	cmp	r1, #2
10006914:	bf14      	ite	ne
10006916:	2340      	movne	r3, #64	@ 0x40
10006918:	f44f 6380 	moveq.w	r3, #1024	@ 0x400
1000691c:	4293      	cmp	r3, r2
1000691e:	d305      	bcc.n	1000692c <tu_edpt_validate+0x44>
10006920:	2001      	movs	r0, #1
10006922:	4770      	bx	lr
10006924:	2902      	cmp	r1, #2
10006926:	d00a      	beq.n	1000693e <tu_edpt_validate+0x56>
10006928:	2a40      	cmp	r2, #64	@ 0x40
1000692a:	d9f9      	bls.n	10006920 <tu_edpt_validate+0x38>
1000692c:	f04f 23e0 	mov.w	r3, #3758153728	@ 0xe000e000
10006930:	f8d3 3df0 	ldr.w	r3, [r3, #3568]	@ 0xdf0
10006934:	07db      	lsls	r3, r3, #31
10006936:	d500      	bpl.n	1000693a <tu_edpt_validate+0x52>
10006938:	be00      	bkpt	0x0000
1000693a:	2000      	movs	r0, #0
1000693c:	4770      	bx	lr
1000693e:	f5b2 7f00 	cmp.w	r2, #512	@ 0x200
10006942:	d0ed      	beq.n	10006920 <tu_edpt_validate+0x38>
10006944:	e7f2      	b.n	1000692c <tu_edpt_validate+0x44>
10006946:	bf00      	nop

10006948 <tu_edpt_bind_driver>:
10006948:	440a      	add	r2, r1
1000694a:	4291      	cmp	r1, r2
1000694c:	d225      	bcs.n	1000699a <tu_edpt_bind_driver+0x52>
1000694e:	f891 c001 	ldrb.w	ip, [r1, #1]
10006952:	f1bc 0f05 	cmp.w	ip, #5
10006956:	d005      	beq.n	10006964 <tu_edpt_bind_driver+0x1c>
10006958:	f891 c000 	ldrb.w	ip, [r1]
1000695c:	4461      	add	r1, ip
1000695e:	428a      	cmp	r2, r1
10006960:	d8f5      	bhi.n	1000694e <tu_edpt_bind_driver+0x6>
10006962:	4770      	bx	lr
10006964:	b500      	push	{lr}
10006966:	f891 c002 	ldrb.w	ip, [r1, #2]
1000696a:	f00c 0e7f 	and.w	lr, ip, #127	@ 0x7f
1000696e:	eb00 0e4e 	add.w	lr, r0, lr, lsl #1
10006972:	ea4f 1cdc 	mov.w	ip, ip, lsr #7
10006976:	f80e 300c 	strb.w	r3, [lr, ip]
1000697a:	f891 c000 	ldrb.w	ip, [r1]
1000697e:	4461      	add	r1, ip
10006980:	428a      	cmp	r2, r1
10006982:	d909      	bls.n	10006998 <tu_edpt_bind_driver+0x50>
10006984:	f891 c001 	ldrb.w	ip, [r1, #1]
10006988:	f1bc 0f05 	cmp.w	ip, #5
1000698c:	d0eb      	beq.n	10006966 <tu_edpt_bind_driver+0x1e>
1000698e:	f891 c000 	ldrb.w	ip, [r1]
10006992:	4461      	add	r1, ip
10006994:	428a      	cmp	r2, r1
10006996:	d8f5      	bhi.n	10006984 <tu_edpt_bind_driver+0x3c>
10006998:	bd00      	pop	{pc}
1000699a:	4770      	bx	lr

1000699c <tu_edpt_stream_init>:
1000699c:	b570      	push	{r4, r5, r6, lr}
1000699e:	b084      	sub	sp, #16
100069a0:	9300      	str	r3, [sp, #0]
100069a2:	f890 c000 	ldrb.w	ip, [r0]
100069a6:	4616      	mov	r6, r2
100069a8:	f361 0c00 	bfi	ip, r1, #0, #1
100069ac:	f8bd 2024 	ldrh.w	r2, [sp, #36]	@ 0x24
100069b0:	4604      	mov	r4, r0
100069b2:	2301      	movs	r3, #1
100069b4:	9908      	ldr	r1, [sp, #32]
100069b6:	f800 cb08 	strb.w	ip, [r0], #8
100069ba:	f8bd 502c 	ldrh.w	r5, [sp, #44]	@ 0x2c
100069be:	9203      	str	r2, [sp, #12]
100069c0:	f000 f8f2 	bl	10006ba8 <tu_fifo_config>
100069c4:	9b08      	ldr	r3, [sp, #32]
100069c6:	b10b      	cbz	r3, 100069cc <tu_edpt_stream_init+0x30>
100069c8:	9a03      	ldr	r2, [sp, #12]
100069ca:	b92a      	cbnz	r2, 100069d8 <tu_edpt_stream_init+0x3c>
100069cc:	2001      	movs	r0, #1
100069ce:	9b0a      	ldr	r3, [sp, #40]	@ 0x28
100069d0:	8065      	strh	r5, [r4, #2]
100069d2:	6063      	str	r3, [r4, #4]
100069d4:	b004      	add	sp, #16
100069d6:	bd70      	pop	{r4, r5, r6, pc}
100069d8:	f104 001c 	add.w	r0, r4, #28
100069dc:	9003      	str	r0, [sp, #12]
100069de:	f7fa fe5d 	bl	1000169c <mutex_init>
100069e2:	9803      	ldr	r0, [sp, #12]
100069e4:	b91e      	cbnz	r6, 100069ee <tu_edpt_stream_init+0x52>
100069e6:	4633      	mov	r3, r6
100069e8:	e9c4 3005 	strd	r3, r0, [r4, #20]
100069ec:	e7ee      	b.n	100069cc <tu_edpt_stream_init+0x30>
100069ee:	4603      	mov	r3, r0
100069f0:	2000      	movs	r0, #0
100069f2:	e7f9      	b.n	100069e8 <tu_edpt_stream_init+0x4c>

100069f4 <tu_edpt_stream_deinit>:
100069f4:	2001      	movs	r0, #1
100069f6:	4770      	bx	lr

100069f8 <tu_edpt_stream_write_zlp_if_needed>:
100069f8:	b570      	push	{r4, r5, r6, lr}
100069fa:	4606      	mov	r6, r0
100069fc:	4608      	mov	r0, r1
100069fe:	f240 13ff 	movw	r3, #511	@ 0x1ff
10006a02:	460c      	mov	r4, r1
10006a04:	f810 1b08 	ldrb.w	r1, [r0], #8
10006a08:	b082      	sub	sp, #8
10006a0a:	f011 0f02 	tst.w	r1, #2
10006a0e:	9201      	str	r2, [sp, #4]
10006a10:	bf0c      	ite	eq
10006a12:	253f      	moveq	r5, #63	@ 0x3f
10006a14:	461d      	movne	r5, r3
10006a16:	f000 f8f7 	bl	10006c08 <tu_fifo_count>
10006a1a:	9a01      	ldr	r2, [sp, #4]
10006a1c:	b928      	cbnz	r0, 10006a2a <tu_edpt_stream_write_zlp_if_needed+0x32>
10006a1e:	b122      	cbz	r2, 10006a2a <tu_edpt_stream_write_zlp_if_needed+0x32>
10006a20:	4215      	tst	r5, r2
10006a22:	d102      	bne.n	10006a2a <tu_edpt_stream_write_zlp_if_needed+0x32>
10006a24:	7823      	ldrb	r3, [r4, #0]
10006a26:	07da      	lsls	r2, r3, #31
10006a28:	d502      	bpl.n	10006a30 <tu_edpt_stream_write_zlp_if_needed+0x38>
10006a2a:	2000      	movs	r0, #0
10006a2c:	b002      	add	sp, #8
10006a2e:	bd70      	pop	{r4, r5, r6, pc}
10006a30:	4630      	mov	r0, r6
10006a32:	7861      	ldrb	r1, [r4, #1]
10006a34:	f7ff f972 	bl	10005d1c <usbd_edpt_claim>
10006a38:	2800      	cmp	r0, #0
10006a3a:	d0f6      	beq.n	10006a2a <tu_edpt_stream_write_zlp_if_needed+0x32>
10006a3c:	7823      	ldrb	r3, [r4, #0]
10006a3e:	f013 0301 	ands.w	r3, r3, #1
10006a42:	d007      	beq.n	10006a54 <tu_edpt_stream_write_zlp_if_needed+0x5c>
10006a44:	f04f 23e0 	mov.w	r3, #3758153728	@ 0xe000e000
10006a48:	f8d3 3df0 	ldr.w	r3, [r3, #3568]	@ 0xdf0
10006a4c:	07db      	lsls	r3, r3, #31
10006a4e:	d5ec      	bpl.n	10006a2a <tu_edpt_stream_write_zlp_if_needed+0x32>
10006a50:	be00      	bkpt	0x0000
10006a52:	e7ea      	b.n	10006a2a <tu_edpt_stream_write_zlp_if_needed+0x32>
10006a54:	461a      	mov	r2, r3
10006a56:	4630      	mov	r0, r6
10006a58:	7861      	ldrb	r1, [r4, #1]
10006a5a:	f7ff f983 	bl	10005d64 <usbd_edpt_xfer>
10006a5e:	2800      	cmp	r0, #0
10006a60:	d1e4      	bne.n	10006a2c <tu_edpt_stream_write_zlp_if_needed+0x34>
10006a62:	e7ef      	b.n	10006a44 <tu_edpt_stream_write_zlp_if_needed+0x4c>

10006a64 <tu_edpt_stream_write_xfer>:
10006a64:	b570      	push	{r4, r5, r6, lr}
10006a66:	4605      	mov	r5, r0
10006a68:	b082      	sub	sp, #8
10006a6a:	f101 0008 	add.w	r0, r1, #8
10006a6e:	460c      	mov	r4, r1
10006a70:	f000 f8ca 	bl	10006c08 <tu_fifo_count>
10006a74:	b110      	cbz	r0, 10006a7c <tu_edpt_stream_write_xfer+0x18>
10006a76:	7823      	ldrb	r3, [r4, #0]
10006a78:	07da      	lsls	r2, r3, #31
10006a7a:	d502      	bpl.n	10006a82 <tu_edpt_stream_write_xfer+0x1e>
10006a7c:	2000      	movs	r0, #0
10006a7e:	b002      	add	sp, #8
10006a80:	bd70      	pop	{r4, r5, r6, pc}
10006a82:	4628      	mov	r0, r5
10006a84:	7861      	ldrb	r1, [r4, #1]
10006a86:	f7ff f949 	bl	10005d1c <usbd_edpt_claim>
10006a8a:	2800      	cmp	r0, #0
10006a8c:	d0f6      	beq.n	10006a7c <tu_edpt_stream_write_xfer+0x18>
10006a8e:	8862      	ldrh	r2, [r4, #2]
10006a90:	6861      	ldr	r1, [r4, #4]
10006a92:	f104 0008 	add.w	r0, r4, #8
10006a96:	f000 f931 	bl	10006cfc <tu_fifo_read_n>
10006a9a:	7822      	ldrb	r2, [r4, #0]
10006a9c:	4603      	mov	r3, r0
10006a9e:	f002 0201 	and.w	r2, r2, #1
10006aa2:	b140      	cbz	r0, 10006ab6 <tu_edpt_stream_write_xfer+0x52>
10006aa4:	b172      	cbz	r2, 10006ac4 <tu_edpt_stream_write_xfer+0x60>
10006aa6:	f04f 23e0 	mov.w	r3, #3758153728	@ 0xe000e000
10006aaa:	f8d3 3df0 	ldr.w	r3, [r3, #3568]	@ 0xdf0
10006aae:	07db      	lsls	r3, r3, #31
10006ab0:	d5e4      	bpl.n	10006a7c <tu_edpt_stream_write_xfer+0x18>
10006ab2:	be00      	bkpt	0x0000
10006ab4:	e7e2      	b.n	10006a7c <tu_edpt_stream_write_xfer+0x18>
10006ab6:	2a00      	cmp	r2, #0
10006ab8:	d1e0      	bne.n	10006a7c <tu_edpt_stream_write_xfer+0x18>
10006aba:	4628      	mov	r0, r5
10006abc:	7861      	ldrb	r1, [r4, #1]
10006abe:	f7ff f93f 	bl	10005d40 <usbd_edpt_release>
10006ac2:	e7db      	b.n	10006a7c <tu_edpt_stream_write_xfer+0x18>
10006ac4:	9001      	str	r0, [sp, #4]
10006ac6:	6862      	ldr	r2, [r4, #4]
10006ac8:	4628      	mov	r0, r5
10006aca:	7861      	ldrb	r1, [r4, #1]
10006acc:	f7ff f94a 	bl	10005d64 <usbd_edpt_xfer>
10006ad0:	2800      	cmp	r0, #0
10006ad2:	d0e8      	beq.n	10006aa6 <tu_edpt_stream_write_xfer+0x42>
10006ad4:	9801      	ldr	r0, [sp, #4]
10006ad6:	e7d2      	b.n	10006a7e <tu_edpt_stream_write_xfer+0x1a>

10006ad8 <tu_edpt_stream_read_xfer>:
10006ad8:	e92d 41f0 	stmdb	sp!, {r4, r5, r6, r7, r8, lr}
10006adc:	898a      	ldrh	r2, [r1, #12]
10006ade:	460c      	mov	r4, r1
10006ae0:	4605      	mov	r5, r0
10006ae2:	780b      	ldrb	r3, [r1, #0]
10006ae4:	b082      	sub	sp, #8
10006ae6:	b92a      	cbnz	r2, 10006af4 <tu_edpt_stream_read_xfer+0x1c>
10006ae8:	07de      	lsls	r6, r3, #31
10006aea:	d537      	bpl.n	10006b5c <tu_edpt_stream_read_xfer+0x84>
10006aec:	2000      	movs	r0, #0
10006aee:	b002      	add	sp, #8
10006af0:	e8bd 81f0 	ldmia.w	sp!, {r4, r5, r6, r7, r8, pc}
10006af4:	0799      	lsls	r1, r3, #30
10006af6:	f104 0008 	add.w	r0, r4, #8
10006afa:	bf47      	ittee	mi
10006afc:	f44f 487e 	movmi.w	r8, #65024	@ 0xfe00
10006b00:	f44f 7600 	movmi.w	r6, #512	@ 0x200
10006b04:	f64f 78c0 	movwpl	r8, #65472	@ 0xffc0
10006b08:	2640      	movpl	r6, #64	@ 0x40
10006b0a:	f000 f897 	bl	10006c3c <tu_fifo_remaining>
10006b0e:	4286      	cmp	r6, r0
10006b10:	f104 0708 	add.w	r7, r4, #8
10006b14:	d8ea      	bhi.n	10006aec <tu_edpt_stream_read_xfer+0x14>
10006b16:	7823      	ldrb	r3, [r4, #0]
10006b18:	07da      	lsls	r2, r3, #31
10006b1a:	d4e7      	bmi.n	10006aec <tu_edpt_stream_read_xfer+0x14>
10006b1c:	4628      	mov	r0, r5
10006b1e:	7861      	ldrb	r1, [r4, #1]
10006b20:	f7ff f8fc 	bl	10005d1c <usbd_edpt_claim>
10006b24:	2800      	cmp	r0, #0
10006b26:	d0e1      	beq.n	10006aec <tu_edpt_stream_read_xfer+0x14>
10006b28:	4638      	mov	r0, r7
10006b2a:	f000 f887 	bl	10006c3c <tu_fifo_remaining>
10006b2e:	7823      	ldrb	r3, [r4, #0]
10006b30:	4286      	cmp	r6, r0
10006b32:	f003 0301 	and.w	r3, r3, #1
10006b36:	d82e      	bhi.n	10006b96 <tu_edpt_stream_read_xfer+0xbe>
10006b38:	b9c3      	cbnz	r3, 10006b6c <tu_edpt_stream_read_xfer+0x94>
10006b3a:	8863      	ldrh	r3, [r4, #2]
10006b3c:	ea08 0200 	and.w	r2, r8, r0
10006b40:	4293      	cmp	r3, r2
10006b42:	bf28      	it	cs
10006b44:	4613      	movcs	r3, r2
10006b46:	7861      	ldrb	r1, [r4, #1]
10006b48:	2b00      	cmp	r3, #0
10006b4a:	d02b      	beq.n	10006ba4 <tu_edpt_stream_read_xfer+0xcc>
10006b4c:	6862      	ldr	r2, [r4, #4]
10006b4e:	4628      	mov	r0, r5
10006b50:	9301      	str	r3, [sp, #4]
10006b52:	f7ff f907 	bl	10005d64 <usbd_edpt_xfer>
10006b56:	b148      	cbz	r0, 10006b6c <tu_edpt_stream_read_xfer+0x94>
10006b58:	9801      	ldr	r0, [sp, #4]
10006b5a:	e7c8      	b.n	10006aee <tu_edpt_stream_read_xfer+0x16>
10006b5c:	7849      	ldrb	r1, [r1, #1]
10006b5e:	f7ff f8dd 	bl	10005d1c <usbd_edpt_claim>
10006b62:	2800      	cmp	r0, #0
10006b64:	d0c2      	beq.n	10006aec <tu_edpt_stream_read_xfer+0x14>
10006b66:	7823      	ldrb	r3, [r4, #0]
10006b68:	07d8      	lsls	r0, r3, #31
10006b6a:	d507      	bpl.n	10006b7c <tu_edpt_stream_read_xfer+0xa4>
10006b6c:	f04f 23e0 	mov.w	r3, #3758153728	@ 0xe000e000
10006b70:	f8d3 3df0 	ldr.w	r3, [r3, #3568]	@ 0xdf0
10006b74:	07db      	lsls	r3, r3, #31
10006b76:	d5b9      	bpl.n	10006aec <tu_edpt_stream_read_xfer+0x14>
10006b78:	be00      	bkpt	0x0000
10006b7a:	e7b7      	b.n	10006aec <tu_edpt_stream_read_xfer+0x14>
10006b7c:	8863      	ldrh	r3, [r4, #2]
10006b7e:	7861      	ldrb	r1, [r4, #1]
10006b80:	b13b      	cbz	r3, 10006b92 <tu_edpt_stream_read_xfer+0xba>
10006b82:	6862      	ldr	r2, [r4, #4]
10006b84:	4628      	mov	r0, r5
10006b86:	f7ff f8ed 	bl	10005d64 <usbd_edpt_xfer>
10006b8a:	2800      	cmp	r0, #0
10006b8c:	d0ee      	beq.n	10006b6c <tu_edpt_stream_read_xfer+0x94>
10006b8e:	8860      	ldrh	r0, [r4, #2]
10006b90:	e7ad      	b.n	10006aee <tu_edpt_stream_read_xfer+0x16>
10006b92:	461a      	mov	r2, r3
10006b94:	e7f6      	b.n	10006b84 <tu_edpt_stream_read_xfer+0xac>
10006b96:	2b00      	cmp	r3, #0
10006b98:	d1a8      	bne.n	10006aec <tu_edpt_stream_read_xfer+0x14>
10006b9a:	4628      	mov	r0, r5
10006b9c:	7861      	ldrb	r1, [r4, #1]
10006b9e:	f7ff f8cf 	bl	10005d40 <usbd_edpt_release>
10006ba2:	e7a3      	b.n	10006aec <tu_edpt_stream_read_xfer+0x14>
10006ba4:	461a      	mov	r2, r3
10006ba6:	e7d2      	b.n	10006b4e <tu_edpt_stream_read_xfer+0x76>

10006ba8 <tu_fifo_config>:
10006ba8:	e92d 41f0 	stmdb	sp!, {r4, r5, r6, r7, r8, lr}
10006bac:	f5b2 4f00 	cmp.w	r2, #32768	@ 0x8000
10006bb0:	f89d 5018 	ldrb.w	r5, [sp, #24]
10006bb4:	d824      	bhi.n	10006c00 <tu_fifo_config+0x58>
10006bb6:	4604      	mov	r4, r0
10006bb8:	68c0      	ldr	r0, [r0, #12]
10006bba:	4698      	mov	r8, r3
10006bbc:	460f      	mov	r7, r1
10006bbe:	4616      	mov	r6, r2
10006bc0:	b118      	cbz	r0, 10006bca <tu_fifo_config+0x22>
10006bc2:	f04f 31ff 	mov.w	r1, #4294967295	@ 0xffffffff
10006bc6:	f004 f9cb 	bl	1000af60 <__mutex_enter_timeout_ms_veneer>
10006bca:	6920      	ldr	r0, [r4, #16]
10006bcc:	b118      	cbz	r0, 10006bd6 <tu_fifo_config+0x2e>
10006bce:	f04f 31ff 	mov.w	r1, #4294967295	@ 0xffffffff
10006bd2:	f004 f9c5 	bl	1000af60 <__mutex_enter_timeout_ms_veneer>
10006bd6:	2200      	movs	r2, #0
10006bd8:	f3c8 030e 	ubfx	r3, r8, #0, #15
10006bdc:	68e0      	ldr	r0, [r4, #12]
10006bde:	ea43 33c5 	orr.w	r3, r3, r5, lsl #15
10006be2:	8162      	strh	r2, [r4, #10]
10006be4:	6027      	str	r7, [r4, #0]
10006be6:	80a6      	strh	r6, [r4, #4]
10006be8:	80e3      	strh	r3, [r4, #6]
10006bea:	8122      	strh	r2, [r4, #8]
10006bec:	b108      	cbz	r0, 10006bf2 <tu_fifo_config+0x4a>
10006bee:	f004 f9cb 	bl	1000af88 <__mutex_exit_veneer>
10006bf2:	6920      	ldr	r0, [r4, #16]
10006bf4:	b108      	cbz	r0, 10006bfa <tu_fifo_config+0x52>
10006bf6:	f004 f9c7 	bl	1000af88 <__mutex_exit_veneer>
10006bfa:	2001      	movs	r0, #1
10006bfc:	e8bd 81f0 	ldmia.w	sp!, {r4, r5, r6, r7, r8, pc}
10006c00:	2000      	movs	r0, #0
10006c02:	e8bd 81f0 	ldmia.w	sp!, {r4, r5, r6, r7, r8, pc}
10006c06:	bf00      	nop

10006c08 <tu_fifo_count>:
10006c08:	8903      	ldrh	r3, [r0, #8]
10006c0a:	8942      	ldrh	r2, [r0, #10]
10006c0c:	b29b      	uxth	r3, r3
10006c0e:	b292      	uxth	r2, r2
10006c10:	8880      	ldrh	r0, [r0, #4]
10006c12:	4293      	cmp	r3, r2
10006c14:	bf36      	itet	cc
10006c16:	ebc2 0240 	rsbcc	r2, r2, r0, lsl #1
10006c1a:	1a9b      	subcs	r3, r3, r2
10006c1c:	189b      	addcc	r3, r3, r2
10006c1e:	b29b      	uxth	r3, r3
10006c20:	4298      	cmp	r0, r3
10006c22:	bf28      	it	cs
10006c24:	4618      	movcs	r0, r3
10006c26:	4770      	bx	lr

10006c28 <tu_fifo_empty>:
10006c28:	8902      	ldrh	r2, [r0, #8]
10006c2a:	8943      	ldrh	r3, [r0, #10]
10006c2c:	b290      	uxth	r0, r2
10006c2e:	b29b      	uxth	r3, r3
10006c30:	1ac0      	subs	r0, r0, r3
10006c32:	fab0 f080 	clz	r0, r0
10006c36:	0940      	lsrs	r0, r0, #5
10006c38:	4770      	bx	lr
10006c3a:	bf00      	nop

10006c3c <tu_fifo_remaining>:
10006c3c:	8903      	ldrh	r3, [r0, #8]
10006c3e:	8942      	ldrh	r2, [r0, #10]
10006c40:	b29b      	uxth	r3, r3
10006c42:	8880      	ldrh	r0, [r0, #4]
10006c44:	b292      	uxth	r2, r2
10006c46:	4293      	cmp	r3, r2
10006c48:	bf36      	itet	cc
10006c4a:	ebc2 0240 	rsbcc	r2, r2, r0, lsl #1
10006c4e:	1a9b      	subcs	r3, r3, r2
10006c50:	189b      	addcc	r3, r3, r2
10006c52:	b29b      	uxth	r3, r3
10006c54:	4298      	cmp	r0, r3
10006c56:	bf86      	itte	hi
10006c58:	1ac0      	subhi	r0, r0, r3
10006c5a:	b280      	uxthhi	r0, r0
10006c5c:	2000      	movls	r0, #0
10006c5e:	4770      	bx	lr

10006c60 <tu_fifo_read>:
10006c60:	b530      	push	{r4, r5, lr}
10006c62:	4604      	mov	r4, r0
10006c64:	6900      	ldr	r0, [r0, #16]
10006c66:	460d      	mov	r5, r1
10006c68:	b083      	sub	sp, #12
10006c6a:	b118      	cbz	r0, 10006c74 <tu_fifo_read+0x14>
10006c6c:	f04f 31ff 	mov.w	r1, #4294967295	@ 0xffffffff
10006c70:	f004 f976 	bl	1000af60 <__mutex_enter_timeout_ms_veneer>
10006c74:	8922      	ldrh	r2, [r4, #8]
10006c76:	8961      	ldrh	r1, [r4, #10]
10006c78:	b292      	uxth	r2, r2
10006c7a:	b289      	uxth	r1, r1
10006c7c:	88a3      	ldrh	r3, [r4, #4]
10006c7e:	428a      	cmp	r2, r1
10006c80:	bf36      	itet	cc
10006c82:	ebc1 0043 	rsbcc	r0, r1, r3, lsl #1
10006c86:	1a50      	subcs	r0, r2, r1
10006c88:	1880      	addcc	r0, r0, r2
10006c8a:	b280      	uxth	r0, r0
10006c8c:	b368      	cbz	r0, 10006cea <tu_fifo_read+0x8a>
10006c8e:	4283      	cmp	r3, r0
10006c90:	d209      	bcs.n	10006ca6 <tu_fifo_read+0x46>
10006c92:	429a      	cmp	r2, r3
10006c94:	bf2c      	ite	cs
10006c96:	1ad2      	subcs	r2, r2, r3
10006c98:	18d2      	addcc	r2, r2, r3
10006c9a:	b291      	uxth	r1, r2
10006c9c:	428b      	cmp	r3, r1
10006c9e:	8161      	strh	r1, [r4, #10]
10006ca0:	d803      	bhi.n	10006caa <tu_fifo_read+0x4a>
10006ca2:	1ac9      	subs	r1, r1, r3
10006ca4:	b289      	uxth	r1, r1
10006ca6:	428b      	cmp	r3, r1
10006ca8:	d9fb      	bls.n	10006ca2 <tu_fifo_read+0x42>
10006caa:	88e2      	ldrh	r2, [r4, #6]
10006cac:	6823      	ldr	r3, [r4, #0]
10006cae:	f3c2 020e 	ubfx	r2, r2, #0, #15
10006cb2:	fb02 3101 	mla	r1, r2, r1, r3
10006cb6:	4628      	mov	r0, r5
10006cb8:	f002 fc0c 	bl	100094d4 <memcpy>
10006cbc:	8962      	ldrh	r2, [r4, #10]
10006cbe:	88a3      	ldrh	r3, [r4, #4]
10006cc0:	b292      	uxth	r2, r2
10006cc2:	1c51      	adds	r1, r2, #1
10006cc4:	b289      	uxth	r1, r1
10006cc6:	428a      	cmp	r2, r1
10006cc8:	f04f 0201 	mov.w	r2, #1
10006ccc:	d910      	bls.n	10006cf0 <tu_fifo_read+0x90>
10006cce:	2100      	movs	r1, #0
10006cd0:	fa03 f002 	lsl.w	r0, r3, r2
10006cd4:	1a09      	subs	r1, r1, r0
10006cd6:	6920      	ldr	r0, [r4, #16]
10006cd8:	8161      	strh	r1, [r4, #10]
10006cda:	b118      	cbz	r0, 10006ce4 <tu_fifo_read+0x84>
10006cdc:	9201      	str	r2, [sp, #4]
10006cde:	f004 f953 	bl	1000af88 <__mutex_exit_veneer>
10006ce2:	9a01      	ldr	r2, [sp, #4]
10006ce4:	4610      	mov	r0, r2
10006ce6:	b003      	add	sp, #12
10006ce8:	bd30      	pop	{r4, r5, pc}
10006cea:	4602      	mov	r2, r0
10006cec:	8961      	ldrh	r1, [r4, #10]
10006cee:	b289      	uxth	r1, r1
10006cf0:	ebb1 0f43 	cmp.w	r1, r3, lsl #1
10006cf4:	ea4f 0043 	mov.w	r0, r3, lsl #1
10006cf8:	dbed      	blt.n	10006cd6 <tu_fifo_read+0x76>
10006cfa:	e7eb      	b.n	10006cd4 <tu_fifo_read+0x74>

10006cfc <tu_fifo_read_n>:
10006cfc:	e92d 41f0 	stmdb	sp!, {r4, r5, r6, r7, r8, lr}
10006d00:	4605      	mov	r5, r0
10006d02:	6900      	ldr	r0, [r0, #16]
10006d04:	4688      	mov	r8, r1
10006d06:	b082      	sub	sp, #8
10006d08:	b128      	cbz	r0, 10006d16 <tu_fifo_read_n+0x1a>
10006d0a:	f04f 31ff 	mov.w	r1, #4294967295	@ 0xffffffff
10006d0e:	9200      	str	r2, [sp, #0]
10006d10:	f004 f926 	bl	1000af60 <__mutex_enter_timeout_ms_veneer>
10006d14:	9a00      	ldr	r2, [sp, #0]
10006d16:	8929      	ldrh	r1, [r5, #8]
10006d18:	896b      	ldrh	r3, [r5, #10]
10006d1a:	b289      	uxth	r1, r1
10006d1c:	b29b      	uxth	r3, r3
10006d1e:	88ac      	ldrh	r4, [r5, #4]
10006d20:	4299      	cmp	r1, r3
10006d22:	bf36      	itet	cc
10006d24:	ebc3 0644 	rsbcc	r6, r3, r4, lsl #1
10006d28:	1ace      	subcs	r6, r1, r3
10006d2a:	1876      	addcc	r6, r6, r1
10006d2c:	b2b6      	uxth	r6, r6
10006d2e:	2e00      	cmp	r6, #0
10006d30:	d04b      	beq.n	10006dca <tu_fifo_read_n+0xce>
10006d32:	42b4      	cmp	r4, r6
10006d34:	d341      	bcc.n	10006dba <tu_fifo_read_n+0xbe>
10006d36:	42b2      	cmp	r2, r6
10006d38:	bf28      	it	cs
10006d3a:	4632      	movcs	r2, r6
10006d3c:	429c      	cmp	r4, r3
10006d3e:	b296      	uxth	r6, r2
10006d40:	d803      	bhi.n	10006d4a <tu_fifo_read_n+0x4e>
10006d42:	1b1b      	subs	r3, r3, r4
10006d44:	b29b      	uxth	r3, r3
10006d46:	429c      	cmp	r4, r3
10006d48:	d9fb      	bls.n	10006d42 <tu_fifo_read_n+0x46>
10006d4a:	f8b5 c006 	ldrh.w	ip, [r5, #6]
10006d4e:	1ae0      	subs	r0, r4, r3
10006d50:	6829      	ldr	r1, [r5, #0]
10006d52:	b280      	uxth	r0, r0
10006d54:	f3cc 020e 	ubfx	r2, ip, #0, #15
10006d58:	4286      	cmp	r6, r0
10006d5a:	4617      	mov	r7, r2
10006d5c:	fb02 1103 	mla	r1, r2, r3, r1
10006d60:	d925      	bls.n	10006dae <tu_fifo_read_n+0xb2>
10006d62:	fb10 f202 	smulbb	r2, r0, r2
10006d66:	4640      	mov	r0, r8
10006d68:	b292      	uxth	r2, r2
10006d6a:	9301      	str	r3, [sp, #4]
10006d6c:	9200      	str	r2, [sp, #0]
10006d6e:	f002 fbb1 	bl	100094d4 <memcpy>
10006d72:	9b01      	ldr	r3, [sp, #4]
10006d74:	9a00      	ldr	r2, [sp, #0]
10006d76:	1b34      	subs	r4, r6, r4
10006d78:	4423      	add	r3, r4
10006d7a:	eb08 0002 	add.w	r0, r8, r2
10006d7e:	fb13 f207 	smulbb	r2, r3, r7
10006d82:	6829      	ldr	r1, [r5, #0]
10006d84:	b292      	uxth	r2, r2
10006d86:	f002 fba5 	bl	100094d4 <memcpy>
10006d8a:	896a      	ldrh	r2, [r5, #10]
10006d8c:	88ac      	ldrh	r4, [r5, #4]
10006d8e:	b292      	uxth	r2, r2
10006d90:	1993      	adds	r3, r2, r6
10006d92:	b29b      	uxth	r3, r3
10006d94:	429a      	cmp	r2, r3
10006d96:	d91a      	bls.n	10006dce <tu_fifo_read_n+0xd2>
10006d98:	0062      	lsls	r2, r4, #1
10006d9a:	1a9b      	subs	r3, r3, r2
10006d9c:	6928      	ldr	r0, [r5, #16]
10006d9e:	816b      	strh	r3, [r5, #10]
10006da0:	b108      	cbz	r0, 10006da6 <tu_fifo_read_n+0xaa>
10006da2:	f004 f8f1 	bl	1000af88 <__mutex_exit_veneer>
10006da6:	4630      	mov	r0, r6
10006da8:	b002      	add	sp, #8
10006daa:	e8bd 81f0 	ldmia.w	sp!, {r4, r5, r6, r7, r8, pc}
10006dae:	4640      	mov	r0, r8
10006db0:	fb06 f202 	mul.w	r2, r6, r2
10006db4:	f002 fb8e 	bl	100094d4 <memcpy>
10006db8:	e7e7      	b.n	10006d8a <tu_fifo_read_n+0x8e>
10006dba:	42a1      	cmp	r1, r4
10006dbc:	bf2c      	ite	cs
10006dbe:	1b09      	subcs	r1, r1, r4
10006dc0:	1909      	addcc	r1, r1, r4
10006dc2:	b28b      	uxth	r3, r1
10006dc4:	4626      	mov	r6, r4
10006dc6:	816b      	strh	r3, [r5, #10]
10006dc8:	e7b5      	b.n	10006d36 <tu_fifo_read_n+0x3a>
10006dca:	896b      	ldrh	r3, [r5, #10]
10006dcc:	b29b      	uxth	r3, r3
10006dce:	ebb3 0f44 	cmp.w	r3, r4, lsl #1
10006dd2:	ea4f 0244 	mov.w	r2, r4, lsl #1
10006dd6:	dbe1      	blt.n	10006d9c <tu_fifo_read_n+0xa0>
10006dd8:	e7df      	b.n	10006d9a <tu_fifo_read_n+0x9e>
10006dda:	bf00      	nop

10006ddc <tu_fifo_write>:
10006ddc:	b570      	push	{r4, r5, r6, lr}
10006dde:	4604      	mov	r4, r0
10006de0:	68c0      	ldr	r0, [r0, #12]
10006de2:	460e      	mov	r6, r1
10006de4:	b082      	sub	sp, #8
10006de6:	b118      	cbz	r0, 10006df0 <tu_fifo_write+0x14>
10006de8:	f04f 31ff 	mov.w	r1, #4294967295	@ 0xffffffff
10006dec:	f004 f8b8 	bl	1000af60 <__mutex_enter_timeout_ms_veneer>
10006df0:	8925      	ldrh	r5, [r4, #8]
10006df2:	8923      	ldrh	r3, [r4, #8]
10006df4:	8961      	ldrh	r1, [r4, #10]
10006df6:	b29b      	uxth	r3, r3
10006df8:	b289      	uxth	r1, r1
10006dfa:	88a2      	ldrh	r2, [r4, #4]
10006dfc:	428b      	cmp	r3, r1
10006dfe:	bf36      	itet	cc
10006e00:	ebc1 0142 	rsbcc	r1, r1, r2, lsl #1
10006e04:	1a5b      	subcs	r3, r3, r1
10006e06:	185b      	addcc	r3, r3, r1
10006e08:	b29b      	uxth	r3, r3
10006e0a:	429a      	cmp	r2, r3
10006e0c:	b2ad      	uxth	r5, r5
10006e0e:	d80b      	bhi.n	10006e28 <tu_fifo_write+0x4c>
10006e10:	79e1      	ldrb	r1, [r4, #7]
10006e12:	09c9      	lsrs	r1, r1, #7
10006e14:	d108      	bne.n	10006e28 <tu_fifo_write+0x4c>
10006e16:	68e0      	ldr	r0, [r4, #12]
10006e18:	b118      	cbz	r0, 10006e22 <tu_fifo_write+0x46>
10006e1a:	9101      	str	r1, [sp, #4]
10006e1c:	f004 f8b4 	bl	1000af88 <__mutex_exit_veneer>
10006e20:	9901      	ldr	r1, [sp, #4]
10006e22:	4608      	mov	r0, r1
10006e24:	b002      	add	sp, #8
10006e26:	bd70      	pop	{r4, r5, r6, pc}
10006e28:	4295      	cmp	r5, r2
10006e2a:	bf28      	it	cs
10006e2c:	462b      	movcs	r3, r5
10006e2e:	d317      	bcc.n	10006e60 <tu_fifo_write+0x84>
10006e30:	1a9b      	subs	r3, r3, r2
10006e32:	b29b      	uxth	r3, r3
10006e34:	4293      	cmp	r3, r2
10006e36:	d2fb      	bcs.n	10006e30 <tu_fifo_write+0x54>
10006e38:	88e2      	ldrh	r2, [r4, #6]
10006e3a:	6820      	ldr	r0, [r4, #0]
10006e3c:	f3c2 020e 	ubfx	r2, r2, #0, #15
10006e40:	fb02 0003 	mla	r0, r2, r3, r0
10006e44:	4631      	mov	r1, r6
10006e46:	f002 fb45 	bl	100094d4 <memcpy>
10006e4a:	1c6b      	adds	r3, r5, #1
10006e4c:	b29b      	uxth	r3, r3
10006e4e:	429d      	cmp	r5, r3
10006e50:	88a2      	ldrh	r2, [r4, #4]
10006e52:	d911      	bls.n	10006e78 <tu_fifo_write+0x9c>
10006e54:	2300      	movs	r3, #0
10006e56:	0051      	lsls	r1, r2, #1
10006e58:	1a5b      	subs	r3, r3, r1
10006e5a:	2101      	movs	r1, #1
10006e5c:	8123      	strh	r3, [r4, #8]
10006e5e:	e7da      	b.n	10006e16 <tu_fifo_write+0x3a>
10006e60:	88e2      	ldrh	r2, [r4, #6]
10006e62:	6820      	ldr	r0, [r4, #0]
10006e64:	f3c2 020e 	ubfx	r2, r2, #0, #15
10006e68:	fb05 0002 	mla	r0, r5, r2, r0
10006e6c:	4631      	mov	r1, r6
10006e6e:	f002 fb31 	bl	100094d4 <memcpy>
10006e72:	3501      	adds	r5, #1
10006e74:	88a2      	ldrh	r2, [r4, #4]
10006e76:	b2ab      	uxth	r3, r5
10006e78:	ebb3 0f42 	cmp.w	r3, r2, lsl #1
10006e7c:	ea4f 0142 	mov.w	r1, r2, lsl #1
10006e80:	dbeb      	blt.n	10006e5a <tu_fifo_write+0x7e>
10006e82:	e7e9      	b.n	10006e58 <tu_fifo_write+0x7c>

10006e84 <tu_fifo_write_n>:
10006e84:	e92d 47f0 	stmdb	sp!, {r4, r5, r6, r7, r8, r9, sl, lr}
10006e88:	4615      	mov	r5, r2
10006e8a:	b082      	sub	sp, #8
10006e8c:	2a00      	cmp	r2, #0
10006e8e:	d04a      	beq.n	10006f26 <tu_fifo_write_n+0xa2>
10006e90:	4604      	mov	r4, r0
10006e92:	68c0      	ldr	r0, [r0, #12]
10006e94:	4688      	mov	r8, r1
10006e96:	b118      	cbz	r0, 10006ea0 <tu_fifo_write_n+0x1c>
10006e98:	f04f 31ff 	mov.w	r1, #4294967295	@ 0xffffffff
10006e9c:	f004 f860 	bl	1000af60 <__mutex_enter_timeout_ms_veneer>
10006ea0:	79e1      	ldrb	r1, [r4, #7]
10006ea2:	8926      	ldrh	r6, [r4, #8]
10006ea4:	8963      	ldrh	r3, [r4, #10]
10006ea6:	09c9      	lsrs	r1, r1, #7
10006ea8:	88a2      	ldrh	r2, [r4, #4]
10006eaa:	b2b6      	uxth	r6, r6
10006eac:	b29b      	uxth	r3, r3
10006eae:	d13e      	bne.n	10006f2e <tu_fifo_write_n+0xaa>
10006eb0:	429e      	cmp	r6, r3
10006eb2:	bf36      	itet	cc
10006eb4:	ebc3 0342 	rsbcc	r3, r3, r2, lsl #1
10006eb8:	1af3      	subcs	r3, r6, r3
10006eba:	199b      	addcc	r3, r3, r6
10006ebc:	b29b      	uxth	r3, r3
10006ebe:	4293      	cmp	r3, r2
10006ec0:	d253      	bcs.n	10006f6a <tu_fifo_write_n+0xe6>
10006ec2:	1ad3      	subs	r3, r2, r3
10006ec4:	b29b      	uxth	r3, r3
10006ec6:	42ab      	cmp	r3, r5
10006ec8:	bf28      	it	cs
10006eca:	462b      	movcs	r3, r5
10006ecc:	b29d      	uxth	r5, r3
10006ece:	1973      	adds	r3, r6, r5
10006ed0:	f8b4 c006 	ldrh.w	ip, [r4, #6]
10006ed4:	fa1f f983 	uxth.w	r9, r3
10006ed8:	eba5 0a02 	sub.w	sl, r5, r2
10006edc:	4296      	cmp	r6, r2
10006ede:	4633      	mov	r3, r6
10006ee0:	d303      	bcc.n	10006eea <tu_fifo_write_n+0x66>
10006ee2:	1a9b      	subs	r3, r3, r2
10006ee4:	b29b      	uxth	r3, r3
10006ee6:	4293      	cmp	r3, r2
10006ee8:	d2fb      	bcs.n	10006ee2 <tu_fifo_write_n+0x5e>
10006eea:	1ad2      	subs	r2, r2, r3
10006eec:	b291      	uxth	r1, r2
10006eee:	6820      	ldr	r0, [r4, #0]
10006ef0:	f3cc 020e 	ubfx	r2, ip, #0, #15
10006ef4:	42a9      	cmp	r1, r5
10006ef6:	4617      	mov	r7, r2
10006ef8:	fb02 0003 	mla	r0, r2, r3, r0
10006efc:	d352      	bcc.n	10006fa4 <tu_fifo_write_n+0x120>
10006efe:	4641      	mov	r1, r8
10006f00:	fb05 f202 	mul.w	r2, r5, r2
10006f04:	f002 fae6 	bl	100094d4 <memcpy>
10006f08:	88a3      	ldrh	r3, [r4, #4]
10006f0a:	454e      	cmp	r6, r9
10006f0c:	ea4f 0243 	mov.w	r2, r3, lsl #1
10006f10:	d802      	bhi.n	10006f18 <tu_fifo_write_n+0x94>
10006f12:	ebb9 0f43 	cmp.w	r9, r3, lsl #1
10006f16:	db01      	blt.n	10006f1c <tu_fifo_write_n+0x98>
10006f18:	eba9 0902 	sub.w	r9, r9, r2
10006f1c:	68e0      	ldr	r0, [r4, #12]
10006f1e:	462a      	mov	r2, r5
10006f20:	f8a4 9008 	strh.w	r9, [r4, #8]
10006f24:	bb28      	cbnz	r0, 10006f72 <tu_fifo_write_n+0xee>
10006f26:	4610      	mov	r0, r2
10006f28:	b002      	add	sp, #8
10006f2a:	e8bd 87f0 	ldmia.w	sp!, {r4, r5, r6, r7, r8, r9, sl, pc}
10006f2e:	4295      	cmp	r5, r2
10006f30:	d227      	bcs.n	10006f82 <tu_fifo_write_n+0xfe>
10006f32:	429e      	cmp	r6, r3
10006f34:	bf36      	itet	cc
10006f36:	ebc3 0142 	rsbcc	r1, r3, r2, lsl #1
10006f3a:	1af1      	subcs	r1, r6, r3
10006f3c:	1989      	addcc	r1, r1, r6
10006f3e:	b289      	uxth	r1, r1
10006f40:	0050      	lsls	r0, r2, #1
10006f42:	4429      	add	r1, r5
10006f44:	1aaf      	subs	r7, r5, r2
10006f46:	4281      	cmp	r1, r0
10006f48:	46ba      	mov	sl, r7
10006f4a:	db08      	blt.n	10006f5e <tu_fifo_write_n+0xda>
10006f4c:	1899      	adds	r1, r3, r2
10006f4e:	b289      	uxth	r1, r1
10006f50:	1b4e      	subs	r6, r1, r5
10006f52:	b2b6      	uxth	r6, r6
10006f54:	42b3      	cmp	r3, r6
10006f56:	4689      	mov	r9, r1
10006f58:	d938      	bls.n	10006fcc <tu_fifo_write_n+0x148>
10006f5a:	1a30      	subs	r0, r6, r0
10006f5c:	b286      	uxth	r6, r0
10006f5e:	19ab      	adds	r3, r5, r6
10006f60:	fa1f f983 	uxth.w	r9, r3
10006f64:	f8b4 c006 	ldrh.w	ip, [r4, #6]
10006f68:	e7b8      	b.n	10006edc <tu_fifo_write_n+0x58>
10006f6a:	2200      	movs	r2, #0
10006f6c:	68e0      	ldr	r0, [r4, #12]
10006f6e:	2800      	cmp	r0, #0
10006f70:	d0d9      	beq.n	10006f26 <tu_fifo_write_n+0xa2>
10006f72:	9200      	str	r2, [sp, #0]
10006f74:	f004 f808 	bl	1000af88 <__mutex_exit_veneer>
10006f78:	9a00      	ldr	r2, [sp, #0]
10006f7a:	4610      	mov	r0, r2
10006f7c:	b002      	add	sp, #8
10006f7e:	e8bd 87f0 	ldmia.w	sp!, {r4, r5, r6, r7, r8, r9, sl, pc}
10006f82:	2a00      	cmp	r2, #0
10006f84:	d0f2      	beq.n	10006f6c <tu_fifo_write_n+0xe8>
10006f86:	f8b4 c006 	ldrh.w	ip, [r4, #6]
10006f8a:	1aad      	subs	r5, r5, r2
10006f8c:	1899      	adds	r1, r3, r2
10006f8e:	461e      	mov	r6, r3
10006f90:	f3cc 030e 	ubfx	r3, ip, #0, #15
10006f94:	fb03 8805 	mla	r8, r3, r5, r8
10006f98:	f04f 0a00 	mov.w	sl, #0
10006f9c:	4615      	mov	r5, r2
10006f9e:	fa1f f981 	uxth.w	r9, r1
10006fa2:	e79b      	b.n	10006edc <tu_fifo_write_n+0x58>
10006fa4:	fb11 f202 	smulbb	r2, r1, r2
10006fa8:	4641      	mov	r1, r8
10006faa:	b292      	uxth	r2, r2
10006fac:	9301      	str	r3, [sp, #4]
10006fae:	9200      	str	r2, [sp, #0]
10006fb0:	f002 fa90 	bl	100094d4 <memcpy>
10006fb4:	9b01      	ldr	r3, [sp, #4]
10006fb6:	9a00      	ldr	r2, [sp, #0]
10006fb8:	4453      	add	r3, sl
10006fba:	fb13 f307 	smulbb	r3, r3, r7
10006fbe:	eb08 0102 	add.w	r1, r8, r2
10006fc2:	6820      	ldr	r0, [r4, #0]
10006fc4:	b29a      	uxth	r2, r3
10006fc6:	f002 fa85 	bl	100094d4 <memcpy>
10006fca:	e79d      	b.n	10006f08 <tu_fifo_write_n+0x84>
10006fcc:	42b0      	cmp	r0, r6
10006fce:	ddc4      	ble.n	10006f5a <tu_fifo_write_n+0xd6>
10006fd0:	e7c8      	b.n	10006f64 <tu_fifo_write_n+0xe0>
10006fd2:	bf00      	nop

10006fd4 <tu_fifo_clear>:
10006fd4:	b510      	push	{r4, lr}
10006fd6:	4604      	mov	r4, r0
10006fd8:	68c0      	ldr	r0, [r0, #12]
10006fda:	b118      	cbz	r0, 10006fe4 <tu_fifo_clear+0x10>
10006fdc:	f04f 31ff 	mov.w	r1, #4294967295	@ 0xffffffff
10006fe0:	f003 ffbe 	bl	1000af60 <__mutex_enter_timeout_ms_veneer>
10006fe4:	6920      	ldr	r0, [r4, #16]
10006fe6:	b118      	cbz	r0, 10006ff0 <tu_fifo_clear+0x1c>
10006fe8:	f04f 31ff 	mov.w	r1, #4294967295	@ 0xffffffff
10006fec:	f003 ffb8 	bl	1000af60 <__mutex_enter_timeout_ms_veneer>
10006ff0:	2300      	movs	r3, #0
10006ff2:	68e0      	ldr	r0, [r4, #12]
10006ff4:	8163      	strh	r3, [r4, #10]
10006ff6:	8123      	strh	r3, [r4, #8]
10006ff8:	b108      	cbz	r0, 10006ffe <tu_fifo_clear+0x2a>
10006ffa:	f003 ffc5 	bl	1000af88 <__mutex_exit_veneer>
10006ffe:	6920      	ldr	r0, [r4, #16]
10007000:	b108      	cbz	r0, 10007006 <tu_fifo_clear+0x32>
10007002:	f003 ffc1 	bl	1000af88 <__mutex_exit_veneer>
10007006:	2001      	movs	r0, #1
10007008:	bd10      	pop	{r4, pc}
1000700a:	bf00      	nop

1000700c <tu_fifo_set_overwritable>:
1000700c:	b538      	push	{r3, r4, r5, lr}
1000700e:	4604      	mov	r4, r0
10007010:	68c0      	ldr	r0, [r0, #12]
10007012:	460d      	mov	r5, r1
10007014:	b118      	cbz	r0, 1000701e <tu_fifo_set_overwritable+0x12>
10007016:	f04f 31ff 	mov.w	r1, #4294967295	@ 0xffffffff
1000701a:	f003 ffa1 	bl	1000af60 <__mutex_enter_timeout_ms_veneer>
1000701e:	6920      	ldr	r0, [r4, #16]
10007020:	b118      	cbz	r0, 1000702a <tu_fifo_set_overwritable+0x1e>
10007022:	f04f 31ff 	mov.w	r1, #4294967295	@ 0xffffffff
10007026:	f003 ff9b 	bl	1000af60 <__mutex_enter_timeout_ms_veneer>
1000702a:	79e3      	ldrb	r3, [r4, #7]
1000702c:	68e0      	ldr	r0, [r4, #12]
1000702e:	f365 13c7 	bfi	r3, r5, #7, #1
10007032:	71e3      	strb	r3, [r4, #7]
10007034:	b108      	cbz	r0, 1000703a <tu_fifo_set_overwritable+0x2e>
10007036:	f003 ffa7 	bl	1000af88 <__mutex_exit_veneer>
1000703a:	6920      	ldr	r0, [r4, #16]
1000703c:	b108      	cbz	r0, 10007042 <tu_fifo_set_overwritable+0x36>
1000703e:	f003 ffa3 	bl	1000af88 <__mutex_exit_veneer>
10007042:	2001      	movs	r0, #1
10007044:	bd38      	pop	{r3, r4, r5, pc}
10007046:	bf00      	nop

10007048 <_calloc_r>:
10007048:	b510      	push	{r4, lr}
1000704a:	fba1 1402 	umull	r1, r4, r1, r2
1000704e:	b082      	sub	sp, #8
10007050:	bb54      	cbnz	r4, 100070a8 <_calloc_r+0x60>
10007052:	f000 f837 	bl	100070c4 <_malloc_r>
10007056:	4603      	mov	r3, r0
10007058:	b350      	cbz	r0, 100070b0 <_calloc_r+0x68>
1000705a:	f850 2c04 	ldr.w	r2, [r0, #-4]
1000705e:	f022 0203 	bic.w	r2, r2, #3
10007062:	3a04      	subs	r2, #4
10007064:	2a24      	cmp	r2, #36	@ 0x24
10007066:	d80c      	bhi.n	10007082 <_calloc_r+0x3a>
10007068:	2a13      	cmp	r2, #19
1000706a:	d912      	bls.n	10007092 <_calloc_r+0x4a>
1000706c:	2a1b      	cmp	r2, #27
1000706e:	e9c0 4400 	strd	r4, r4, [r0]
10007072:	d916      	bls.n	100070a2 <_calloc_r+0x5a>
10007074:	2a24      	cmp	r2, #36	@ 0x24
10007076:	e9c0 4402 	strd	r4, r4, [r0, #8]
1000707a:	d01d      	beq.n	100070b8 <_calloc_r+0x70>
1000707c:	f100 0110 	add.w	r1, r0, #16
10007080:	e008      	b.n	10007094 <_calloc_r+0x4c>
10007082:	4621      	mov	r1, r4
10007084:	9001      	str	r0, [sp, #4]
10007086:	f001 ff57 	bl	10008f38 <memset>
1000708a:	9b01      	ldr	r3, [sp, #4]
1000708c:	4618      	mov	r0, r3
1000708e:	b002      	add	sp, #8
10007090:	bd10      	pop	{r4, pc}
10007092:	4601      	mov	r1, r0
10007094:	2200      	movs	r2, #0
10007096:	4618      	mov	r0, r3
10007098:	e9c1 2200 	strd	r2, r2, [r1]
1000709c:	608a      	str	r2, [r1, #8]
1000709e:	b002      	add	sp, #8
100070a0:	bd10      	pop	{r4, pc}
100070a2:	f100 0108 	add.w	r1, r0, #8
100070a6:	e7f5      	b.n	10007094 <_calloc_r+0x4c>
100070a8:	f002 f9f8 	bl	1000949c <__errno>
100070ac:	230c      	movs	r3, #12
100070ae:	6003      	str	r3, [r0, #0]
100070b0:	2300      	movs	r3, #0
100070b2:	4618      	mov	r0, r3
100070b4:	b002      	add	sp, #8
100070b6:	bd10      	pop	{r4, pc}
100070b8:	f100 0118 	add.w	r1, r0, #24
100070bc:	e9c0 4404 	strd	r4, r4, [r0, #16]
100070c0:	e7e8      	b.n	10007094 <_calloc_r+0x4c>
100070c2:	bf00      	nop

100070c4 <_malloc_r>:
100070c4:	f101 030b 	add.w	r3, r1, #11
100070c8:	2b16      	cmp	r3, #22
100070ca:	e92d 4ff0 	stmdb	sp!, {r4, r5, r6, r7, r8, r9, sl, fp, lr}
100070ce:	4680      	mov	r8, r0
100070d0:	b085      	sub	sp, #20
100070d2:	d82c      	bhi.n	1000712e <_malloc_r+0x6a>
100070d4:	2910      	cmp	r1, #16
100070d6:	d822      	bhi.n	1000711e <_malloc_r+0x5a>
100070d8:	f000 fac8 	bl	1000766c <__malloc_lock>
100070dc:	2118      	movs	r1, #24
100070de:	f04f 0e02 	mov.w	lr, #2
100070e2:	2210      	movs	r2, #16
100070e4:	4cb6      	ldr	r4, [pc, #728]	@ (100073c0 <_malloc_r+0x2fc>)
100070e6:	4421      	add	r1, r4
100070e8:	684d      	ldr	r5, [r1, #4]
100070ea:	f1a1 0008 	sub.w	r0, r1, #8
100070ee:	4285      	cmp	r5, r0
100070f0:	f000 815f 	beq.w	100073b2 <_malloc_r+0x2ee>
100070f4:	686a      	ldr	r2, [r5, #4]
100070f6:	4640      	mov	r0, r8
100070f8:	f022 0203 	bic.w	r2, r2, #3
100070fc:	e9d5 4102 	ldrd	r4, r1, [r5, #8]
10007100:	442a      	add	r2, r5
10007102:	60e1      	str	r1, [r4, #12]
10007104:	608c      	str	r4, [r1, #8]
10007106:	f105 0408 	add.w	r4, r5, #8
1000710a:	6851      	ldr	r1, [r2, #4]
1000710c:	f041 0101 	orr.w	r1, r1, #1
10007110:	6051      	str	r1, [r2, #4]
10007112:	f000 fab1 	bl	10007678 <__malloc_unlock>
10007116:	4620      	mov	r0, r4
10007118:	b005      	add	sp, #20
1000711a:	e8bd 8ff0 	ldmia.w	sp!, {r4, r5, r6, r7, r8, r9, sl, fp, pc}
1000711e:	230c      	movs	r3, #12
10007120:	f8c8 3000 	str.w	r3, [r8]
10007124:	2400      	movs	r4, #0
10007126:	4620      	mov	r0, r4
10007128:	b005      	add	sp, #20
1000712a:	e8bd 8ff0 	ldmia.w	sp!, {r4, r5, r6, r7, r8, r9, sl, fp, pc}
1000712e:	2b00      	cmp	r3, #0
10007130:	f023 0207 	bic.w	r2, r3, #7
10007134:	dbf3      	blt.n	1000711e <_malloc_r+0x5a>
10007136:	4291      	cmp	r1, r2
10007138:	d8f1      	bhi.n	1000711e <_malloc_r+0x5a>
1000713a:	9200      	str	r2, [sp, #0]
1000713c:	f000 fa96 	bl	1000766c <__malloc_lock>
10007140:	9a00      	ldr	r2, [sp, #0]
10007142:	f5b2 7ffc 	cmp.w	r2, #504	@ 0x1f8
10007146:	f0c0 819f 	bcc.w	10007488 <_malloc_r+0x3c4>
1000714a:	0a53      	lsrs	r3, r2, #9
1000714c:	d073      	beq.n	10007236 <_malloc_r+0x172>
1000714e:	2b04      	cmp	r3, #4
10007150:	f200 8164 	bhi.w	1000741c <_malloc_r+0x358>
10007154:	0993      	lsrs	r3, r2, #6
10007156:	f103 0e39 	add.w	lr, r3, #57	@ 0x39
1000715a:	f103 0638 	add.w	r6, r3, #56	@ 0x38
1000715e:	ea4f 03ce 	mov.w	r3, lr, lsl #3
10007162:	4c97      	ldr	r4, [pc, #604]	@ (100073c0 <_malloc_r+0x2fc>)
10007164:	4423      	add	r3, r4
10007166:	f1a3 0508 	sub.w	r5, r3, #8
1000716a:	685f      	ldr	r7, [r3, #4]
1000716c:	42bd      	cmp	r5, r7
1000716e:	d107      	bne.n	10007180 <_malloc_r+0xbc>
10007170:	e00d      	b.n	1000718e <_malloc_r+0xca>
10007172:	2800      	cmp	r0, #0
10007174:	68fb      	ldr	r3, [r7, #12]
10007176:	f280 810b 	bge.w	10007390 <_malloc_r+0x2cc>
1000717a:	429d      	cmp	r5, r3
1000717c:	461f      	mov	r7, r3
1000717e:	d006      	beq.n	1000718e <_malloc_r+0xca>
10007180:	6879      	ldr	r1, [r7, #4]
10007182:	f021 0103 	bic.w	r1, r1, #3
10007186:	1a88      	subs	r0, r1, r2
10007188:	280f      	cmp	r0, #15
1000718a:	ddf2      	ble.n	10007172 <_malloc_r+0xae>
1000718c:	46b6      	mov	lr, r6
1000718e:	6923      	ldr	r3, [r4, #16]
10007190:	498c      	ldr	r1, [pc, #560]	@ (100073c4 <_malloc_r+0x300>)
10007192:	428b      	cmp	r3, r1
10007194:	f000 80e9 	beq.w	1000736a <_malloc_r+0x2a6>
10007198:	685e      	ldr	r6, [r3, #4]
1000719a:	f026 0603 	bic.w	r6, r6, #3
1000719e:	1ab1      	subs	r1, r6, r2
100071a0:	290f      	cmp	r1, #15
100071a2:	f300 8183 	bgt.w	100074ac <_malloc_r+0x3e8>
100071a6:	4887      	ldr	r0, [pc, #540]	@ (100073c4 <_malloc_r+0x300>)
100071a8:	2900      	cmp	r1, #0
100071aa:	e9c4 0004 	strd	r0, r0, [r4, #16]
100071ae:	f280 8170 	bge.w	10007492 <_malloc_r+0x3ce>
100071b2:	f5b6 7f00 	cmp.w	r6, #512	@ 0x200
100071b6:	6867      	ldr	r7, [r4, #4]
100071b8:	f080 8110 	bcs.w	100073dc <_malloc_r+0x318>
100071bc:	08f1      	lsrs	r1, r6, #3
100071be:	2001      	movs	r0, #1
100071c0:	0976      	lsrs	r6, r6, #5
100071c2:	3101      	adds	r1, #1
100071c4:	40b0      	lsls	r0, r6
100071c6:	f854 5031 	ldr.w	r5, [r4, r1, lsl #3]
100071ca:	4307      	orrs	r7, r0
100071cc:	eb04 00c1 	add.w	r0, r4, r1, lsl #3
100071d0:	3808      	subs	r0, #8
100071d2:	6067      	str	r7, [r4, #4]
100071d4:	e9c3 5002 	strd	r5, r0, [r3, #8]
100071d8:	f844 3031 	str.w	r3, [r4, r1, lsl #3]
100071dc:	60eb      	str	r3, [r5, #12]
100071de:	ea4f 03ae 	mov.w	r3, lr, asr #2
100071e2:	2601      	movs	r6, #1
100071e4:	409e      	lsls	r6, r3
100071e6:	42be      	cmp	r6, r7
100071e8:	d82b      	bhi.n	10007242 <_malloc_r+0x17e>
100071ea:	423e      	tst	r6, r7
100071ec:	d106      	bne.n	100071fc <_malloc_r+0x138>
100071ee:	f02e 0e03 	bic.w	lr, lr, #3
100071f2:	0076      	lsls	r6, r6, #1
100071f4:	f10e 0e04 	add.w	lr, lr, #4
100071f8:	423e      	tst	r6, r7
100071fa:	d0fa      	beq.n	100071f2 <_malloc_r+0x12e>
100071fc:	eb04 0ace 	add.w	sl, r4, lr, lsl #3
10007200:	46f1      	mov	r9, lr
10007202:	eb04 07ce 	add.w	r7, r4, lr, lsl #3
10007206:	68f9      	ldr	r1, [r7, #12]
10007208:	e00c      	b.n	10007224 <_malloc_r+0x160>
1000720a:	6848      	ldr	r0, [r1, #4]
1000720c:	460b      	mov	r3, r1
1000720e:	68c9      	ldr	r1, [r1, #12]
10007210:	f020 0c03 	bic.w	ip, r0, #3
10007214:	ebac 0502 	sub.w	r5, ip, r2
10007218:	2d0f      	cmp	r5, #15
1000721a:	f300 810c 	bgt.w	10007436 <_malloc_r+0x372>
1000721e:	2d00      	cmp	r5, #0
10007220:	f280 8122 	bge.w	10007468 <_malloc_r+0x3a4>
10007224:	428f      	cmp	r7, r1
10007226:	d1f0      	bne.n	1000720a <_malloc_r+0x146>
10007228:	f109 0301 	add.w	r3, r9, #1
1000722c:	3708      	adds	r7, #8
1000722e:	0798      	lsls	r0, r3, #30
10007230:	4699      	mov	r9, r3
10007232:	d1e8      	bne.n	10007206 <_malloc_r+0x142>
10007234:	e174      	b.n	10007520 <_malloc_r+0x45c>
10007236:	f44f 7300 	mov.w	r3, #512	@ 0x200
1000723a:	f04f 0e40 	mov.w	lr, #64	@ 0x40
1000723e:	263f      	movs	r6, #63	@ 0x3f
10007240:	e78f      	b.n	10007162 <_malloc_r+0x9e>
10007242:	68a7      	ldr	r7, [r4, #8]
10007244:	6879      	ldr	r1, [r7, #4]
10007246:	f021 0603 	bic.w	r6, r1, #3
1000724a:	4296      	cmp	r6, r2
1000724c:	eba6 0002 	sub.w	r0, r6, r2
10007250:	d302      	bcc.n	10007258 <_malloc_r+0x194>
10007252:	280f      	cmp	r0, #15
10007254:	f300 808b 	bgt.w	1000736e <_malloc_r+0x2aa>
10007258:	495b      	ldr	r1, [pc, #364]	@ (100073c8 <_malloc_r+0x304>)
1000725a:	2008      	movs	r0, #8
1000725c:	6809      	ldr	r1, [r1, #0]
1000725e:	3110      	adds	r1, #16
10007260:	4411      	add	r1, r2
10007262:	e9cd 1200 	strd	r1, r2, [sp]
10007266:	f002 f91f 	bl	100094a8 <sysconf>
1000726a:	9900      	ldr	r1, [sp, #0]
1000726c:	4603      	mov	r3, r0
1000726e:	4682      	mov	sl, r0
10007270:	1e48      	subs	r0, r1, #1
10007272:	425d      	negs	r5, r3
10007274:	4418      	add	r0, r3
10007276:	4b55      	ldr	r3, [pc, #340]	@ (100073cc <_malloc_r+0x308>)
10007278:	4005      	ands	r5, r0
1000727a:	6818      	ldr	r0, [r3, #0]
1000727c:	f1b0 3fff 	cmp.w	r0, #4294967295	@ 0xffffffff
10007280:	bf18      	it	ne
10007282:	4629      	movne	r1, r5
10007284:	4640      	mov	r0, r8
10007286:	9100      	str	r1, [sp, #0]
10007288:	f002 f8f6 	bl	10009478 <_sbrk_r>
1000728c:	1c41      	adds	r1, r0, #1
1000728e:	4605      	mov	r5, r0
10007290:	e9dd 1200 	ldrd	r1, r2, [sp]
10007294:	f000 8127 	beq.w	100074e6 <_malloc_r+0x422>
10007298:	eb07 0c06 	add.w	ip, r7, r6
1000729c:	4584      	cmp	ip, r0
1000729e:	f200 8120 	bhi.w	100074e2 <_malloc_r+0x41e>
100072a2:	f8df 9134 	ldr.w	r9, [pc, #308]	@ 100073d8 <_malloc_r+0x314>
100072a6:	f10a 3eff 	add.w	lr, sl, #4294967295	@ 0xffffffff
100072aa:	f8d9 0000 	ldr.w	r0, [r9]
100072ae:	4408      	add	r0, r1
100072b0:	f8c9 0000 	str.w	r0, [r9]
100072b4:	f000 8183 	beq.w	100075be <_malloc_r+0x4fa>
100072b8:	4b44      	ldr	r3, [pc, #272]	@ (100073cc <_malloc_r+0x308>)
100072ba:	681b      	ldr	r3, [r3, #0]
100072bc:	3301      	adds	r3, #1
100072be:	f000 8188 	beq.w	100075d2 <_malloc_r+0x50e>
100072c2:	eba5 0c0c 	sub.w	ip, r5, ip
100072c6:	4460      	add	r0, ip
100072c8:	f8c9 0000 	str.w	r0, [r9]
100072cc:	f015 0307 	ands.w	r3, r5, #7
100072d0:	e9cd 2901 	strd	r2, r9, [sp, #4]
100072d4:	469b      	mov	fp, r3
100072d6:	f000 813f 	beq.w	10007558 <_malloc_r+0x494>
100072da:	f1c3 0008 	rsb	r0, r3, #8
100072de:	4405      	add	r5, r0
100072e0:	eb0a 0c00 	add.w	ip, sl, r0
100072e4:	4640      	mov	r0, r8
100072e6:	186b      	adds	r3, r5, r1
100072e8:	ea03 010e 	and.w	r1, r3, lr
100072ec:	469a      	mov	sl, r3
100072ee:	ebac 0101 	sub.w	r1, ip, r1
100072f2:	ea01 030e 	and.w	r3, r1, lr
100072f6:	4619      	mov	r1, r3
100072f8:	9300      	str	r3, [sp, #0]
100072fa:	f002 f8bd 	bl	10009478 <_sbrk_r>
100072fe:	1c42      	adds	r2, r0, #1
10007300:	e9dd 2901 	ldrd	r2, r9, [sp, #4]
10007304:	f000 8180 	beq.w	10007608 <_malloc_r+0x544>
10007308:	1b41      	subs	r1, r0, r5
1000730a:	9b00      	ldr	r3, [sp, #0]
1000730c:	f8d9 0000 	ldr.w	r0, [r9]
10007310:	42a7      	cmp	r7, r4
10007312:	4419      	add	r1, r3
10007314:	60a5      	str	r5, [r4, #8]
10007316:	4418      	add	r0, r3
10007318:	f041 0101 	orr.w	r1, r1, #1
1000731c:	f8c9 0000 	str.w	r0, [r9]
10007320:	6069      	str	r1, [r5, #4]
10007322:	d016      	beq.n	10007352 <_malloc_r+0x28e>
10007324:	2e0f      	cmp	r6, #15
10007326:	f240 8157 	bls.w	100075d8 <_malloc_r+0x514>
1000732a:	f1a6 010c 	sub.w	r1, r6, #12
1000732e:	2605      	movs	r6, #5
10007330:	f021 0c07 	bic.w	ip, r1, #7
10007334:	6879      	ldr	r1, [r7, #4]
10007336:	f001 0101 	and.w	r1, r1, #1
1000733a:	f1bc 0f0f 	cmp.w	ip, #15
1000733e:	ea41 010c 	orr.w	r1, r1, ip
10007342:	6079      	str	r1, [r7, #4]
10007344:	eb07 010c 	add.w	r1, r7, ip
10007348:	e9c1 6601 	strd	r6, r6, [r1, #4]
1000734c:	f200 8163 	bhi.w	10007616 <_malloc_r+0x552>
10007350:	6869      	ldr	r1, [r5, #4]
10007352:	4b1f      	ldr	r3, [pc, #124]	@ (100073d0 <_malloc_r+0x30c>)
10007354:	681e      	ldr	r6, [r3, #0]
10007356:	4286      	cmp	r6, r0
10007358:	bf38      	it	cc
1000735a:	6018      	strcc	r0, [r3, #0]
1000735c:	4b1d      	ldr	r3, [pc, #116]	@ (100073d4 <_malloc_r+0x310>)
1000735e:	681e      	ldr	r6, [r3, #0]
10007360:	4286      	cmp	r6, r0
10007362:	d200      	bcs.n	10007366 <_malloc_r+0x2a2>
10007364:	6018      	str	r0, [r3, #0]
10007366:	462f      	mov	r7, r5
10007368:	e0bf      	b.n	100074ea <_malloc_r+0x426>
1000736a:	6867      	ldr	r7, [r4, #4]
1000736c:	e737      	b.n	100071de <_malloc_r+0x11a>
1000736e:	18bd      	adds	r5, r7, r2
10007370:	f042 0201 	orr.w	r2, r2, #1
10007374:	f040 0101 	orr.w	r1, r0, #1
10007378:	4640      	mov	r0, r8
1000737a:	607a      	str	r2, [r7, #4]
1000737c:	60a5      	str	r5, [r4, #8]
1000737e:	f107 0408 	add.w	r4, r7, #8
10007382:	6069      	str	r1, [r5, #4]
10007384:	f000 f978 	bl	10007678 <__malloc_unlock>
10007388:	4620      	mov	r0, r4
1000738a:	b005      	add	sp, #20
1000738c:	e8bd 8ff0 	ldmia.w	sp!, {r4, r5, r6, r7, r8, r9, sl, fp, pc}
10007390:	68ba      	ldr	r2, [r7, #8]
10007392:	4439      	add	r1, r7
10007394:	f107 0408 	add.w	r4, r7, #8
10007398:	4640      	mov	r0, r8
1000739a:	60d3      	str	r3, [r2, #12]
1000739c:	609a      	str	r2, [r3, #8]
1000739e:	684a      	ldr	r2, [r1, #4]
100073a0:	f042 0201 	orr.w	r2, r2, #1
100073a4:	604a      	str	r2, [r1, #4]
100073a6:	f000 f967 	bl	10007678 <__malloc_unlock>
100073aa:	4620      	mov	r0, r4
100073ac:	b005      	add	sp, #20
100073ae:	e8bd 8ff0 	ldmia.w	sp!, {r4, r5, r6, r7, r8, r9, sl, fp, pc}
100073b2:	68cd      	ldr	r5, [r1, #12]
100073b4:	42a9      	cmp	r1, r5
100073b6:	f47f ae9d 	bne.w	100070f4 <_malloc_r+0x30>
100073ba:	f10e 0e02 	add.w	lr, lr, #2
100073be:	e6e6      	b.n	1000718e <_malloc_r+0xca>
100073c0:	20001578 	.word	0x20001578
100073c4:	20001580 	.word	0x20001580
100073c8:	200020a0 	.word	0x200020a0
100073cc:	2000156c 	.word	0x2000156c
100073d0:	20002098 	.word	0x20002098
100073d4:	2000209c 	.word	0x2000209c
100073d8:	20002070 	.word	0x20002070
100073dc:	f5b6 6f20 	cmp.w	r6, #2560	@ 0xa00
100073e0:	ea4f 2056 	mov.w	r0, r6, lsr #9
100073e4:	d377      	bcc.n	100074d6 <_malloc_r+0x412>
100073e6:	2814      	cmp	r0, #20
100073e8:	f200 80cc 	bhi.w	10007584 <_malloc_r+0x4c0>
100073ec:	f100 015c 	add.w	r1, r0, #92	@ 0x5c
100073f0:	305b      	adds	r0, #91	@ 0x5b
100073f2:	00c9      	lsls	r1, r1, #3
100073f4:	1865      	adds	r5, r4, r1
100073f6:	5861      	ldr	r1, [r4, r1]
100073f8:	3d08      	subs	r5, #8
100073fa:	428d      	cmp	r5, r1
100073fc:	d103      	bne.n	10007406 <_malloc_r+0x342>
100073fe:	e0a4      	b.n	1000754a <_malloc_r+0x486>
10007400:	6889      	ldr	r1, [r1, #8]
10007402:	428d      	cmp	r5, r1
10007404:	d004      	beq.n	10007410 <_malloc_r+0x34c>
10007406:	6848      	ldr	r0, [r1, #4]
10007408:	f020 0003 	bic.w	r0, r0, #3
1000740c:	42b0      	cmp	r0, r6
1000740e:	d8f7      	bhi.n	10007400 <_malloc_r+0x33c>
10007410:	68cd      	ldr	r5, [r1, #12]
10007412:	e9c3 1502 	strd	r1, r5, [r3, #8]
10007416:	60ab      	str	r3, [r5, #8]
10007418:	60cb      	str	r3, [r1, #12]
1000741a:	e6e0      	b.n	100071de <_malloc_r+0x11a>
1000741c:	2b14      	cmp	r3, #20
1000741e:	d971      	bls.n	10007504 <_malloc_r+0x440>
10007420:	2b54      	cmp	r3, #84	@ 0x54
10007422:	f200 80b7 	bhi.w	10007594 <_malloc_r+0x4d0>
10007426:	0b13      	lsrs	r3, r2, #12
10007428:	f103 0e6f 	add.w	lr, r3, #111	@ 0x6f
1000742c:	f103 066e 	add.w	r6, r3, #110	@ 0x6e
10007430:	ea4f 03ce 	mov.w	r3, lr, lsl #3
10007434:	e695      	b.n	10007162 <_malloc_r+0x9e>
10007436:	189e      	adds	r6, r3, r2
10007438:	f042 0201 	orr.w	r2, r2, #1
1000743c:	689f      	ldr	r7, [r3, #8]
1000743e:	4640      	mov	r0, r8
10007440:	605a      	str	r2, [r3, #4]
10007442:	4a87      	ldr	r2, [pc, #540]	@ (10007660 <_malloc_r+0x59c>)
10007444:	60f9      	str	r1, [r7, #12]
10007446:	608f      	str	r7, [r1, #8]
10007448:	9300      	str	r3, [sp, #0]
1000744a:	e9c4 6604 	strd	r6, r6, [r4, #16]
1000744e:	e9c6 2202 	strd	r2, r2, [r6, #8]
10007452:	f045 0201 	orr.w	r2, r5, #1
10007456:	6072      	str	r2, [r6, #4]
10007458:	f843 500c 	str.w	r5, [r3, ip]
1000745c:	f000 f90c 	bl	10007678 <__malloc_unlock>
10007460:	9b00      	ldr	r3, [sp, #0]
10007462:	f103 0408 	add.w	r4, r3, #8
10007466:	e65e      	b.n	10007126 <_malloc_r+0x62>
10007468:	449c      	add	ip, r3
1000746a:	461c      	mov	r4, r3
1000746c:	4640      	mov	r0, r8
1000746e:	f8dc 3004 	ldr.w	r3, [ip, #4]
10007472:	f043 0301 	orr.w	r3, r3, #1
10007476:	f8cc 3004 	str.w	r3, [ip, #4]
1000747a:	f854 3f08 	ldr.w	r3, [r4, #8]!
1000747e:	60d9      	str	r1, [r3, #12]
10007480:	608b      	str	r3, [r1, #8]
10007482:	f000 f8f9 	bl	10007678 <__malloc_unlock>
10007486:	e64e      	b.n	10007126 <_malloc_r+0x62>
10007488:	ea4f 0ed2 	mov.w	lr, r2, lsr #3
1000748c:	f102 0108 	add.w	r1, r2, #8
10007490:	e628      	b.n	100070e4 <_malloc_r+0x20>
10007492:	441e      	add	r6, r3
10007494:	4640      	mov	r0, r8
10007496:	9300      	str	r3, [sp, #0]
10007498:	6872      	ldr	r2, [r6, #4]
1000749a:	f042 0201 	orr.w	r2, r2, #1
1000749e:	6072      	str	r2, [r6, #4]
100074a0:	f000 f8ea 	bl	10007678 <__malloc_unlock>
100074a4:	9b00      	ldr	r3, [sp, #0]
100074a6:	f103 0408 	add.w	r4, r3, #8
100074aa:	e63c      	b.n	10007126 <_malloc_r+0x62>
100074ac:	189d      	adds	r5, r3, r2
100074ae:	f042 0201 	orr.w	r2, r2, #1
100074b2:	4640      	mov	r0, r8
100074b4:	9300      	str	r3, [sp, #0]
100074b6:	605a      	str	r2, [r3, #4]
100074b8:	4a69      	ldr	r2, [pc, #420]	@ (10007660 <_malloc_r+0x59c>)
100074ba:	e9c4 5504 	strd	r5, r5, [r4, #16]
100074be:	e9c5 2202 	strd	r2, r2, [r5, #8]
100074c2:	f041 0201 	orr.w	r2, r1, #1
100074c6:	606a      	str	r2, [r5, #4]
100074c8:	5199      	str	r1, [r3, r6]
100074ca:	f000 f8d5 	bl	10007678 <__malloc_unlock>
100074ce:	9b00      	ldr	r3, [sp, #0]
100074d0:	f103 0408 	add.w	r4, r3, #8
100074d4:	e627      	b.n	10007126 <_malloc_r+0x62>
100074d6:	09b0      	lsrs	r0, r6, #6
100074d8:	f100 0139 	add.w	r1, r0, #57	@ 0x39
100074dc:	3038      	adds	r0, #56	@ 0x38
100074de:	00c9      	lsls	r1, r1, #3
100074e0:	e788      	b.n	100073f4 <_malloc_r+0x330>
100074e2:	42a7      	cmp	r7, r4
100074e4:	d061      	beq.n	100075aa <_malloc_r+0x4e6>
100074e6:	68a7      	ldr	r7, [r4, #8]
100074e8:	6879      	ldr	r1, [r7, #4]
100074ea:	f021 0103 	bic.w	r1, r1, #3
100074ee:	4291      	cmp	r1, r2
100074f0:	eba1 0002 	sub.w	r0, r1, r2
100074f4:	d302      	bcc.n	100074fc <_malloc_r+0x438>
100074f6:	280f      	cmp	r0, #15
100074f8:	f73f af39 	bgt.w	1000736e <_malloc_r+0x2aa>
100074fc:	4640      	mov	r0, r8
100074fe:	f000 f8bb 	bl	10007678 <__malloc_unlock>
10007502:	e60f      	b.n	10007124 <_malloc_r+0x60>
10007504:	f103 0e5c 	add.w	lr, r3, #92	@ 0x5c
10007508:	f103 065b 	add.w	r6, r3, #91	@ 0x5b
1000750c:	ea4f 03ce 	mov.w	r3, lr, lsl #3
10007510:	e627      	b.n	10007162 <_malloc_r+0x9e>
10007512:	4651      	mov	r1, sl
10007514:	f851 3908 	ldr.w	r3, [r1], #-8
10007518:	428b      	cmp	r3, r1
1000751a:	468a      	mov	sl, r1
1000751c:	f040 809e 	bne.w	1000765c <_malloc_r+0x598>
10007520:	f01e 0f03 	tst.w	lr, #3
10007524:	f10e 3eff 	add.w	lr, lr, #4294967295	@ 0xffffffff
10007528:	d1f3      	bne.n	10007512 <_malloc_r+0x44e>
1000752a:	6863      	ldr	r3, [r4, #4]
1000752c:	ea23 0306 	bic.w	r3, r3, r6
10007530:	6063      	str	r3, [r4, #4]
10007532:	0076      	lsls	r6, r6, #1
10007534:	1e71      	subs	r1, r6, #1
10007536:	4299      	cmp	r1, r3
10007538:	d303      	bcc.n	10007542 <_malloc_r+0x47e>
1000753a:	e682      	b.n	10007242 <_malloc_r+0x17e>
1000753c:	0076      	lsls	r6, r6, #1
1000753e:	f109 0904 	add.w	r9, r9, #4
10007542:	421e      	tst	r6, r3
10007544:	d0fa      	beq.n	1000753c <_malloc_r+0x478>
10007546:	46ce      	mov	lr, r9
10007548:	e658      	b.n	100071fc <_malloc_r+0x138>
1000754a:	1080      	asrs	r0, r0, #2
1000754c:	2601      	movs	r6, #1
1000754e:	fa06 f000 	lsl.w	r0, r6, r0
10007552:	4307      	orrs	r7, r0
10007554:	6067      	str	r7, [r4, #4]
10007556:	e75c      	b.n	10007412 <_malloc_r+0x34e>
10007558:	186b      	adds	r3, r5, r1
1000755a:	4640      	mov	r0, r8
1000755c:	ea03 010e 	and.w	r1, r3, lr
10007560:	9303      	str	r3, [sp, #12]
10007562:	ebaa 0101 	sub.w	r1, sl, r1
10007566:	ea01 030e 	and.w	r3, r1, lr
1000756a:	4619      	mov	r1, r3
1000756c:	9300      	str	r3, [sp, #0]
1000756e:	f001 ff83 	bl	10009478 <_sbrk_r>
10007572:	1c43      	adds	r3, r0, #1
10007574:	e9dd 2901 	ldrd	r2, r9, [sp, #4]
10007578:	f47f aec6 	bne.w	10007308 <_malloc_r+0x244>
1000757c:	9803      	ldr	r0, [sp, #12]
1000757e:	f8cd b000 	str.w	fp, [sp]
10007582:	e6c1      	b.n	10007308 <_malloc_r+0x244>
10007584:	2854      	cmp	r0, #84	@ 0x54
10007586:	d82a      	bhi.n	100075de <_malloc_r+0x51a>
10007588:	0b30      	lsrs	r0, r6, #12
1000758a:	f100 016f 	add.w	r1, r0, #111	@ 0x6f
1000758e:	306e      	adds	r0, #110	@ 0x6e
10007590:	00c9      	lsls	r1, r1, #3
10007592:	e72f      	b.n	100073f4 <_malloc_r+0x330>
10007594:	f5b3 7faa 	cmp.w	r3, #340	@ 0x154
10007598:	d82a      	bhi.n	100075f0 <_malloc_r+0x52c>
1000759a:	0bd3      	lsrs	r3, r2, #15
1000759c:	f103 0e78 	add.w	lr, r3, #120	@ 0x78
100075a0:	f103 0677 	add.w	r6, r3, #119	@ 0x77
100075a4:	ea4f 03ce 	mov.w	r3, lr, lsl #3
100075a8:	e5db      	b.n	10007162 <_malloc_r+0x9e>
100075aa:	f8df 90bc 	ldr.w	r9, [pc, #188]	@ 10007668 <_malloc_r+0x5a4>
100075ae:	f10a 3eff 	add.w	lr, sl, #4294967295	@ 0xffffffff
100075b2:	f8d9 0000 	ldr.w	r0, [r9]
100075b6:	4408      	add	r0, r1
100075b8:	f8c9 0000 	str.w	r0, [r9]
100075bc:	e67c      	b.n	100072b8 <_malloc_r+0x1f4>
100075be:	ea15 0f0e 	tst.w	r5, lr
100075c2:	f47f ae79 	bne.w	100072b8 <_malloc_r+0x1f4>
100075c6:	4431      	add	r1, r6
100075c8:	68a5      	ldr	r5, [r4, #8]
100075ca:	f041 0101 	orr.w	r1, r1, #1
100075ce:	6069      	str	r1, [r5, #4]
100075d0:	e6bf      	b.n	10007352 <_malloc_r+0x28e>
100075d2:	4b24      	ldr	r3, [pc, #144]	@ (10007664 <_malloc_r+0x5a0>)
100075d4:	601d      	str	r5, [r3, #0]
100075d6:	e679      	b.n	100072cc <_malloc_r+0x208>
100075d8:	2301      	movs	r3, #1
100075da:	606b      	str	r3, [r5, #4]
100075dc:	e78e      	b.n	100074fc <_malloc_r+0x438>
100075de:	f5b0 7faa 	cmp.w	r0, #340	@ 0x154
100075e2:	d827      	bhi.n	10007634 <_malloc_r+0x570>
100075e4:	0bf0      	lsrs	r0, r6, #15
100075e6:	f100 0178 	add.w	r1, r0, #120	@ 0x78
100075ea:	3077      	adds	r0, #119	@ 0x77
100075ec:	00c9      	lsls	r1, r1, #3
100075ee:	e701      	b.n	100073f4 <_malloc_r+0x330>
100075f0:	f240 5154 	movw	r1, #1364	@ 0x554
100075f4:	428b      	cmp	r3, r1
100075f6:	d827      	bhi.n	10007648 <_malloc_r+0x584>
100075f8:	0c93      	lsrs	r3, r2, #18
100075fa:	f103 0e7d 	add.w	lr, r3, #125	@ 0x7d
100075fe:	f103 067c 	add.w	r6, r3, #124	@ 0x7c
10007602:	ea4f 03ce 	mov.w	r3, lr, lsl #3
10007606:	e5ac      	b.n	10007162 <_malloc_r+0x9e>
10007608:	f1ab 0108 	sub.w	r1, fp, #8
1000760c:	2300      	movs	r3, #0
1000760e:	eb0a 0001 	add.w	r0, sl, r1
10007612:	9300      	str	r3, [sp, #0]
10007614:	e678      	b.n	10007308 <_malloc_r+0x244>
10007616:	f107 0108 	add.w	r1, r7, #8
1000761a:	4640      	mov	r0, r8
1000761c:	e9cd 2900 	strd	r2, r9, [sp]
10007620:	f002 f858 	bl	100096d4 <_free_r>
10007624:	68a5      	ldr	r5, [r4, #8]
10007626:	f8dd 9004 	ldr.w	r9, [sp, #4]
1000762a:	6869      	ldr	r1, [r5, #4]
1000762c:	f8d9 0000 	ldr.w	r0, [r9]
10007630:	9a00      	ldr	r2, [sp, #0]
10007632:	e68e      	b.n	10007352 <_malloc_r+0x28e>
10007634:	f240 5154 	movw	r1, #1364	@ 0x554
10007638:	4288      	cmp	r0, r1
1000763a:	d80b      	bhi.n	10007654 <_malloc_r+0x590>
1000763c:	0cb0      	lsrs	r0, r6, #18
1000763e:	f100 017d 	add.w	r1, r0, #125	@ 0x7d
10007642:	307c      	adds	r0, #124	@ 0x7c
10007644:	00c9      	lsls	r1, r1, #3
10007646:	e6d5      	b.n	100073f4 <_malloc_r+0x330>
10007648:	f44f 737e 	mov.w	r3, #1016	@ 0x3f8
1000764c:	f04f 0e7f 	mov.w	lr, #127	@ 0x7f
10007650:	267e      	movs	r6, #126	@ 0x7e
10007652:	e586      	b.n	10007162 <_malloc_r+0x9e>
10007654:	f44f 717e 	mov.w	r1, #1016	@ 0x3f8
10007658:	207e      	movs	r0, #126	@ 0x7e
1000765a:	e6cb      	b.n	100073f4 <_malloc_r+0x330>
1000765c:	6863      	ldr	r3, [r4, #4]
1000765e:	e768      	b.n	10007532 <_malloc_r+0x46e>
10007660:	20001580 	.word	0x20001580
10007664:	2000156c 	.word	0x2000156c
10007668:	20002070 	.word	0x20002070

1000766c <__malloc_lock>:
1000766c:	4801      	ldr	r0, [pc, #4]	@ (10007674 <__malloc_lock+0x8>)
1000766e:	f001 bf2d 	b.w	100094cc <__retarget_lock_acquire_recursive>
10007672:	bf00      	nop
10007674:	20002068 	.word	0x20002068

10007678 <__malloc_unlock>:
10007678:	4801      	ldr	r0, [pc, #4]	@ (10007680 <__malloc_unlock+0x8>)
1000767a:	f001 bf29 	b.w	100094d0 <__retarget_lock_release_recursive>
1000767e:	bf00      	nop
10007680:	20002068 	.word	0x20002068
10007684:	00000000 	.word	0x00000000

10007688 <_strtod_l>:
10007688:	e92d 4ff0 	stmdb	sp!, {r4, r5, r6, r7, r8, r9, sl, fp, lr}
1000768c:	2400      	movs	r4, #0
1000768e:	b0a1      	sub	sp, #132	@ 0x84
10007690:	4605      	mov	r5, r0
10007692:	4693      	mov	fp, r2
10007694:	4618      	mov	r0, r3
10007696:	941c      	str	r4, [sp, #112]	@ 0x70
10007698:	2300      	movs	r3, #0
1000769a:	2400      	movs	r4, #0
1000769c:	4689      	mov	r9, r1
1000769e:	460a      	mov	r2, r1
100076a0:	e9cd 3404 	strd	r3, r4, [sp, #16]
100076a4:	4690      	mov	r8, r2
100076a6:	921b      	str	r2, [sp, #108]	@ 0x6c
100076a8:	f812 3b01 	ldrb.w	r3, [r2], #1
100076ac:	2b2d      	cmp	r3, #45	@ 0x2d
100076ae:	d85f      	bhi.n	10007770 <_strtod_l+0xe8>
100076b0:	a101      	add	r1, pc, #4	@ (adr r1, 100076b8 <_strtod_l+0x30>)
100076b2:	f851 f023 	ldr.w	pc, [r1, r3, lsl #2]
100076b6:	bf00      	nop
100076b8:	10007803 	.word	0x10007803
100076bc:	10007771 	.word	0x10007771
100076c0:	10007771 	.word	0x10007771
100076c4:	10007771 	.word	0x10007771
100076c8:	10007771 	.word	0x10007771
100076cc:	10007771 	.word	0x10007771
100076d0:	10007771 	.word	0x10007771
100076d4:	10007771 	.word	0x10007771
100076d8:	10007771 	.word	0x10007771
100076dc:	100076a5 	.word	0x100076a5
100076e0:	100076a5 	.word	0x100076a5
100076e4:	100076a5 	.word	0x100076a5
100076e8:	100076a5 	.word	0x100076a5
100076ec:	100076a5 	.word	0x100076a5
100076f0:	10007771 	.word	0x10007771
100076f4:	10007771 	.word	0x10007771
100076f8:	10007771 	.word	0x10007771
100076fc:	10007771 	.word	0x10007771
10007700:	10007771 	.word	0x10007771
10007704:	10007771 	.word	0x10007771
10007708:	10007771 	.word	0x10007771
1000770c:	10007771 	.word	0x10007771
10007710:	10007771 	.word	0x10007771
10007714:	10007771 	.word	0x10007771
10007718:	10007771 	.word	0x10007771
1000771c:	10007771 	.word	0x10007771
10007720:	10007771 	.word	0x10007771
10007724:	10007771 	.word	0x10007771
10007728:	10007771 	.word	0x10007771
1000772c:	10007771 	.word	0x10007771
10007730:	10007771 	.word	0x10007771
10007734:	10007771 	.word	0x10007771
10007738:	100076a5 	.word	0x100076a5
1000773c:	10007771 	.word	0x10007771
10007740:	10007771 	.word	0x10007771
10007744:	10007771 	.word	0x10007771
10007748:	10007771 	.word	0x10007771
1000774c:	10007771 	.word	0x10007771
10007750:	10007771 	.word	0x10007771
10007754:	10007771 	.word	0x10007771
10007758:	10007771 	.word	0x10007771
1000775c:	10007771 	.word	0x10007771
10007760:	10007771 	.word	0x10007771
10007764:	10007b0b 	.word	0x10007b0b
10007768:	10007771 	.word	0x10007771
1000776c:	10007b23 	.word	0x10007b23
10007770:	2200      	movs	r2, #0
10007772:	9207      	str	r2, [sp, #28]
10007774:	2b30      	cmp	r3, #48	@ 0x30
10007776:	f000 80b8 	beq.w	100078ea <_strtod_l+0x262>
1000777a:	2200      	movs	r2, #0
1000777c:	9208      	str	r2, [sp, #32]
1000777e:	f1a3 0230 	sub.w	r2, r3, #48	@ 0x30
10007782:	2a09      	cmp	r2, #9
10007784:	f200 8409 	bhi.w	10007f9a <_strtod_l+0x912>
10007788:	2600      	movs	r6, #0
1000778a:	4640      	mov	r0, r8
1000778c:	4637      	mov	r7, r6
1000778e:	4634      	mov	r4, r6
10007790:	2c08      	cmp	r4, #8
10007792:	eb06 0386 	add.w	r3, r6, r6, lsl #2
10007796:	f100 0001 	add.w	r0, r0, #1
1000779a:	eb07 0187 	add.w	r1, r7, r7, lsl #2
1000779e:	bfc8      	it	gt
100077a0:	eb02 0643 	addgt.w	r6, r2, r3, lsl #1
100077a4:	f104 0401 	add.w	r4, r4, #1
100077a8:	901b      	str	r0, [sp, #108]	@ 0x6c
100077aa:	bfd8      	it	le
100077ac:	eb02 0741 	addle.w	r7, r2, r1, lsl #1
100077b0:	7803      	ldrb	r3, [r0, #0]
100077b2:	f1a3 0230 	sub.w	r2, r3, #48	@ 0x30
100077b6:	2a09      	cmp	r2, #9
100077b8:	d9ea      	bls.n	10007790 <_strtod_l+0x108>
100077ba:	2201      	movs	r2, #1
100077bc:	49a2      	ldr	r1, [pc, #648]	@ (10007a48 <_strtod_l+0x3c0>)
100077be:	930b      	str	r3, [sp, #44]	@ 0x2c
100077c0:	f001 fbfe 	bl	10008fc0 <strncmp>
100077c4:	900a      	str	r0, [sp, #40]	@ 0x28
100077c6:	bb40      	cbnz	r0, 1000781a <_strtod_l+0x192>
100077c8:	981b      	ldr	r0, [sp, #108]	@ 0x6c
100077ca:	4603      	mov	r3, r0
100077cc:	3001      	adds	r0, #1
100077ce:	901b      	str	r0, [sp, #108]	@ 0x6c
100077d0:	785b      	ldrb	r3, [r3, #1]
100077d2:	f1a3 0130 	sub.w	r1, r3, #48	@ 0x30
100077d6:	2909      	cmp	r1, #9
100077d8:	f240 8111 	bls.w	100079fe <_strtod_l+0x376>
100077dc:	f023 0320 	bic.w	r3, r3, #32
100077e0:	2b45      	cmp	r3, #69	@ 0x45
100077e2:	f040 81a1 	bne.w	10007b28 <_strtod_l+0x4a0>
100077e6:	2301      	movs	r3, #1
100077e8:	9a0a      	ldr	r2, [sp, #40]	@ 0x28
100077ea:	4621      	mov	r1, r4
100077ec:	930b      	str	r3, [sp, #44]	@ 0x2c
100077ee:	9b0a      	ldr	r3, [sp, #40]	@ 0x28
100077f0:	46a6      	mov	lr, r4
100077f2:	460c      	mov	r4, r1
100077f4:	930d      	str	r3, [sp, #52]	@ 0x34
100077f6:	ea41 0302 	orr.w	r3, r1, r2
100077fa:	9908      	ldr	r1, [sp, #32]
100077fc:	430b      	orrs	r3, r1
100077fe:	f040 8133 	bne.w	10007a68 <_strtod_l+0x3e0>
10007802:	2600      	movs	r6, #0
10007804:	2700      	movs	r7, #0
10007806:	f1bb 0f00 	cmp.w	fp, #0
1000780a:	d001      	beq.n	10007810 <_strtod_l+0x188>
1000780c:	f8cb 9000 	str.w	r9, [fp]
10007810:	4630      	mov	r0, r6
10007812:	4639      	mov	r1, r7
10007814:	b021      	add	sp, #132	@ 0x84
10007816:	e8bd 8ff0 	ldmia.w	sp!, {r4, r5, r6, r7, r8, r9, sl, fp, pc}
1000781a:	9b0b      	ldr	r3, [sp, #44]	@ 0x2c
1000781c:	f023 0320 	bic.w	r3, r3, #32
10007820:	2b45      	cmp	r3, #69	@ 0x45
10007822:	f000 811d 	beq.w	10007a60 <_strtod_l+0x3d8>
10007826:	2300      	movs	r3, #0
10007828:	46a6      	mov	lr, r4
1000782a:	930d      	str	r3, [sp, #52]	@ 0x34
1000782c:	e9cd 330a 	strd	r3, r3, [sp, #40]	@ 0x28
10007830:	46a1      	mov	r9, r4
10007832:	4674      	mov	r4, lr
10007834:	464b      	mov	r3, r9
10007836:	4638      	mov	r0, r7
10007838:	2b10      	cmp	r3, #16
1000783a:	bfa8      	it	ge
1000783c:	2310      	movge	r3, #16
1000783e:	469a      	mov	sl, r3
10007840:	f7fa ffd2 	bl	100027e8 <__wrap___aeabi_ui2d>
10007844:	f1b9 0f09 	cmp.w	r9, #9
10007848:	4602      	mov	r2, r0
1000784a:	460b      	mov	r3, r1
1000784c:	e9cd 2304 	strd	r2, r3, [sp, #16]
10007850:	dd16      	ble.n	10007880 <_strtod_l+0x1f8>
10007852:	4b7e      	ldr	r3, [pc, #504]	@ (10007a4c <_strtod_l+0x3c4>)
10007854:	eb03 03ca 	add.w	r3, r3, sl, lsl #3
10007858:	e953 2312 	ldrd	r2, r3, [r3, #-72]	@ 0x48
1000785c:	f7fa ff30 	bl	100026c0 <__wrap___aeabi_dmul>
10007860:	e9cd 0104 	strd	r0, r1, [sp, #16]
10007864:	4630      	mov	r0, r6
10007866:	f7fa ffbf 	bl	100027e8 <__wrap___aeabi_ui2d>
1000786a:	4602      	mov	r2, r0
1000786c:	460b      	mov	r3, r1
1000786e:	e9dd 0104 	ldrd	r0, r1, [sp, #16]
10007872:	f7fa fefd 	bl	10002670 <__wrap___aeabi_dadd>
10007876:	f1b9 0f0f 	cmp.w	r9, #15
1000787a:	e9cd 0104 	strd	r0, r1, [sp, #16]
1000787e:	dc47      	bgt.n	10007910 <_strtod_l+0x288>
10007880:	9b0b      	ldr	r3, [sp, #44]	@ 0x2c
10007882:	2b00      	cmp	r3, #0
10007884:	f000 83c2 	beq.w	1000800c <_strtod_l+0x984>
10007888:	9b0b      	ldr	r3, [sp, #44]	@ 0x2c
1000788a:	f340 82a5 	ble.w	10007dd8 <_strtod_l+0x750>
1000788e:	2b16      	cmp	r3, #22
10007890:	f340 84e8 	ble.w	10008264 <_strtod_l+0xbdc>
10007894:	f1c9 0325 	rsb	r3, r9, #37	@ 0x25
10007898:	9a0b      	ldr	r2, [sp, #44]	@ 0x2c
1000789a:	4293      	cmp	r3, r2
1000789c:	db38      	blt.n	10007910 <_strtod_l+0x288>
1000789e:	f1c9 050f 	rsb	r5, r9, #15
100078a2:	4c6a      	ldr	r4, [pc, #424]	@ (10007a4c <_strtod_l+0x3c4>)
100078a4:	eb04 01c5 	add.w	r1, r4, r5, lsl #3
100078a8:	e9dd 2304 	ldrd	r2, r3, [sp, #16]
100078ac:	e9d1 0100 	ldrd	r0, r1, [r1]
100078b0:	f7fa ff06 	bl	100026c0 <__wrap___aeabi_dmul>
100078b4:	9b0b      	ldr	r3, [sp, #44]	@ 0x2c
100078b6:	1b5d      	subs	r5, r3, r5
100078b8:	eb04 04c5 	add.w	r4, r4, r5, lsl #3
100078bc:	e9d4 2300 	ldrd	r2, r3, [r4]
100078c0:	f7fa fefe 	bl	100026c0 <__wrap___aeabi_dmul>
100078c4:	4606      	mov	r6, r0
100078c6:	460f      	mov	r7, r1
100078c8:	f1bb 0f00 	cmp.w	fp, #0
100078cc:	d002      	beq.n	100078d4 <_strtod_l+0x24c>
100078ce:	9b1b      	ldr	r3, [sp, #108]	@ 0x6c
100078d0:	f8cb 3000 	str.w	r3, [fp]
100078d4:	9b07      	ldr	r3, [sp, #28]
100078d6:	2b00      	cmp	r3, #0
100078d8:	d09a      	beq.n	10007810 <_strtod_l+0x188>
100078da:	f107 4300 	add.w	r3, r7, #2147483648	@ 0x80000000
100078de:	4630      	mov	r0, r6
100078e0:	461f      	mov	r7, r3
100078e2:	4639      	mov	r1, r7
100078e4:	b021      	add	sp, #132	@ 0x84
100078e6:	e8bd 8ff0 	ldmia.w	sp!, {r4, r5, r6, r7, r8, r9, sl, fp, pc}
100078ea:	f898 3001 	ldrb.w	r3, [r8, #1]
100078ee:	f003 03df 	and.w	r3, r3, #223	@ 0xdf
100078f2:	2b58      	cmp	r3, #88	@ 0x58
100078f4:	f000 83e7 	beq.w	100080c6 <_strtod_l+0xa3e>
100078f8:	4642      	mov	r2, r8
100078fa:	3201      	adds	r2, #1
100078fc:	921b      	str	r2, [sp, #108]	@ 0x6c
100078fe:	7813      	ldrb	r3, [r2, #0]
10007900:	2b30      	cmp	r3, #48	@ 0x30
10007902:	d0fa      	beq.n	100078fa <_strtod_l+0x272>
10007904:	4690      	mov	r8, r2
10007906:	2b00      	cmp	r3, #0
10007908:	d076      	beq.n	100079f8 <_strtod_l+0x370>
1000790a:	2201      	movs	r2, #1
1000790c:	9208      	str	r2, [sp, #32]
1000790e:	e736      	b.n	1000777e <_strtod_l+0xf6>
10007910:	eba9 030a 	sub.w	r3, r9, sl
10007914:	9a0b      	ldr	r2, [sp, #44]	@ 0x2c
10007916:	4413      	add	r3, r2
10007918:	2b00      	cmp	r3, #0
1000791a:	f340 8112 	ble.w	10007b42 <_strtod_l+0x4ba>
1000791e:	f013 010f 	ands.w	r1, r3, #15
10007922:	f023 0a0f 	bic.w	sl, r3, #15
10007926:	f040 8443 	bne.w	100081b0 <_strtod_l+0xb28>
1000792a:	f5ba 7f9a 	cmp.w	sl, #308	@ 0x134
1000792e:	f300 84a7 	bgt.w	10008280 <_strtod_l+0xbf8>
10007932:	f1ba 0f10 	cmp.w	sl, #16
10007936:	ea4f 162a 	mov.w	r6, sl, asr #4
1000793a:	f000 8622 	beq.w	10008582 <_strtod_l+0xefa>
1000793e:	9708      	str	r7, [sp, #32]
10007940:	f8df a10c 	ldr.w	sl, [pc, #268]	@ 10007a50 <_strtod_l+0x3c8>
10007944:	4f42      	ldr	r7, [pc, #264]	@ (10007a50 <_strtod_l+0x3c8>)
10007946:	e9dd 2304 	ldrd	r2, r3, [sp, #16]
1000794a:	9404      	str	r4, [sp, #16]
1000794c:	2400      	movs	r4, #0
1000794e:	f016 0f01 	tst.w	r6, #1
10007952:	4610      	mov	r0, r2
10007954:	4619      	mov	r1, r3
10007956:	d005      	beq.n	10007964 <_strtod_l+0x2dc>
10007958:	e9da 2300 	ldrd	r2, r3, [sl]
1000795c:	f7fa feb0 	bl	100026c0 <__wrap___aeabi_dmul>
10007960:	4602      	mov	r2, r0
10007962:	460b      	mov	r3, r1
10007964:	1076      	asrs	r6, r6, #1
10007966:	3401      	adds	r4, #1
10007968:	f10a 0a08 	add.w	sl, sl, #8
1000796c:	2e01      	cmp	r6, #1
1000796e:	d1ee      	bne.n	1000794e <_strtod_l+0x2c6>
10007970:	46bc      	mov	ip, r7
10007972:	9f08      	ldr	r7, [sp, #32]
10007974:	4621      	mov	r1, r4
10007976:	9c04      	ldr	r4, [sp, #16]
10007978:	e9cd 2304 	strd	r2, r3, [sp, #16]
1000797c:	9b05      	ldr	r3, [sp, #20]
1000797e:	eb0c 0cc1 	add.w	ip, ip, r1, lsl #3
10007982:	f1a3 7354 	sub.w	r3, r3, #55574528	@ 0x3500000
10007986:	9305      	str	r3, [sp, #20]
10007988:	e9dd 2304 	ldrd	r2, r3, [sp, #16]
1000798c:	e9dc 0100 	ldrd	r0, r1, [ip]
10007990:	f7fa fe96 	bl	100026c0 <__wrap___aeabi_dmul>
10007994:	4b2f      	ldr	r3, [pc, #188]	@ (10007a54 <_strtod_l+0x3cc>)
10007996:	460a      	mov	r2, r1
10007998:	400b      	ands	r3, r1
1000799a:	e9cd 0104 	strd	r0, r1, [sp, #16]
1000799e:	492e      	ldr	r1, [pc, #184]	@ (10007a58 <_strtod_l+0x3d0>)
100079a0:	428b      	cmp	r3, r1
100079a2:	f200 846d 	bhi.w	10008280 <_strtod_l+0xbf8>
100079a6:	f5a1 1180 	sub.w	r1, r1, #1048576	@ 0x100000
100079aa:	428b      	cmp	r3, r1
100079ac:	f240 8570 	bls.w	10008490 <_strtod_l+0xe08>
100079b0:	f04f 32ff 	mov.w	r2, #4294967295	@ 0xffffffff
100079b4:	4b29      	ldr	r3, [pc, #164]	@ (10007a5c <_strtod_l+0x3d4>)
100079b6:	e9cd 2304 	strd	r2, r3, [sp, #16]
100079ba:	e0c4      	b.n	10007b46 <_strtod_l+0x4be>
100079bc:	991b      	ldr	r1, [sp, #108]	@ 0x6c
100079be:	1c4b      	adds	r3, r1, #1
100079c0:	931b      	str	r3, [sp, #108]	@ 0x6c
100079c2:	7848      	ldrb	r0, [r1, #1]
100079c4:	2830      	cmp	r0, #48	@ 0x30
100079c6:	f040 84a2 	bne.w	1000830e <_strtod_l+0xc86>
100079ca:	1c8b      	adds	r3, r1, #2
100079cc:	461a      	mov	r2, r3
100079ce:	931b      	str	r3, [sp, #108]	@ 0x6c
100079d0:	3301      	adds	r3, #1
100079d2:	7810      	ldrb	r0, [r2, #0]
100079d4:	2830      	cmp	r0, #48	@ 0x30
100079d6:	d0f9      	beq.n	100079cc <_strtod_l+0x344>
100079d8:	1a52      	subs	r2, r2, r1
100079da:	3a01      	subs	r2, #1
100079dc:	f1a0 0331 	sub.w	r3, r0, #49	@ 0x31
100079e0:	2b08      	cmp	r3, #8
100079e2:	f240 82ef 	bls.w	10007fc4 <_strtod_l+0x93c>
100079e6:	f020 0020 	bic.w	r0, r0, #32
100079ea:	2845      	cmp	r0, #69	@ 0x45
100079ec:	f000 83aa 	beq.w	10008144 <_strtod_l+0xabc>
100079f0:	9b08      	ldr	r3, [sp, #32]
100079f2:	431a      	orrs	r2, r3
100079f4:	f43f af05 	beq.w	10007802 <_strtod_l+0x17a>
100079f8:	2600      	movs	r6, #0
100079fa:	2700      	movs	r7, #0
100079fc:	e764      	b.n	100078c8 <_strtod_l+0x240>
100079fe:	46a6      	mov	lr, r4
10007a00:	9a0a      	ldr	r2, [sp, #40]	@ 0x28
10007a02:	4682      	mov	sl, r0
10007a04:	468c      	mov	ip, r1
10007a06:	1c50      	adds	r0, r2, #1
10007a08:	2900      	cmp	r1, #0
10007a0a:	f000 868a 	beq.w	10008722 <_strtod_l+0x109a>
10007a0e:	9b0a      	ldr	r3, [sp, #40]	@ 0x28
10007a10:	2801      	cmp	r0, #1
10007a12:	4403      	add	r3, r0
10007a14:	930a      	str	r3, [sp, #40]	@ 0x28
10007a16:	f000 867f 	beq.w	10008718 <_strtod_l+0x1090>
10007a1a:	4422      	add	r2, r4
10007a1c:	4653      	mov	r3, sl
10007a1e:	910b      	str	r1, [sp, #44]	@ 0x2c
10007a20:	e004      	b.n	10007a2c <_strtod_l+0x3a4>
10007a22:	ea4f 074a 	mov.w	r7, sl, lsl #1
10007a26:	4294      	cmp	r4, r2
10007a28:	f000 865f 	beq.w	100086ea <_strtod_l+0x1062>
10007a2c:	eb06 0086 	add.w	r0, r6, r6, lsl #2
10007a30:	2c08      	cmp	r4, #8
10007a32:	eb07 0a87 	add.w	sl, r7, r7, lsl #2
10007a36:	f104 0401 	add.w	r4, r4, #1
10007a3a:	ea4f 0040 	mov.w	r0, r0, lsl #1
10007a3e:	ddf0      	ble.n	10007a22 <_strtod_l+0x39a>
10007a40:	2c10      	cmp	r4, #16
10007a42:	bfd8      	it	le
10007a44:	4606      	movle	r6, r0
10007a46:	e7ee      	b.n	10007a26 <_strtod_l+0x39e>
10007a48:	1000b288 	.word	0x1000b288
10007a4c:	1000b8c8 	.word	0x1000b8c8
10007a50:	1000b8a0 	.word	0x1000b8a0
10007a54:	7ff00000 	.word	0x7ff00000
10007a58:	7ca00000 	.word	0x7ca00000
10007a5c:	7fefffff 	.word	0x7fefffff
10007a60:	2200      	movs	r2, #0
10007a62:	46a6      	mov	lr, r4
10007a64:	920d      	str	r2, [sp, #52]	@ 0x34
10007a66:	920b      	str	r2, [sp, #44]	@ 0x2c
10007a68:	f8dd 906c 	ldr.w	r9, [sp, #108]	@ 0x6c
10007a6c:	f109 0301 	add.w	r3, r9, #1
10007a70:	931b      	str	r3, [sp, #108]	@ 0x6c
10007a72:	f899 3001 	ldrb.w	r3, [r9, #1]
10007a76:	2b2b      	cmp	r3, #43	@ 0x2b
10007a78:	f000 8283 	beq.w	10007f82 <_strtod_l+0x8fa>
10007a7c:	2b2d      	cmp	r3, #45	@ 0x2d
10007a7e:	d141      	bne.n	10007b04 <_strtod_l+0x47c>
10007a80:	2301      	movs	r3, #1
10007a82:	930c      	str	r3, [sp, #48]	@ 0x30
10007a84:	f109 0302 	add.w	r3, r9, #2
10007a88:	931b      	str	r3, [sp, #108]	@ 0x6c
10007a8a:	f899 3002 	ldrb.w	r3, [r9, #2]
10007a8e:	f1a3 0130 	sub.w	r1, r3, #48	@ 0x30
10007a92:	2909      	cmp	r1, #9
10007a94:	f200 8236 	bhi.w	10007f04 <_strtod_l+0x87c>
10007a98:	2b30      	cmp	r3, #48	@ 0x30
10007a9a:	981b      	ldr	r0, [sp, #108]	@ 0x6c
10007a9c:	f040 82e2 	bne.w	10008064 <_strtod_l+0x9dc>
10007aa0:	3001      	adds	r0, #1
10007aa2:	901b      	str	r0, [sp, #108]	@ 0x6c
10007aa4:	7803      	ldrb	r3, [r0, #0]
10007aa6:	2b30      	cmp	r3, #48	@ 0x30
10007aa8:	d0fa      	beq.n	10007aa0 <_strtod_l+0x418>
10007aaa:	f1a3 0131 	sub.w	r1, r3, #49	@ 0x31
10007aae:	2908      	cmp	r1, #8
10007ab0:	f240 82d6 	bls.w	10008060 <_strtod_l+0x9d8>
10007ab4:	2100      	movs	r1, #0
10007ab6:	910a      	str	r1, [sp, #40]	@ 0x28
10007ab8:	2c00      	cmp	r4, #0
10007aba:	d138      	bne.n	10007b2e <_strtod_l+0x4a6>
10007abc:	9908      	ldr	r1, [sp, #32]
10007abe:	4311      	orrs	r1, r2
10007ac0:	d19a      	bne.n	100079f8 <_strtod_l+0x370>
10007ac2:	9a0b      	ldr	r2, [sp, #44]	@ 0x2c
10007ac4:	2a00      	cmp	r2, #0
10007ac6:	f47f ae9c 	bne.w	10007802 <_strtod_l+0x17a>
10007aca:	2b69      	cmp	r3, #105	@ 0x69
10007acc:	f000 8386 	beq.w	100081dc <_strtod_l+0xb54>
10007ad0:	f300 837f 	bgt.w	100081d2 <_strtod_l+0xb4a>
10007ad4:	2b49      	cmp	r3, #73	@ 0x49
10007ad6:	f000 8381 	beq.w	100081dc <_strtod_l+0xb54>
10007ada:	2b4e      	cmp	r3, #78	@ 0x4e
10007adc:	f47f ae91 	bne.w	10007802 <_strtod_l+0x17a>
10007ae0:	492d      	ldr	r1, [pc, #180]	@ (10007b98 <_strtod_l+0x510>)
10007ae2:	a81b      	add	r0, sp, #108	@ 0x6c
10007ae4:	f002 fa46 	bl	10009f74 <__match>
10007ae8:	2800      	cmp	r0, #0
10007aea:	f43f ae8a 	beq.w	10007802 <_strtod_l+0x17a>
10007aee:	9b1b      	ldr	r3, [sp, #108]	@ 0x6c
10007af0:	781b      	ldrb	r3, [r3, #0]
10007af2:	2b28      	cmp	r3, #40	@ 0x28
10007af4:	f000 84d1 	beq.w	1000849a <_strtod_l+0xe12>
10007af8:	4828      	ldr	r0, [pc, #160]	@ (10007b9c <_strtod_l+0x514>)
10007afa:	f001 fd8f 	bl	1000961c <nan>
10007afe:	4606      	mov	r6, r0
10007b00:	460f      	mov	r7, r1
10007b02:	e6e1      	b.n	100078c8 <_strtod_l+0x240>
10007b04:	2100      	movs	r1, #0
10007b06:	910c      	str	r1, [sp, #48]	@ 0x30
10007b08:	e7c1      	b.n	10007a8e <_strtod_l+0x406>
10007b0a:	2300      	movs	r3, #0
10007b0c:	9307      	str	r3, [sp, #28]
10007b0e:	f108 0201 	add.w	r2, r8, #1
10007b12:	921b      	str	r2, [sp, #108]	@ 0x6c
10007b14:	f898 3001 	ldrb.w	r3, [r8, #1]
10007b18:	2b00      	cmp	r3, #0
10007b1a:	f43f ae72 	beq.w	10007802 <_strtod_l+0x17a>
10007b1e:	4690      	mov	r8, r2
10007b20:	e628      	b.n	10007774 <_strtod_l+0xec>
10007b22:	2301      	movs	r3, #1
10007b24:	9307      	str	r3, [sp, #28]
10007b26:	e7f2      	b.n	10007b0e <_strtod_l+0x486>
10007b28:	9b0a      	ldr	r3, [sp, #40]	@ 0x28
10007b2a:	46a6      	mov	lr, r4
10007b2c:	930d      	str	r3, [sp, #52]	@ 0x34
10007b2e:	9b0a      	ldr	r3, [sp, #40]	@ 0x28
10007b30:	9a0d      	ldr	r2, [sp, #52]	@ 0x34
10007b32:	1a9b      	subs	r3, r3, r2
10007b34:	930b      	str	r3, [sp, #44]	@ 0x2c
10007b36:	f1be 0f00 	cmp.w	lr, #0
10007b3a:	f47f ae79 	bne.w	10007830 <_strtod_l+0x1a8>
10007b3e:	46a1      	mov	r9, r4
10007b40:	e678      	b.n	10007834 <_strtod_l+0x1ac>
10007b42:	f040 8369 	bne.w	10008218 <_strtod_l+0xb90>
10007b46:	2300      	movs	r3, #0
10007b48:	930c      	str	r3, [sp, #48]	@ 0x30
10007b4a:	464b      	mov	r3, r9
10007b4c:	4622      	mov	r2, r4
10007b4e:	4641      	mov	r1, r8
10007b50:	4628      	mov	r0, r5
10007b52:	9700      	str	r7, [sp, #0]
10007b54:	f002 fbb2 	bl	1000a2bc <__s2b>
10007b58:	9014      	str	r0, [sp, #80]	@ 0x50
10007b5a:	2800      	cmp	r0, #0
10007b5c:	f000 8390 	beq.w	10008280 <_strtod_l+0xbf8>
10007b60:	9a0a      	ldr	r2, [sp, #40]	@ 0x28
10007b62:	2400      	movs	r4, #0
10007b64:	9b0d      	ldr	r3, [sp, #52]	@ 0x34
10007b66:	46a0      	mov	r8, r4
10007b68:	940a      	str	r4, [sp, #40]	@ 0x28
10007b6a:	1a9b      	subs	r3, r3, r2
10007b6c:	9a0b      	ldr	r2, [sp, #44]	@ 0x2c
10007b6e:	f8cd b064 	str.w	fp, [sp, #100]	@ 0x64
10007b72:	2a00      	cmp	r2, #0
10007b74:	bfa8      	it	ge
10007b76:	2300      	movge	r3, #0
10007b78:	930d      	str	r3, [sp, #52]	@ 0x34
10007b7a:	9b0c      	ldr	r3, [sp, #48]	@ 0x30
10007b7c:	2b00      	cmp	r3, #0
10007b7e:	ea22 73e2 	bic.w	r3, r2, r2, asr #31
10007b82:	9313      	str	r3, [sp, #76]	@ 0x4c
10007b84:	bf14      	ite	ne
10007b86:	2301      	movne	r3, #1
10007b88:	4623      	moveq	r3, r4
10007b8a:	9315      	str	r3, [sp, #84]	@ 0x54
10007b8c:	bf0c      	ite	eq
10007b8e:	2301      	moveq	r3, #1
10007b90:	4623      	movne	r3, r4
10007b92:	9318      	str	r3, [sp, #96]	@ 0x60
10007b94:	e0df      	b.n	10007d56 <_strtod_l+0x6ce>
10007b96:	bf00      	nop
10007b98:	1000b298 	.word	0x1000b298
10007b9c:	1000b1b8 	.word	0x1000b1b8
10007ba0:	49a1      	ldr	r1, [pc, #644]	@ (10007e28 <_strtod_l+0x7a0>)
10007ba2:	1ad2      	subs	r2, r2, r3
10007ba4:	428b      	cmp	r3, r1
10007ba6:	eba4 0402 	sub.w	r4, r4, r2
10007baa:	f2c0 81b0 	blt.w	10007f0e <_strtod_l+0x886>
10007bae:	2301      	movs	r3, #1
10007bb0:	f04f 0b00 	mov.w	fp, #0
10007bb4:	fa03 f602 	lsl.w	r6, r3, r2
10007bb8:	44a1      	add	r9, r4
10007bba:	4454      	add	r4, sl
10007bbc:	9b0c      	ldr	r3, [sp, #48]	@ 0x30
10007bbe:	45a2      	cmp	sl, r4
10007bc0:	4499      	add	r9, r3
10007bc2:	4653      	mov	r3, sl
10007bc4:	bfa8      	it	ge
10007bc6:	4623      	movge	r3, r4
10007bc8:	454b      	cmp	r3, r9
10007bca:	bfa8      	it	ge
10007bcc:	464b      	movge	r3, r9
10007bce:	2b00      	cmp	r3, #0
10007bd0:	dd04      	ble.n	10007bdc <_strtod_l+0x554>
10007bd2:	1ae4      	subs	r4, r4, r3
10007bd4:	eba9 0903 	sub.w	r9, r9, r3
10007bd8:	ebaa 0a03 	sub.w	sl, sl, r3
10007bdc:	9b0d      	ldr	r3, [sp, #52]	@ 0x34
10007bde:	2b00      	cmp	r3, #0
10007be0:	f300 8130 	bgt.w	10007e44 <_strtod_l+0x7bc>
10007be4:	2c00      	cmp	r4, #0
10007be6:	f300 8148 	bgt.w	10007e7a <_strtod_l+0x7f2>
10007bea:	9b0b      	ldr	r3, [sp, #44]	@ 0x2c
10007bec:	2b00      	cmp	r3, #0
10007bee:	f300 817f 	bgt.w	10007ef0 <_strtod_l+0x868>
10007bf2:	f1b9 0f00 	cmp.w	r9, #0
10007bf6:	f300 816c 	bgt.w	10007ed2 <_strtod_l+0x84a>
10007bfa:	f1ba 0f00 	cmp.w	sl, #0
10007bfe:	dd08      	ble.n	10007c12 <_strtod_l+0x58a>
10007c00:	4641      	mov	r1, r8
10007c02:	4652      	mov	r2, sl
10007c04:	4628      	mov	r0, r5
10007c06:	f002 fd65 	bl	1000a6d4 <__lshift>
10007c0a:	4680      	mov	r8, r0
10007c0c:	2800      	cmp	r0, #0
10007c0e:	f000 8169 	beq.w	10007ee4 <_strtod_l+0x85c>
10007c12:	463a      	mov	r2, r7
10007c14:	991c      	ldr	r1, [sp, #112]	@ 0x70
10007c16:	4628      	mov	r0, r5
10007c18:	f002 fdee 	bl	1000a7f8 <__mdiff>
10007c1c:	900a      	str	r0, [sp, #40]	@ 0x28
10007c1e:	2800      	cmp	r0, #0
10007c20:	f000 8160 	beq.w	10007ee4 <_strtod_l+0x85c>
10007c24:	9a0a      	ldr	r2, [sp, #40]	@ 0x28
10007c26:	2300      	movs	r3, #0
10007c28:	68d1      	ldr	r1, [r2, #12]
10007c2a:	60d3      	str	r3, [r2, #12]
10007c2c:	9112      	str	r1, [sp, #72]	@ 0x48
10007c2e:	4641      	mov	r1, r8
10007c30:	f002 fdc2 	bl	1000a7b8 <__mcmp>
10007c34:	2800      	cmp	r0, #0
10007c36:	f2c0 8467 	blt.w	10008508 <_strtod_l+0xe80>
10007c3a:	9c05      	ldr	r4, [sp, #20]
10007c3c:	f000 83a3 	beq.w	10008386 <_strtod_l+0xcfe>
10007c40:	4641      	mov	r1, r8
10007c42:	980a      	ldr	r0, [sp, #40]	@ 0x28
10007c44:	f002 ff74 	bl	1000ab30 <__ratio>
10007c48:	2200      	movs	r2, #0
10007c4a:	f04f 4380 	mov.w	r3, #1073741824	@ 0x40000000
10007c4e:	4682      	mov	sl, r0
10007c50:	468b      	mov	fp, r1
10007c52:	f7fa fe37 	bl	100028c4 <__wrap___aeabi_dcmple>
10007c56:	2800      	cmp	r0, #0
10007c58:	f000 80d0 	beq.w	10007dfc <_strtod_l+0x774>
10007c5c:	9b12      	ldr	r3, [sp, #72]	@ 0x48
10007c5e:	2b00      	cmp	r3, #0
10007c60:	f040 8161 	bne.w	10007f26 <_strtod_l+0x89e>
10007c64:	9b04      	ldr	r3, [sp, #16]
10007c66:	2b00      	cmp	r3, #0
10007c68:	f040 825b 	bne.w	10008122 <_strtod_l+0xa9a>
10007c6c:	f3c4 0313 	ubfx	r3, r4, #0, #20
10007c70:	2b00      	cmp	r3, #0
10007c72:	f040 8189 	bne.w	10007f88 <_strtod_l+0x900>
10007c76:	2200      	movs	r2, #0
10007c78:	4b6c      	ldr	r3, [pc, #432]	@ (10007e2c <_strtod_l+0x7a4>)
10007c7a:	4650      	mov	r0, sl
10007c7c:	4659      	mov	r1, fp
10007c7e:	f7fa fe0d 	bl	1000289c <__wrap___aeabi_dcmplt>
10007c82:	2800      	cmp	r0, #0
10007c84:	f040 835e 	bne.w	10008344 <_strtod_l+0xcbc>
10007c88:	2200      	movs	r2, #0
10007c8a:	4b69      	ldr	r3, [pc, #420]	@ (10007e30 <_strtod_l+0x7a8>)
10007c8c:	4650      	mov	r0, sl
10007c8e:	4659      	mov	r1, fp
10007c90:	f7fa fd16 	bl	100026c0 <__wrap___aeabi_dmul>
10007c94:	460a      	mov	r2, r1
10007c96:	4601      	mov	r1, r0
10007c98:	900e      	str	r0, [sp, #56]	@ 0x38
10007c9a:	f102 4300 	add.w	r3, r2, #2147483648	@ 0x80000000
10007c9e:	e9cd 1210 	strd	r1, r2, [sp, #64]	@ 0x40
10007ca2:	930f      	str	r3, [sp, #60]	@ 0x3c
10007ca4:	f8df 9190 	ldr.w	r9, [pc, #400]	@ 10007e38 <_strtod_l+0x7b0>
10007ca8:	4b62      	ldr	r3, [pc, #392]	@ (10007e34 <_strtod_l+0x7ac>)
10007caa:	ea04 0909 	and.w	r9, r4, r9
10007cae:	4599      	cmp	r9, r3
10007cb0:	e9dd ab0e 	ldrd	sl, fp, [sp, #56]	@ 0x38
10007cb4:	f000 813e 	beq.w	10007f34 <_strtod_l+0x8ac>
10007cb8:	f1b9 6fd4 	cmp.w	r9, #111149056	@ 0x6a00000
10007cbc:	d822      	bhi.n	10007d04 <_strtod_l+0x67c>
10007cbe:	9b15      	ldr	r3, [sp, #84]	@ 0x54
10007cc0:	b303      	cbz	r3, 10007d04 <_strtod_l+0x67c>
10007cc2:	a357      	add	r3, pc, #348	@ (adr r3, 10007e20 <_strtod_l+0x798>)
10007cc4:	e9d3 2300 	ldrd	r2, r3, [r3]
10007cc8:	e9dd 0110 	ldrd	r0, r1, [sp, #64]	@ 0x40
10007ccc:	f7fa fdfa 	bl	100028c4 <__wrap___aeabi_dcmple>
10007cd0:	b1a0      	cbz	r0, 10007cfc <_strtod_l+0x674>
10007cd2:	e9dd 0110 	ldrd	r0, r1, [sp, #64]	@ 0x40
10007cd6:	f7fa fdab 	bl	10002830 <__wrap___aeabi_d2uiz>
10007cda:	2801      	cmp	r0, #1
10007cdc:	bf38      	it	cc
10007cde:	2001      	movcc	r0, #1
10007ce0:	f7fa fd82 	bl	100027e8 <__wrap___aeabi_ui2d>
10007ce4:	9b12      	ldr	r3, [sp, #72]	@ 0x48
10007ce6:	e9cd 0110 	strd	r0, r1, [sp, #64]	@ 0x40
10007cea:	2b00      	cmp	r3, #0
10007cec:	f040 8239 	bne.w	10008162 <_strtod_l+0xada>
10007cf0:	f101 4300 	add.w	r3, r1, #2147483648	@ 0x80000000
10007cf4:	9016      	str	r0, [sp, #88]	@ 0x58
10007cf6:	9317      	str	r3, [sp, #92]	@ 0x5c
10007cf8:	e9dd ab16 	ldrd	sl, fp, [sp, #88]	@ 0x58
10007cfc:	f10b 63d6 	add.w	r3, fp, #112197632	@ 0x6b00000
10007d00:	eba3 0b09 	sub.w	fp, r3, r9
10007d04:	e9dd 0108 	ldrd	r0, r1, [sp, #32]
10007d08:	f002 fe3a 	bl	1000a980 <__ulp>
10007d0c:	4602      	mov	r2, r0
10007d0e:	460b      	mov	r3, r1
10007d10:	4650      	mov	r0, sl
10007d12:	4659      	mov	r1, fp
10007d14:	f7fa fcd4 	bl	100026c0 <__wrap___aeabi_dmul>
10007d18:	e9dd 2308 	ldrd	r2, r3, [sp, #32]
10007d1c:	f7fa fca8 	bl	10002670 <__wrap___aeabi_dadd>
10007d20:	460c      	mov	r4, r1
10007d22:	e9cd 0104 	strd	r0, r1, [sp, #16]
10007d26:	4b44      	ldr	r3, [pc, #272]	@ (10007e38 <_strtod_l+0x7b0>)
10007d28:	4023      	ands	r3, r4
10007d2a:	454b      	cmp	r3, r9
10007d2c:	d103      	bne.n	10007d36 <_strtod_l+0x6ae>
10007d2e:	9b18      	ldr	r3, [sp, #96]	@ 0x60
10007d30:	2b00      	cmp	r3, #0
10007d32:	f040 816e 	bne.w	10008012 <_strtod_l+0x98a>
10007d36:	991c      	ldr	r1, [sp, #112]	@ 0x70
10007d38:	4628      	mov	r0, r5
10007d3a:	f002 fa61 	bl	1000a200 <_Bfree>
10007d3e:	4639      	mov	r1, r7
10007d40:	4628      	mov	r0, r5
10007d42:	f002 fa5d 	bl	1000a200 <_Bfree>
10007d46:	4641      	mov	r1, r8
10007d48:	4628      	mov	r0, r5
10007d4a:	f002 fa59 	bl	1000a200 <_Bfree>
10007d4e:	990a      	ldr	r1, [sp, #40]	@ 0x28
10007d50:	4628      	mov	r0, r5
10007d52:	f002 fa55 	bl	1000a200 <_Bfree>
10007d56:	9c14      	ldr	r4, [sp, #80]	@ 0x50
10007d58:	4628      	mov	r0, r5
10007d5a:	6861      	ldr	r1, [r4, #4]
10007d5c:	f002 fa2a 	bl	1000a1b4 <_Balloc>
10007d60:	4607      	mov	r7, r0
10007d62:	2800      	cmp	r0, #0
10007d64:	f000 80be 	beq.w	10007ee4 <_strtod_l+0x85c>
10007d68:	6922      	ldr	r2, [r4, #16]
10007d6a:	f104 010c 	add.w	r1, r4, #12
10007d6e:	300c      	adds	r0, #12
10007d70:	3202      	adds	r2, #2
10007d72:	0092      	lsls	r2, r2, #2
10007d74:	f001 fbae 	bl	100094d4 <memcpy>
10007d78:	ab1e      	add	r3, sp, #120	@ 0x78
10007d7a:	4628      	mov	r0, r5
10007d7c:	9301      	str	r3, [sp, #4]
10007d7e:	ab1d      	add	r3, sp, #116	@ 0x74
10007d80:	ed9d 7b04 	vldr	d7, [sp, #16]
10007d84:	9300      	str	r3, [sp, #0]
10007d86:	ec53 2b17 	vmov	r2, r3, d7
10007d8a:	ed8d 7b08 	vstr	d7, [sp, #32]
10007d8e:	f002 fe73 	bl	1000aa78 <__d2b>
10007d92:	901c      	str	r0, [sp, #112]	@ 0x70
10007d94:	2800      	cmp	r0, #0
10007d96:	d079      	beq.n	10007e8c <_strtod_l+0x804>
10007d98:	2101      	movs	r1, #1
10007d9a:	4628      	mov	r0, r5
10007d9c:	f002 fb4c 	bl	1000a438 <__i2b>
10007da0:	4680      	mov	r8, r0
10007da2:	2800      	cmp	r0, #0
10007da4:	f000 809e 	beq.w	10007ee4 <_strtod_l+0x85c>
10007da8:	9b1d      	ldr	r3, [sp, #116]	@ 0x74
10007daa:	2b00      	cmp	r3, #0
10007dac:	f2c0 808b 	blt.w	10007ec6 <_strtod_l+0x83e>
10007db0:	9a0d      	ldr	r2, [sp, #52]	@ 0x34
10007db2:	f8dd 904c 	ldr.w	r9, [sp, #76]	@ 0x4c
10007db6:	eb03 0a02 	add.w	sl, r3, r2
10007dba:	9a0c      	ldr	r2, [sp, #48]	@ 0x30
10007dbc:	9c1e      	ldr	r4, [sp, #120]	@ 0x78
10007dbe:	1a9b      	subs	r3, r3, r2
10007dc0:	4a1e      	ldr	r2, [pc, #120]	@ (10007e3c <_strtod_l+0x7b4>)
10007dc2:	4423      	add	r3, r4
10007dc4:	f1c4 0436 	rsb	r4, r4, #54	@ 0x36
10007dc8:	3b01      	subs	r3, #1
10007dca:	4293      	cmp	r3, r2
10007dcc:	f6ff aee8 	blt.w	10007ba0 <_strtod_l+0x518>
10007dd0:	f04f 0b00 	mov.w	fp, #0
10007dd4:	2601      	movs	r6, #1
10007dd6:	e6ef      	b.n	10007bb8 <_strtod_l+0x530>
10007dd8:	3316      	adds	r3, #22
10007dda:	f6ff ad99 	blt.w	10007910 <_strtod_l+0x288>
10007dde:	9b0d      	ldr	r3, [sp, #52]	@ 0x34
10007de0:	9a0a      	ldr	r2, [sp, #40]	@ 0x28
10007de2:	1a9a      	subs	r2, r3, r2
10007de4:	4b16      	ldr	r3, [pc, #88]	@ (10007e40 <_strtod_l+0x7b8>)
10007de6:	eb03 03c2 	add.w	r3, r3, r2, lsl #3
10007dea:	e9dd 0104 	ldrd	r0, r1, [sp, #16]
10007dee:	e9d3 2300 	ldrd	r2, r3, [r3]
10007df2:	f7fa fc8b 	bl	1000270c <__wrap___aeabi_ddiv>
10007df6:	4606      	mov	r6, r0
10007df8:	460f      	mov	r7, r1
10007dfa:	e565      	b.n	100078c8 <_strtod_l+0x240>
10007dfc:	4b0c      	ldr	r3, [pc, #48]	@ (10007e30 <_strtod_l+0x7a8>)
10007dfe:	4650      	mov	r0, sl
10007e00:	4659      	mov	r1, fp
10007e02:	2200      	movs	r2, #0
10007e04:	f7fa fc5c 	bl	100026c0 <__wrap___aeabi_dmul>
10007e08:	9b12      	ldr	r3, [sp, #72]	@ 0x48
10007e0a:	e9cd 0110 	strd	r0, r1, [sp, #64]	@ 0x40
10007e0e:	2b00      	cmp	r3, #0
10007e10:	f040 8084 	bne.w	10007f1c <_strtod_l+0x894>
10007e14:	f101 4300 	add.w	r3, r1, #2147483648	@ 0x80000000
10007e18:	900e      	str	r0, [sp, #56]	@ 0x38
10007e1a:	930f      	str	r3, [sp, #60]	@ 0x3c
10007e1c:	e742      	b.n	10007ca4 <_strtod_l+0x61c>
10007e1e:	bf00      	nop
10007e20:	ffc00000 	.word	0xffc00000
10007e24:	41dfffff 	.word	0x41dfffff
10007e28:	fffffbe3 	.word	0xfffffbe3
10007e2c:	3ff00000 	.word	0x3ff00000
10007e30:	3fe00000 	.word	0x3fe00000
10007e34:	7fe00000 	.word	0x7fe00000
10007e38:	7ff00000 	.word	0x7ff00000
10007e3c:	fffffc02 	.word	0xfffffc02
10007e40:	1000b8c8 	.word	0x1000b8c8
10007e44:	4641      	mov	r1, r8
10007e46:	461a      	mov	r2, r3
10007e48:	4628      	mov	r0, r5
10007e4a:	f002 fbe7 	bl	1000a61c <__pow5mult>
10007e4e:	9a1c      	ldr	r2, [sp, #112]	@ 0x70
10007e50:	4680      	mov	r8, r0
10007e52:	2800      	cmp	r0, #0
10007e54:	f000 833b 	beq.w	100084ce <_strtod_l+0xe46>
10007e58:	4601      	mov	r1, r0
10007e5a:	4628      	mov	r0, r5
10007e5c:	f002 fb1a 	bl	1000a494 <__multiply>
10007e60:	2800      	cmp	r0, #0
10007e62:	f000 832e 	beq.w	100084c2 <_strtod_l+0xe3a>
10007e66:	9012      	str	r0, [sp, #72]	@ 0x48
10007e68:	4628      	mov	r0, r5
10007e6a:	991c      	ldr	r1, [sp, #112]	@ 0x70
10007e6c:	f002 f9c8 	bl	1000a200 <_Bfree>
10007e70:	9b12      	ldr	r3, [sp, #72]	@ 0x48
10007e72:	2c00      	cmp	r4, #0
10007e74:	931c      	str	r3, [sp, #112]	@ 0x70
10007e76:	f77f aeb8 	ble.w	10007bea <_strtod_l+0x562>
10007e7a:	4622      	mov	r2, r4
10007e7c:	991c      	ldr	r1, [sp, #112]	@ 0x70
10007e7e:	4628      	mov	r0, r5
10007e80:	f002 fc28 	bl	1000a6d4 <__lshift>
10007e84:	901c      	str	r0, [sp, #112]	@ 0x70
10007e86:	2800      	cmp	r0, #0
10007e88:	f47f aeaf 	bne.w	10007bea <_strtod_l+0x562>
10007e8c:	46ba      	mov	sl, r7
10007e8e:	4644      	mov	r4, r8
10007e90:	4601      	mov	r1, r0
10007e92:	f8dd b064 	ldr.w	fp, [sp, #100]	@ 0x64
10007e96:	2322      	movs	r3, #34	@ 0x22
10007e98:	2600      	movs	r6, #0
10007e9a:	4fbf      	ldr	r7, [pc, #764]	@ (10008198 <_strtod_l+0xb10>)
10007e9c:	602b      	str	r3, [r5, #0]
10007e9e:	4628      	mov	r0, r5
10007ea0:	f002 f9ae 	bl	1000a200 <_Bfree>
10007ea4:	4651      	mov	r1, sl
10007ea6:	4628      	mov	r0, r5
10007ea8:	f002 f9aa 	bl	1000a200 <_Bfree>
10007eac:	4621      	mov	r1, r4
10007eae:	4628      	mov	r0, r5
10007eb0:	f002 f9a6 	bl	1000a200 <_Bfree>
10007eb4:	9914      	ldr	r1, [sp, #80]	@ 0x50
10007eb6:	4628      	mov	r0, r5
10007eb8:	f002 f9a2 	bl	1000a200 <_Bfree>
10007ebc:	990a      	ldr	r1, [sp, #40]	@ 0x28
10007ebe:	4628      	mov	r0, r5
10007ec0:	f002 f99e 	bl	1000a200 <_Bfree>
10007ec4:	e500      	b.n	100078c8 <_strtod_l+0x240>
10007ec6:	9a13      	ldr	r2, [sp, #76]	@ 0x4c
10007ec8:	f8dd a034 	ldr.w	sl, [sp, #52]	@ 0x34
10007ecc:	eba2 0903 	sub.w	r9, r2, r3
10007ed0:	e773      	b.n	10007dba <_strtod_l+0x732>
10007ed2:	4639      	mov	r1, r7
10007ed4:	464a      	mov	r2, r9
10007ed6:	4628      	mov	r0, r5
10007ed8:	f002 fbfc 	bl	1000a6d4 <__lshift>
10007edc:	4607      	mov	r7, r0
10007ede:	2800      	cmp	r0, #0
10007ee0:	f47f ae8b 	bne.w	10007bfa <_strtod_l+0x572>
10007ee4:	46ba      	mov	sl, r7
10007ee6:	4644      	mov	r4, r8
10007ee8:	f8dd b064 	ldr.w	fp, [sp, #100]	@ 0x64
10007eec:	991c      	ldr	r1, [sp, #112]	@ 0x70
10007eee:	e7d2      	b.n	10007e96 <_strtod_l+0x80e>
10007ef0:	4639      	mov	r1, r7
10007ef2:	9a13      	ldr	r2, [sp, #76]	@ 0x4c
10007ef4:	4628      	mov	r0, r5
10007ef6:	f002 fb91 	bl	1000a61c <__pow5mult>
10007efa:	4607      	mov	r7, r0
10007efc:	2800      	cmp	r0, #0
10007efe:	f47f ae78 	bne.w	10007bf2 <_strtod_l+0x56a>
10007f02:	e7ef      	b.n	10007ee4 <_strtod_l+0x85c>
10007f04:	2100      	movs	r1, #0
10007f06:	f8cd 906c 	str.w	r9, [sp, #108]	@ 0x6c
10007f0a:	910a      	str	r1, [sp, #40]	@ 0x28
10007f0c:	e5d4      	b.n	10007ab8 <_strtod_l+0x430>
10007f0e:	4aa3      	ldr	r2, [pc, #652]	@ (1000819c <_strtod_l+0xb14>)
10007f10:	1ad2      	subs	r2, r2, r3
10007f12:	2301      	movs	r3, #1
10007f14:	fa03 fb02 	lsl.w	fp, r3, r2
10007f18:	461e      	mov	r6, r3
10007f1a:	e64d      	b.n	10007bb8 <_strtod_l+0x530>
10007f1c:	ed9d 7b10 	vldr	d7, [sp, #64]	@ 0x40
10007f20:	ed8d 7b0e 	vstr	d7, [sp, #56]	@ 0x38
10007f24:	e6be      	b.n	10007ca4 <_strtod_l+0x61c>
10007f26:	ed9f 7b92 	vldr	d7, [pc, #584]	@ 10008170 <_strtod_l+0xae8>
10007f2a:	ed8d 7b0e 	vstr	d7, [sp, #56]	@ 0x38
10007f2e:	ed8d 7b10 	vstr	d7, [sp, #64]	@ 0x40
10007f32:	e6b7      	b.n	10007ca4 <_strtod_l+0x61c>
10007f34:	f1a4 7354 	sub.w	r3, r4, #55574528	@ 0x3500000
10007f38:	9305      	str	r3, [sp, #20]
10007f3a:	e9dd ab04 	ldrd	sl, fp, [sp, #16]
10007f3e:	4650      	mov	r0, sl
10007f40:	4659      	mov	r1, fp
10007f42:	f002 fd1d 	bl	1000a980 <__ulp>
10007f46:	e9dd 230e 	ldrd	r2, r3, [sp, #56]	@ 0x38
10007f4a:	f7fa fbb9 	bl	100026c0 <__wrap___aeabi_dmul>
10007f4e:	4652      	mov	r2, sl
10007f50:	465b      	mov	r3, fp
10007f52:	f7fa fb8d 	bl	10002670 <__wrap___aeabi_dadd>
10007f56:	4b90      	ldr	r3, [pc, #576]	@ (10008198 <_strtod_l+0xb10>)
10007f58:	460a      	mov	r2, r1
10007f5a:	400b      	ands	r3, r1
10007f5c:	e9cd 0104 	strd	r0, r1, [sp, #16]
10007f60:	498f      	ldr	r1, [pc, #572]	@ (100081a0 <_strtod_l+0xb18>)
10007f62:	428b      	cmp	r3, r1
10007f64:	f240 80f9 	bls.w	1000815a <_strtod_l+0xad2>
10007f68:	4b8e      	ldr	r3, [pc, #568]	@ (100081a4 <_strtod_l+0xb1c>)
10007f6a:	e9dd 0108 	ldrd	r0, r1, [sp, #32]
10007f6e:	4299      	cmp	r1, r3
10007f70:	d101      	bne.n	10007f76 <_strtod_l+0x8ee>
10007f72:	3001      	adds	r0, #1
10007f74:	d0b6      	beq.n	10007ee4 <_strtod_l+0x85c>
10007f76:	f04f 33ff 	mov.w	r3, #4294967295	@ 0xffffffff
10007f7a:	4c8a      	ldr	r4, [pc, #552]	@ (100081a4 <_strtod_l+0xb1c>)
10007f7c:	e9cd 3404 	strd	r3, r4, [sp, #16]
10007f80:	e6d9      	b.n	10007d36 <_strtod_l+0x6ae>
10007f82:	2300      	movs	r3, #0
10007f84:	930c      	str	r3, [sp, #48]	@ 0x30
10007f86:	e57d      	b.n	10007a84 <_strtod_l+0x3fc>
10007f88:	ed9f 7b7b 	vldr	d7, [pc, #492]	@ 10008178 <_strtod_l+0xaf0>
10007f8c:	ed8d 7b0e 	vstr	d7, [sp, #56]	@ 0x38
10007f90:	ed9f 7b77 	vldr	d7, [pc, #476]	@ 10008170 <_strtod_l+0xae8>
10007f94:	ed8d 7b10 	vstr	d7, [sp, #64]	@ 0x40
10007f98:	e684      	b.n	10007ca4 <_strtod_l+0x61c>
10007f9a:	2201      	movs	r2, #1
10007f9c:	4982      	ldr	r1, [pc, #520]	@ (100081a8 <_strtod_l+0xb20>)
10007f9e:	4640      	mov	r0, r8
10007fa0:	930a      	str	r3, [sp, #40]	@ 0x28
10007fa2:	f001 f80d 	bl	10008fc0 <strncmp>
10007fa6:	4604      	mov	r4, r0
10007fa8:	2800      	cmp	r0, #0
10007faa:	f43f ad07 	beq.w	100079bc <_strtod_l+0x334>
10007fae:	9b0a      	ldr	r3, [sp, #40]	@ 0x28
10007fb0:	f023 0220 	bic.w	r2, r3, #32
10007fb4:	2a45      	cmp	r2, #69	@ 0x45
10007fb6:	f000 81ad 	beq.w	10008314 <_strtod_l+0xc8c>
10007fba:	9a08      	ldr	r2, [sp, #32]
10007fbc:	2a00      	cmp	r2, #0
10007fbe:	f43f ad84 	beq.w	10007aca <_strtod_l+0x442>
10007fc2:	e519      	b.n	100079f8 <_strtod_l+0x370>
10007fc4:	1c53      	adds	r3, r2, #1
10007fc6:	f8dd 806c 	ldr.w	r8, [sp, #108]	@ 0x6c
10007fca:	2200      	movs	r2, #0
10007fcc:	f1a0 0c30 	sub.w	ip, r0, #48	@ 0x30
10007fd0:	2101      	movs	r1, #1
10007fd2:	46c2      	mov	sl, r8
10007fd4:	4616      	mov	r6, r2
10007fd6:	930a      	str	r3, [sp, #40]	@ 0x28
10007fd8:	eb0c 0702 	add.w	r7, ip, r2
10007fdc:	46a6      	mov	lr, r4
10007fde:	2200      	movs	r2, #0
10007fe0:	460c      	mov	r4, r1
10007fe2:	f10a 0001 	add.w	r0, sl, #1
10007fe6:	901b      	str	r0, [sp, #108]	@ 0x6c
10007fe8:	f89a 3001 	ldrb.w	r3, [sl, #1]
10007fec:	f1a3 0130 	sub.w	r1, r3, #48	@ 0x30
10007ff0:	2909      	cmp	r1, #9
10007ff2:	f67f ad06 	bls.w	10007a02 <_strtod_l+0x37a>
10007ff6:	f023 0120 	bic.w	r1, r3, #32
10007ffa:	2945      	cmp	r1, #69	@ 0x45
10007ffc:	f040 839a 	bne.w	10008734 <_strtod_l+0x10ac>
10008000:	2301      	movs	r3, #1
10008002:	4621      	mov	r1, r4
10008004:	4674      	mov	r4, lr
10008006:	930b      	str	r3, [sp, #44]	@ 0x2c
10008008:	f7ff bbf1 	b.w	100077ee <_strtod_l+0x166>
1000800c:	e9dd 6704 	ldrd	r6, r7, [sp, #16]
10008010:	e45a      	b.n	100078c8 <_strtod_l+0x240>
10008012:	e9dd 9a10 	ldrd	r9, sl, [sp, #64]	@ 0x40
10008016:	f3c4 0413 	ubfx	r4, r4, #0, #20
1000801a:	4651      	mov	r1, sl
1000801c:	4648      	mov	r0, r9
1000801e:	f7fa fd8f 	bl	10002b40 <__wrap___aeabi_d2lz>
10008022:	f7fa fc87 	bl	10002934 <__wrap___aeabi_l2d>
10008026:	4602      	mov	r2, r0
10008028:	460b      	mov	r3, r1
1000802a:	4648      	mov	r0, r9
1000802c:	4651      	mov	r1, sl
1000802e:	f7fa fb33 	bl	10002698 <__wrap___aeabi_dsub>
10008032:	9b12      	ldr	r3, [sp, #72]	@ 0x48
10008034:	9a04      	ldr	r2, [sp, #16]
10008036:	4682      	mov	sl, r0
10008038:	468b      	mov	fp, r1
1000803a:	4313      	orrs	r3, r2
1000803c:	4323      	orrs	r3, r4
1000803e:	d15e      	bne.n	100080fe <_strtod_l+0xa76>
10008040:	a34f      	add	r3, pc, #316	@ (adr r3, 10008180 <_strtod_l+0xaf8>)
10008042:	e9d3 2300 	ldrd	r2, r3, [r3]
10008046:	f7fa fc29 	bl	1000289c <__wrap___aeabi_dcmplt>
1000804a:	2800      	cmp	r0, #0
1000804c:	f43f ae73 	beq.w	10007d36 <_strtod_l+0x6ae>
10008050:	46ba      	mov	sl, r7
10008052:	4644      	mov	r4, r8
10008054:	f8dd b064 	ldr.w	fp, [sp, #100]	@ 0x64
10008058:	e9dd 6704 	ldrd	r6, r7, [sp, #16]
1000805c:	991c      	ldr	r1, [sp, #112]	@ 0x70
1000805e:	e71e      	b.n	10007e9e <_strtod_l+0x816>
10008060:	f1a3 0130 	sub.w	r1, r3, #48	@ 0x30
10008064:	f100 0c01 	add.w	ip, r0, #1
10008068:	910a      	str	r1, [sp, #40]	@ 0x28
1000806a:	f8cd c06c 	str.w	ip, [sp, #108]	@ 0x6c
1000806e:	7843      	ldrb	r3, [r0, #1]
10008070:	f1a3 0130 	sub.w	r1, r3, #48	@ 0x30
10008074:	2909      	cmp	r1, #9
10008076:	f200 80c7 	bhi.w	10008208 <_strtod_l+0xb80>
1000807a:	469a      	mov	sl, r3
1000807c:	990a      	ldr	r1, [sp, #40]	@ 0x28
1000807e:	4663      	mov	r3, ip
10008080:	46d4      	mov	ip, sl
10008082:	3301      	adds	r3, #1
10008084:	eb01 0181 	add.w	r1, r1, r1, lsl #2
10008088:	931b      	str	r3, [sp, #108]	@ 0x6c
1000808a:	eb0c 0141 	add.w	r1, ip, r1, lsl #1
1000808e:	f893 c000 	ldrb.w	ip, [r3]
10008092:	3930      	subs	r1, #48	@ 0x30
10008094:	f1ac 0a30 	sub.w	sl, ip, #48	@ 0x30
10008098:	f1ba 0f09 	cmp.w	sl, #9
1000809c:	d9f1      	bls.n	10008082 <_strtod_l+0x9fa>
1000809e:	46e2      	mov	sl, ip
100080a0:	eba3 0c00 	sub.w	ip, r3, r0
100080a4:	910a      	str	r1, [sp, #40]	@ 0x28
100080a6:	f1bc 0f08 	cmp.w	ip, #8
100080aa:	4653      	mov	r3, sl
100080ac:	f340 80ac 	ble.w	10008208 <_strtod_l+0xb80>
100080b0:	f644 611f 	movw	r1, #19999	@ 0x4e1f
100080b4:	910a      	str	r1, [sp, #40]	@ 0x28
100080b6:	990c      	ldr	r1, [sp, #48]	@ 0x30
100080b8:	2900      	cmp	r1, #0
100080ba:	f43f acfd 	beq.w	10007ab8 <_strtod_l+0x430>
100080be:	990a      	ldr	r1, [sp, #40]	@ 0x28
100080c0:	4249      	negs	r1, r1
100080c2:	910a      	str	r1, [sp, #40]	@ 0x28
100080c4:	e4f8      	b.n	10007ab8 <_strtod_l+0x430>
100080c6:	9b07      	ldr	r3, [sp, #28]
100080c8:	a91b      	add	r1, sp, #108	@ 0x6c
100080ca:	9002      	str	r0, [sp, #8]
100080cc:	4628      	mov	r0, r5
100080ce:	9301      	str	r3, [sp, #4]
100080d0:	ab1c      	add	r3, sp, #112	@ 0x70
100080d2:	4a36      	ldr	r2, [pc, #216]	@ (100081ac <_strtod_l+0xb24>)
100080d4:	9300      	str	r3, [sp, #0]
100080d6:	ab1d      	add	r3, sp, #116	@ 0x74
100080d8:	f001 fc5c 	bl	10009994 <__gethex>
100080dc:	f010 060f 	ands.w	r6, r0, #15
100080e0:	4604      	mov	r4, r0
100080e2:	f43f ac89 	beq.w	100079f8 <_strtod_l+0x370>
100080e6:	2e06      	cmp	r6, #6
100080e8:	f040 80cd 	bne.w	10008286 <_strtod_l+0xbfe>
100080ec:	f108 0301 	add.w	r3, r8, #1
100080f0:	2200      	movs	r2, #0
100080f2:	2600      	movs	r6, #0
100080f4:	2700      	movs	r7, #0
100080f6:	9207      	str	r2, [sp, #28]
100080f8:	931b      	str	r3, [sp, #108]	@ 0x6c
100080fa:	f7ff bbe5 	b.w	100078c8 <_strtod_l+0x240>
100080fe:	a322      	add	r3, pc, #136	@ (adr r3, 10008188 <_strtod_l+0xb00>)
10008100:	e9d3 2300 	ldrd	r2, r3, [r3]
10008104:	f7fa fbca 	bl	1000289c <__wrap___aeabi_dcmplt>
10008108:	2800      	cmp	r0, #0
1000810a:	d1a1      	bne.n	10008050 <_strtod_l+0x9c8>
1000810c:	4650      	mov	r0, sl
1000810e:	4659      	mov	r1, fp
10008110:	a31f      	add	r3, pc, #124	@ (adr r3, 10008190 <_strtod_l+0xb08>)
10008112:	e9d3 2300 	ldrd	r2, r3, [r3]
10008116:	f7fa fbfd 	bl	10002914 <__wrap___aeabi_dcmpgt>
1000811a:	2800      	cmp	r0, #0
1000811c:	f43f ae0b 	beq.w	10007d36 <_strtod_l+0x6ae>
10008120:	e796      	b.n	10008050 <_strtod_l+0x9c8>
10008122:	9b04      	ldr	r3, [sp, #16]
10008124:	2b01      	cmp	r3, #1
10008126:	f47f af2f 	bne.w	10007f88 <_strtod_l+0x900>
1000812a:	2c00      	cmp	r4, #0
1000812c:	f47f af2c 	bne.w	10007f88 <_strtod_l+0x900>
10008130:	46ba      	mov	sl, r7
10008132:	4644      	mov	r4, r8
10008134:	f8dd b064 	ldr.w	fp, [sp, #100]	@ 0x64
10008138:	2322      	movs	r3, #34	@ 0x22
1000813a:	991c      	ldr	r1, [sp, #112]	@ 0x70
1000813c:	2600      	movs	r6, #0
1000813e:	2700      	movs	r7, #0
10008140:	602b      	str	r3, [r5, #0]
10008142:	e6ac      	b.n	10007e9e <_strtod_l+0x816>
10008144:	f04f 0e00 	mov.w	lr, #0
10008148:	2101      	movs	r1, #1
1000814a:	4613      	mov	r3, r2
1000814c:	4676      	mov	r6, lr
1000814e:	4677      	mov	r7, lr
10008150:	910b      	str	r1, [sp, #44]	@ 0x2c
10008152:	f8cd e034 	str.w	lr, [sp, #52]	@ 0x34
10008156:	f7ff bb50 	b.w	100077fa <_strtod_l+0x172>
1000815a:	f102 7454 	add.w	r4, r2, #55574528	@ 0x3500000
1000815e:	9405      	str	r4, [sp, #20]
10008160:	e5e1      	b.n	10007d26 <_strtod_l+0x69e>
10008162:	ed9d 7b10 	vldr	d7, [sp, #64]	@ 0x40
10008166:	ed8d 7b16 	vstr	d7, [sp, #88]	@ 0x58
1000816a:	e5c5      	b.n	10007cf8 <_strtod_l+0x670>
1000816c:	f3af 8000 	nop.w
10008170:	00000000 	.word	0x00000000
10008174:	3ff00000 	.word	0x3ff00000
10008178:	00000000 	.word	0x00000000
1000817c:	bff00000 	.word	0xbff00000
10008180:	94a03595 	.word	0x94a03595
10008184:	3fcfffff 	.word	0x3fcfffff
10008188:	94a03595 	.word	0x94a03595
1000818c:	3fdfffff 	.word	0x3fdfffff
10008190:	35afe535 	.word	0x35afe535
10008194:	3fe00000 	.word	0x3fe00000
10008198:	7ff00000 	.word	0x7ff00000
1000819c:	fffffbe2 	.word	0xfffffbe2
100081a0:	7c9fffff 	.word	0x7c9fffff
100081a4:	7fefffff 	.word	0x7fefffff
100081a8:	1000b288 	.word	0x1000b288
100081ac:	1000b650 	.word	0x1000b650
100081b0:	48af      	ldr	r0, [pc, #700]	@ (10008470 <_strtod_l+0xde8>)
100081b2:	eb00 01c1 	add.w	r1, r0, r1, lsl #3
100081b6:	e9dd 2304 	ldrd	r2, r3, [sp, #16]
100081ba:	e9d1 0100 	ldrd	r0, r1, [r1]
100081be:	f7fa fa7f 	bl	100026c0 <__wrap___aeabi_dmul>
100081c2:	e9cd 0104 	strd	r0, r1, [sp, #16]
100081c6:	f1ba 0f00 	cmp.w	sl, #0
100081ca:	f43f acbc 	beq.w	10007b46 <_strtod_l+0x4be>
100081ce:	f7ff bbac 	b.w	1000792a <_strtod_l+0x2a2>
100081d2:	2b6e      	cmp	r3, #110	@ 0x6e
100081d4:	f43f ac84 	beq.w	10007ae0 <_strtod_l+0x458>
100081d8:	f7ff bb13 	b.w	10007802 <_strtod_l+0x17a>
100081dc:	49a5      	ldr	r1, [pc, #660]	@ (10008474 <_strtod_l+0xdec>)
100081de:	a81b      	add	r0, sp, #108	@ 0x6c
100081e0:	f001 fec8 	bl	10009f74 <__match>
100081e4:	2800      	cmp	r0, #0
100081e6:	f43f ab0c 	beq.w	10007802 <_strtod_l+0x17a>
100081ea:	9b1b      	ldr	r3, [sp, #108]	@ 0x6c
100081ec:	a81b      	add	r0, sp, #108	@ 0x6c
100081ee:	49a2      	ldr	r1, [pc, #648]	@ (10008478 <_strtod_l+0xdf0>)
100081f0:	3b01      	subs	r3, #1
100081f2:	931b      	str	r3, [sp, #108]	@ 0x6c
100081f4:	f001 febe 	bl	10009f74 <__match>
100081f8:	b910      	cbnz	r0, 10008200 <_strtod_l+0xb78>
100081fa:	9b1b      	ldr	r3, [sp, #108]	@ 0x6c
100081fc:	3301      	adds	r3, #1
100081fe:	931b      	str	r3, [sp, #108]	@ 0x6c
10008200:	2600      	movs	r6, #0
10008202:	4f9e      	ldr	r7, [pc, #632]	@ (1000847c <_strtod_l+0xdf4>)
10008204:	f7ff bb60 	b.w	100078c8 <_strtod_l+0x240>
10008208:	990a      	ldr	r1, [sp, #40]	@ 0x28
1000820a:	f644 601f 	movw	r0, #19999	@ 0x4e1f
1000820e:	4281      	cmp	r1, r0
10008210:	bfa8      	it	ge
10008212:	4601      	movge	r1, r0
10008214:	910a      	str	r1, [sp, #40]	@ 0x28
10008216:	e74e      	b.n	100080b6 <_strtod_l+0xa2e>
10008218:	425b      	negs	r3, r3
1000821a:	111e      	asrs	r6, r3, #4
1000821c:	f013 030f 	ands.w	r3, r3, #15
10008220:	f040 8081 	bne.w	10008326 <_strtod_l+0xc9e>
10008224:	2e1f      	cmp	r6, #31
10008226:	f300 8115 	bgt.w	10008454 <_strtod_l+0xdcc>
1000822a:	f016 0310 	ands.w	r3, r6, #16
1000822e:	f8df a258 	ldr.w	sl, [pc, #600]	@ 10008488 <_strtod_l+0xe00>
10008232:	bf18      	it	ne
10008234:	236a      	movne	r3, #106	@ 0x6a
10008236:	e9dd 0104 	ldrd	r0, r1, [sp, #16]
1000823a:	930c      	str	r3, [sp, #48]	@ 0x30
1000823c:	e002      	b.n	10008244 <_strtod_l+0xbbc>
1000823e:	1076      	asrs	r6, r6, #1
10008240:	f10a 0a08 	add.w	sl, sl, #8
10008244:	07f2      	lsls	r2, r6, #31
10008246:	d404      	bmi.n	10008252 <_strtod_l+0xbca>
10008248:	1076      	asrs	r6, r6, #1
1000824a:	f10a 0a08 	add.w	sl, sl, #8
1000824e:	07f3      	lsls	r3, r6, #31
10008250:	d5f5      	bpl.n	1000823e <_strtod_l+0xbb6>
10008252:	e9da 2300 	ldrd	r2, r3, [sl]
10008256:	f7fa fa33 	bl	100026c0 <__wrap___aeabi_dmul>
1000825a:	1076      	asrs	r6, r6, #1
1000825c:	d07b      	beq.n	10008356 <_strtod_l+0xcce>
1000825e:	f10a 0a08 	add.w	sl, sl, #8
10008262:	e7f4      	b.n	1000824e <_strtod_l+0xbc6>
10008264:	980b      	ldr	r0, [sp, #44]	@ 0x2c
10008266:	4982      	ldr	r1, [pc, #520]	@ (10008470 <_strtod_l+0xde8>)
10008268:	eb01 01c0 	add.w	r1, r1, r0, lsl #3
1000826c:	e9dd 2304 	ldrd	r2, r3, [sp, #16]
10008270:	e9d1 0100 	ldrd	r0, r1, [r1]
10008274:	f7fa fa24 	bl	100026c0 <__wrap___aeabi_dmul>
10008278:	4606      	mov	r6, r0
1000827a:	460f      	mov	r7, r1
1000827c:	f7ff bb24 	b.w	100078c8 <_strtod_l+0x240>
10008280:	2322      	movs	r3, #34	@ 0x22
10008282:	602b      	str	r3, [r5, #0]
10008284:	e7bc      	b.n	10008200 <_strtod_l+0xb78>
10008286:	9a1c      	ldr	r2, [sp, #112]	@ 0x70
10008288:	b13a      	cbz	r2, 1000829a <_strtod_l+0xc12>
1000828a:	2135      	movs	r1, #53	@ 0x35
1000828c:	a81e      	add	r0, sp, #120	@ 0x78
1000828e:	f002 fc7d 	bl	1000ab8c <__copybits>
10008292:	4628      	mov	r0, r5
10008294:	991c      	ldr	r1, [sp, #112]	@ 0x70
10008296:	f001 ffb3 	bl	1000a200 <_Bfree>
1000829a:	3e01      	subs	r6, #1
1000829c:	2e04      	cmp	r6, #4
1000829e:	f200 8265 	bhi.w	1000876c <_strtod_l+0x10e4>
100082a2:	e8df f006 	tbb	[pc, r6]
100082a6:	2e03      	.short	0x2e03
100082a8:	202b      	.short	0x202b
100082aa:	03          	.byte	0x03
100082ab:	00          	.byte	0x00
100082ac:	9b1e      	ldr	r3, [sp, #120]	@ 0x78
100082ae:	9304      	str	r3, [sp, #16]
100082b0:	9b1d      	ldr	r3, [sp, #116]	@ 0x74
100082b2:	f203 4233 	addw	r2, r3, #1075	@ 0x433
100082b6:	9b1f      	ldr	r3, [sp, #124]	@ 0x7c
100082b8:	f423 1380 	bic.w	r3, r3, #1048576	@ 0x100000
100082bc:	ea43 5302 	orr.w	r3, r3, r2, lsl #20
100082c0:	9305      	str	r3, [sp, #20]
100082c2:	05e4      	lsls	r4, r4, #23
100082c4:	d502      	bpl.n	100082cc <_strtod_l+0xc44>
100082c6:	f043 4300 	orr.w	r3, r3, #2147483648	@ 0x80000000
100082ca:	9305      	str	r3, [sp, #20]
100082cc:	4a6b      	ldr	r2, [pc, #428]	@ (1000847c <_strtod_l+0xdf4>)
100082ce:	401a      	ands	r2, r3
100082d0:	e9dd 6704 	ldrd	r6, r7, [sp, #16]
100082d4:	2a00      	cmp	r2, #0
100082d6:	f47f aaf7 	bne.w	100078c8 <_strtod_l+0x240>
100082da:	f001 f8df 	bl	1000949c <__errno>
100082de:	2322      	movs	r3, #34	@ 0x22
100082e0:	6003      	str	r3, [r0, #0]
100082e2:	f7ff baf1 	b.w	100078c8 <_strtod_l+0x240>
100082e6:	f04f 32ff 	mov.w	r2, #4294967295	@ 0xffffffff
100082ea:	f06f 4300 	mvn.w	r3, #2147483648	@ 0x80000000
100082ee:	e9cd 2304 	strd	r2, r3, [sp, #16]
100082f2:	05e3      	lsls	r3, r4, #23
100082f4:	f57f ae8a 	bpl.w	1000800c <_strtod_l+0x984>
100082f8:	9b05      	ldr	r3, [sp, #20]
100082fa:	e7e4      	b.n	100082c6 <_strtod_l+0xc3e>
100082fc:	4b5f      	ldr	r3, [pc, #380]	@ (1000847c <_strtod_l+0xdf4>)
100082fe:	9305      	str	r3, [sp, #20]
10008300:	e7f7      	b.n	100082f2 <_strtod_l+0xc6a>
10008302:	e9dd 121e 	ldrd	r1, r2, [sp, #120]	@ 0x78
10008306:	9b1f      	ldr	r3, [sp, #124]	@ 0x7c
10008308:	e9cd 1204 	strd	r1, r2, [sp, #16]
1000830c:	e7d9      	b.n	100082c2 <_strtod_l+0xc3a>
1000830e:	4622      	mov	r2, r4
10008310:	f7ff bb64 	b.w	100079dc <_strtod_l+0x354>
10008314:	2400      	movs	r4, #0
10008316:	4626      	mov	r6, r4
10008318:	4627      	mov	r7, r4
1000831a:	4622      	mov	r2, r4
1000831c:	4621      	mov	r1, r4
1000831e:	940a      	str	r4, [sp, #40]	@ 0x28
10008320:	940b      	str	r4, [sp, #44]	@ 0x2c
10008322:	f7ff ba64 	b.w	100077ee <_strtod_l+0x166>
10008326:	4a52      	ldr	r2, [pc, #328]	@ (10008470 <_strtod_l+0xde8>)
10008328:	eb02 03c3 	add.w	r3, r2, r3, lsl #3
1000832c:	e9dd 0104 	ldrd	r0, r1, [sp, #16]
10008330:	e9d3 2300 	ldrd	r2, r3, [r3]
10008334:	f7fa f9ea 	bl	1000270c <__wrap___aeabi_ddiv>
10008338:	e9cd 0104 	strd	r0, r1, [sp, #16]
1000833c:	2e00      	cmp	r6, #0
1000833e:	f43f ac02 	beq.w	10007b46 <_strtod_l+0x4be>
10008342:	e76f      	b.n	10008224 <_strtod_l+0xb9c>
10008344:	ed9f 7b46 	vldr	d7, [pc, #280]	@ 10008460 <_strtod_l+0xdd8>
10008348:	ed8d 7b0e 	vstr	d7, [sp, #56]	@ 0x38
1000834c:	ed9f 7b46 	vldr	d7, [pc, #280]	@ 10008468 <_strtod_l+0xde0>
10008350:	ed8d 7b10 	vstr	d7, [sp, #64]	@ 0x40
10008354:	e4a6      	b.n	10007ca4 <_strtod_l+0x61c>
10008356:	9b0c      	ldr	r3, [sp, #48]	@ 0x30
10008358:	e9cd 0104 	strd	r0, r1, [sp, #16]
1000835c:	2b00      	cmp	r3, #0
1000835e:	d072      	beq.n	10008446 <_strtod_l+0xdbe>
10008360:	f3c1 520a 	ubfx	r2, r1, #20, #11
10008364:	f1c2 036b 	rsb	r3, r2, #107	@ 0x6b
10008368:	2b00      	cmp	r3, #0
1000836a:	dd6c      	ble.n	10008446 <_strtod_l+0xdbe>
1000836c:	2b1f      	cmp	r3, #31
1000836e:	dd62      	ble.n	10008436 <_strtod_l+0xdae>
10008370:	2b34      	cmp	r3, #52	@ 0x34
10008372:	9604      	str	r6, [sp, #16]
10008374:	f340 815d 	ble.w	10008632 <_strtod_l+0xfaa>
10008378:	f04f 735c 	mov.w	r3, #57671680	@ 0x3700000
1000837c:	9305      	str	r3, [sp, #20]
1000837e:	236a      	movs	r3, #106	@ 0x6a
10008380:	930c      	str	r3, [sp, #48]	@ 0x30
10008382:	f7ff bbe2 	b.w	10007b4a <_strtod_l+0x4c2>
10008386:	4623      	mov	r3, r4
10008388:	9912      	ldr	r1, [sp, #72]	@ 0x48
1000838a:	46ba      	mov	sl, r7
1000838c:	46b4      	mov	ip, r6
1000838e:	46de      	mov	lr, fp
10008390:	4644      	mov	r4, r8
10008392:	f8dd b064 	ldr.w	fp, [sp, #100]	@ 0x64
10008396:	4698      	mov	r8, r3
10008398:	4a39      	ldr	r2, [pc, #228]	@ (10008480 <_strtod_l+0xdf8>)
1000839a:	f3c3 0313 	ubfx	r3, r3, #0, #20
1000839e:	e9dd 6708 	ldrd	r6, r7, [sp, #32]
100083a2:	2900      	cmp	r1, #0
100083a4:	f000 8099 	beq.w	100084da <_strtod_l+0xe52>
100083a8:	4293      	cmp	r3, r2
100083aa:	f000 8120 	beq.w	100085ee <_strtod_l+0xf66>
100083ae:	f1be 0f00 	cmp.w	lr, #0
100083b2:	f000 8138 	beq.w	10008626 <_strtod_l+0xf9e>
100083b6:	ea1e 0f08 	tst.w	lr, r8
100083ba:	d038      	beq.n	1000842e <_strtod_l+0xda6>
100083bc:	4630      	mov	r0, r6
100083be:	4639      	mov	r1, r7
100083c0:	f002 fade 	bl	1000a980 <__ulp>
100083c4:	9b0c      	ldr	r3, [sp, #48]	@ 0x30
100083c6:	e9cd 0104 	strd	r0, r1, [sp, #16]
100083ca:	2b00      	cmp	r3, #0
100083cc:	f000 816d 	beq.w	100086aa <_strtod_l+0x1022>
100083d0:	f3c8 5c0a 	ubfx	ip, r8, #20, #11
100083d4:	f1cc 0c6b 	rsb	ip, ip, #107	@ 0x6b
100083d8:	f1bc 0f00 	cmp.w	ip, #0
100083dc:	f340 81b2 	ble.w	10008744 <_strtod_l+0x10bc>
100083e0:	f8df e0a8 	ldr.w	lr, [pc, #168]	@ 1000848c <_strtod_l+0xe04>
100083e4:	2200      	movs	r2, #0
100083e6:	eb0e 530c 	add.w	r3, lr, ip, lsl #20
100083ea:	f7fa f969 	bl	100026c0 <__wrap___aeabi_dmul>
100083ee:	4602      	mov	r2, r0
100083f0:	460b      	mov	r3, r1
100083f2:	4630      	mov	r0, r6
100083f4:	4639      	mov	r1, r7
100083f6:	f7fa f93b 	bl	10002670 <__wrap___aeabi_dadd>
100083fa:	4606      	mov	r6, r0
100083fc:	460f      	mov	r7, r1
100083fe:	4630      	mov	r0, r6
10008400:	4639      	mov	r1, r7
10008402:	4b20      	ldr	r3, [pc, #128]	@ (10008484 <_strtod_l+0xdfc>)
10008404:	2200      	movs	r2, #0
10008406:	f7fa f95b 	bl	100026c0 <__wrap___aeabi_dmul>
1000840a:	4b1c      	ldr	r3, [pc, #112]	@ (1000847c <_strtod_l+0xdf4>)
1000840c:	4606      	mov	r6, r0
1000840e:	460f      	mov	r7, r1
10008410:	400b      	ands	r3, r1
10008412:	2b00      	cmp	r3, #0
10008414:	f47f ae22 	bne.w	1000805c <_strtod_l+0x9d4>
10008418:	2322      	movs	r3, #34	@ 0x22
1000841a:	602b      	str	r3, [r5, #0]
1000841c:	e61e      	b.n	1000805c <_strtod_l+0x9d4>
1000841e:	f1be 0f00 	cmp.w	lr, #0
10008422:	f000 80b8 	beq.w	10008596 <_strtod_l+0xf0e>
10008426:	ea1e 0f08 	tst.w	lr, r8
1000842a:	f040 80b8 	bne.w	1000859e <_strtod_l+0xf16>
1000842e:	9b0c      	ldr	r3, [sp, #48]	@ 0x30
10008430:	2b00      	cmp	r3, #0
10008432:	d1e4      	bne.n	100083fe <_strtod_l+0xd76>
10008434:	e612      	b.n	1000805c <_strtod_l+0x9d4>
10008436:	f04f 32ff 	mov.w	r2, #4294967295	@ 0xffffffff
1000843a:	fa02 f303 	lsl.w	r3, r2, r3
1000843e:	4003      	ands	r3, r0
10008440:	9304      	str	r3, [sp, #16]
10008442:	e9dd 0104 	ldrd	r0, r1, [sp, #16]
10008446:	2200      	movs	r2, #0
10008448:	2300      	movs	r3, #0
1000844a:	f7fa fa15 	bl	10002878 <__wrap___aeabi_dcmpeq>
1000844e:	2800      	cmp	r0, #0
10008450:	f43f ab7b 	beq.w	10007b4a <_strtod_l+0x4c2>
10008454:	2322      	movs	r3, #34	@ 0x22
10008456:	2600      	movs	r6, #0
10008458:	2700      	movs	r7, #0
1000845a:	602b      	str	r3, [r5, #0]
1000845c:	f7ff ba34 	b.w	100078c8 <_strtod_l+0x240>
10008460:	00000000 	.word	0x00000000
10008464:	bfe00000 	.word	0xbfe00000
10008468:	00000000 	.word	0x00000000
1000846c:	3fe00000 	.word	0x3fe00000
10008470:	1000b8c8 	.word	0x1000b8c8
10008474:	1000b28c 	.word	0x1000b28c
10008478:	1000b290 	.word	0x1000b290
1000847c:	7ff00000 	.word	0x7ff00000
10008480:	000fffff 	.word	0x000fffff
10008484:	39500000 	.word	0x39500000
10008488:	1000b668 	.word	0x1000b668
1000848c:	3ff00000 	.word	0x3ff00000
10008490:	f102 7354 	add.w	r3, r2, #55574528	@ 0x3500000
10008494:	9305      	str	r3, [sp, #20]
10008496:	f7ff bb56 	b.w	10007b46 <_strtod_l+0x4be>
1000849a:	a81b      	add	r0, sp, #108	@ 0x6c
1000849c:	aa1e      	add	r2, sp, #120	@ 0x78
1000849e:	49ae      	ldr	r1, [pc, #696]	@ (10008758 <_strtod_l+0x10d0>)
100084a0:	f001 fd8c 	bl	10009fbc <__hexnan>
100084a4:	2805      	cmp	r0, #5
100084a6:	f47f ab27 	bne.w	10007af8 <_strtod_l+0x470>
100084aa:	9b1f      	ldr	r3, [sp, #124]	@ 0x7c
100084ac:	f043 43ff 	orr.w	r3, r3, #2139095040	@ 0x7f800000
100084b0:	f443 03e0 	orr.w	r3, r3, #7340032	@ 0x700000
100084b4:	9305      	str	r3, [sp, #20]
100084b6:	9b1e      	ldr	r3, [sp, #120]	@ 0x78
100084b8:	9304      	str	r3, [sp, #16]
100084ba:	e9dd 6704 	ldrd	r6, r7, [sp, #16]
100084be:	f7ff ba03 	b.w	100078c8 <_strtod_l+0x240>
100084c2:	46ba      	mov	sl, r7
100084c4:	4644      	mov	r4, r8
100084c6:	991c      	ldr	r1, [sp, #112]	@ 0x70
100084c8:	f8dd b064 	ldr.w	fp, [sp, #100]	@ 0x64
100084cc:	e4e3      	b.n	10007e96 <_strtod_l+0x80e>
100084ce:	46ba      	mov	sl, r7
100084d0:	4644      	mov	r4, r8
100084d2:	4611      	mov	r1, r2
100084d4:	f8dd b064 	ldr.w	fp, [sp, #100]	@ 0x64
100084d8:	e4dd      	b.n	10007e96 <_strtod_l+0x80e>
100084da:	2b00      	cmp	r3, #0
100084dc:	d156      	bne.n	1000858c <_strtod_l+0xf04>
100084de:	e9dd 1204 	ldrd	r1, r2, [sp, #16]
100084e2:	460b      	mov	r3, r1
100084e4:	2900      	cmp	r1, #0
100084e6:	d19a      	bne.n	1000841e <_strtod_l+0xd96>
100084e8:	9b0c      	ldr	r3, [sp, #48]	@ 0x30
100084ea:	2b00      	cmp	r3, #0
100084ec:	f000 80ab 	beq.w	10008646 <_strtod_l+0xfbe>
100084f0:	f8df 9268 	ldr.w	r9, [pc, #616]	@ 1000875c <_strtod_l+0x10d4>
100084f4:	ea08 0909 	and.w	r9, r8, r9
100084f8:	f1b9 6fd6 	cmp.w	r9, #112197632	@ 0x6b00000
100084fc:	d834      	bhi.n	10008568 <_strtod_l+0xee0>
100084fe:	f1b9 7f5c 	cmp.w	r9, #57671680	@ 0x3700000
10008502:	f63f af7c 	bhi.w	100083fe <_strtod_l+0xd76>
10008506:	e617      	b.n	10008138 <_strtod_l+0xab0>
10008508:	9b12      	ldr	r3, [sp, #72]	@ 0x48
1000850a:	46ba      	mov	sl, r7
1000850c:	4644      	mov	r4, r8
1000850e:	f8dd b064 	ldr.w	fp, [sp, #100]	@ 0x64
10008512:	e9dd 0104 	ldrd	r0, r1, [sp, #16]
10008516:	e9dd 6708 	ldrd	r6, r7, [sp, #32]
1000851a:	4303      	orrs	r3, r0
1000851c:	d187      	bne.n	1000842e <_strtod_l+0xda6>
1000851e:	f3c1 0313 	ubfx	r3, r1, #0, #20
10008522:	4688      	mov	r8, r1
10008524:	2b00      	cmp	r3, #0
10008526:	d182      	bne.n	1000842e <_strtod_l+0xda6>
10008528:	f021 4900 	bic.w	r9, r1, #2147483648	@ 0x80000000
1000852c:	ea4f 5919 	mov.w	r9, r9, lsr #20
10008530:	ea4f 5909 	mov.w	r9, r9, lsl #20
10008534:	f1b9 6fd6 	cmp.w	r9, #112197632	@ 0x6b00000
10008538:	f67f af79 	bls.w	1000842e <_strtod_l+0xda6>
1000853c:	9a0a      	ldr	r2, [sp, #40]	@ 0x28
1000853e:	6953      	ldr	r3, [r2, #20]
10008540:	b91b      	cbnz	r3, 1000854a <_strtod_l+0xec2>
10008542:	6913      	ldr	r3, [r2, #16]
10008544:	2b01      	cmp	r3, #1
10008546:	f77f af72 	ble.w	1000842e <_strtod_l+0xda6>
1000854a:	990a      	ldr	r1, [sp, #40]	@ 0x28
1000854c:	2201      	movs	r2, #1
1000854e:	4628      	mov	r0, r5
10008550:	f002 f8c0 	bl	1000a6d4 <__lshift>
10008554:	4621      	mov	r1, r4
10008556:	900a      	str	r0, [sp, #40]	@ 0x28
10008558:	f002 f92e 	bl	1000a7b8 <__mcmp>
1000855c:	2800      	cmp	r0, #0
1000855e:	f77f af66 	ble.w	1000842e <_strtod_l+0xda6>
10008562:	9b0c      	ldr	r3, [sp, #48]	@ 0x30
10008564:	2b00      	cmp	r3, #0
10008566:	d06e      	beq.n	10008646 <_strtod_l+0xfbe>
10008568:	f5a9 1980 	sub.w	r9, r9, #1048576	@ 0x100000
1000856c:	ea6f 5319 	mvn.w	r3, r9, lsr #20
10008570:	ea6f 5303 	mvn.w	r3, r3, lsl #20
10008574:	9305      	str	r3, [sp, #20]
10008576:	f04f 33ff 	mov.w	r3, #4294967295	@ 0xffffffff
1000857a:	9304      	str	r3, [sp, #16]
1000857c:	e9dd 6704 	ldrd	r6, r7, [sp, #16]
10008580:	e73d      	b.n	100083fe <_strtod_l+0xd76>
10008582:	2100      	movs	r1, #0
10008584:	f8df c1dc 	ldr.w	ip, [pc, #476]	@ 10008764 <_strtod_l+0x10dc>
10008588:	f7ff b9f8 	b.w	1000797c <_strtod_l+0x2f4>
1000858c:	f1be 0f00 	cmp.w	lr, #0
10008590:	f47f af49 	bne.w	10008426 <_strtod_l+0xd9e>
10008594:	9b04      	ldr	r3, [sp, #16]
10008596:	ea1c 0f03 	tst.w	ip, r3
1000859a:	f43f af48 	beq.w	1000842e <_strtod_l+0xda6>
1000859e:	4630      	mov	r0, r6
100085a0:	4639      	mov	r1, r7
100085a2:	f002 f9ed 	bl	1000a980 <__ulp>
100085a6:	9b0c      	ldr	r3, [sp, #48]	@ 0x30
100085a8:	e9cd 0104 	strd	r0, r1, [sp, #16]
100085ac:	2b00      	cmp	r3, #0
100085ae:	d05b      	beq.n	10008668 <_strtod_l+0xfe0>
100085b0:	f3c8 5c0a 	ubfx	ip, r8, #20, #11
100085b4:	f1cc 0c6b 	rsb	ip, ip, #107	@ 0x6b
100085b8:	f1bc 0f00 	cmp.w	ip, #0
100085bc:	f340 80ae 	ble.w	1000871c <_strtod_l+0x1094>
100085c0:	f8df e1a4 	ldr.w	lr, [pc, #420]	@ 10008768 <_strtod_l+0x10e0>
100085c4:	2200      	movs	r2, #0
100085c6:	eb0e 530c 	add.w	r3, lr, ip, lsl #20
100085ca:	f7fa f879 	bl	100026c0 <__wrap___aeabi_dmul>
100085ce:	4602      	mov	r2, r0
100085d0:	460b      	mov	r3, r1
100085d2:	4630      	mov	r0, r6
100085d4:	4639      	mov	r1, r7
100085d6:	f7fa f85f 	bl	10002698 <__wrap___aeabi_dsub>
100085da:	2200      	movs	r2, #0
100085dc:	2300      	movs	r3, #0
100085de:	4606      	mov	r6, r0
100085e0:	460f      	mov	r7, r1
100085e2:	f7fa f949 	bl	10002878 <__wrap___aeabi_dcmpeq>
100085e6:	2800      	cmp	r0, #0
100085e8:	f43f af09 	beq.w	100083fe <_strtod_l+0xd76>
100085ec:	e5a4      	b.n	10008138 <_strtod_l+0xab0>
100085ee:	9b0c      	ldr	r3, [sp, #48]	@ 0x30
100085f0:	f8dd 9010 	ldr.w	r9, [sp, #16]
100085f4:	2b00      	cmp	r3, #0
100085f6:	d063      	beq.n	100086c0 <_strtod_l+0x1038>
100085f8:	4958      	ldr	r1, [pc, #352]	@ (1000875c <_strtod_l+0x10d4>)
100085fa:	ea08 0101 	and.w	r1, r8, r1
100085fe:	f1b1 6fd4 	cmp.w	r1, #111149056	@ 0x6a00000
10008602:	d841      	bhi.n	10008688 <_strtod_l+0x1000>
10008604:	0d0a      	lsrs	r2, r1, #20
10008606:	f04f 33ff 	mov.w	r3, #4294967295	@ 0xffffffff
1000860a:	f1c2 026b 	rsb	r2, r2, #107	@ 0x6b
1000860e:	4093      	lsls	r3, r2
10008610:	4599      	cmp	r9, r3
10008612:	f000 8088 	beq.w	10008726 <_strtod_l+0x109e>
10008616:	f1be 0f00 	cmp.w	lr, #0
1000861a:	d05c      	beq.n	100086d6 <_strtod_l+0x104e>
1000861c:	ea1e 0f08 	tst.w	lr, r8
10008620:	f43f aeed 	beq.w	100083fe <_strtod_l+0xd76>
10008624:	e6ca      	b.n	100083bc <_strtod_l+0xd34>
10008626:	9b04      	ldr	r3, [sp, #16]
10008628:	ea1c 0f03 	tst.w	ip, r3
1000862c:	f43f aeff 	beq.w	1000842e <_strtod_l+0xda6>
10008630:	e6c4      	b.n	100083bc <_strtod_l+0xd34>
10008632:	f1c2 024b 	rsb	r2, r2, #75	@ 0x4b
10008636:	f04f 33ff 	mov.w	r3, #4294967295	@ 0xffffffff
1000863a:	4093      	lsls	r3, r2
1000863c:	400b      	ands	r3, r1
1000863e:	9305      	str	r3, [sp, #20]
10008640:	e9dd 0104 	ldrd	r0, r1, [sp, #16]
10008644:	e6ff      	b.n	10008446 <_strtod_l+0xdbe>
10008646:	4b45      	ldr	r3, [pc, #276]	@ (1000875c <_strtod_l+0x10d4>)
10008648:	991c      	ldr	r1, [sp, #112]	@ 0x70
1000864a:	ea08 0303 	and.w	r3, r8, r3
1000864e:	f5a3 1380 	sub.w	r3, r3, #1048576	@ 0x100000
10008652:	ea6f 5313 	mvn.w	r3, r3, lsr #20
10008656:	ea6f 5303 	mvn.w	r3, r3, lsl #20
1000865a:	9305      	str	r3, [sp, #20]
1000865c:	f04f 33ff 	mov.w	r3, #4294967295	@ 0xffffffff
10008660:	9304      	str	r3, [sp, #16]
10008662:	e9dd 6704 	ldrd	r6, r7, [sp, #16]
10008666:	e41a      	b.n	10007e9e <_strtod_l+0x816>
10008668:	e9dd 2304 	ldrd	r2, r3, [sp, #16]
1000866c:	4630      	mov	r0, r6
1000866e:	4639      	mov	r1, r7
10008670:	f7fa f812 	bl	10002698 <__wrap___aeabi_dsub>
10008674:	2200      	movs	r2, #0
10008676:	2300      	movs	r3, #0
10008678:	4606      	mov	r6, r0
1000867a:	460f      	mov	r7, r1
1000867c:	f7fa f8fc 	bl	10002878 <__wrap___aeabi_dcmpeq>
10008680:	2800      	cmp	r0, #0
10008682:	f43f aceb 	beq.w	1000805c <_strtod_l+0x9d4>
10008686:	e557      	b.n	10008138 <_strtod_l+0xab0>
10008688:	f1b9 3fff 	cmp.w	r9, #4294967295	@ 0xffffffff
1000868c:	d1c3      	bne.n	10008616 <_strtod_l+0xf8e>
1000868e:	4b34      	ldr	r3, [pc, #208]	@ (10008760 <_strtod_l+0x10d8>)
10008690:	4598      	cmp	r8, r3
10008692:	d05a      	beq.n	1000874a <_strtod_l+0x10c2>
10008694:	3301      	adds	r3, #1
10008696:	ea08 0303 	and.w	r3, r8, r3
1000869a:	f503 1380 	add.w	r3, r3, #1048576	@ 0x100000
1000869e:	9305      	str	r3, [sp, #20]
100086a0:	2300      	movs	r3, #0
100086a2:	9304      	str	r3, [sp, #16]
100086a4:	e9dd 6704 	ldrd	r6, r7, [sp, #16]
100086a8:	e6c1      	b.n	1000842e <_strtod_l+0xda6>
100086aa:	4630      	mov	r0, r6
100086ac:	4639      	mov	r1, r7
100086ae:	e9dd 2304 	ldrd	r2, r3, [sp, #16]
100086b2:	f7f9 ffdd 	bl	10002670 <__wrap___aeabi_dadd>
100086b6:	460f      	mov	r7, r1
100086b8:	4606      	mov	r6, r0
100086ba:	991c      	ldr	r1, [sp, #112]	@ 0x70
100086bc:	f7ff bbef 	b.w	10007e9e <_strtod_l+0x816>
100086c0:	9b04      	ldr	r3, [sp, #16]
100086c2:	3301      	adds	r3, #1
100086c4:	d0e3      	beq.n	1000868e <_strtod_l+0x1006>
100086c6:	f1be 0f00 	cmp.w	lr, #0
100086ca:	d009      	beq.n	100086e0 <_strtod_l+0x1058>
100086cc:	ea1e 0f08 	tst.w	lr, r8
100086d0:	f43f acc4 	beq.w	1000805c <_strtod_l+0x9d4>
100086d4:	e672      	b.n	100083bc <_strtod_l+0xd34>
100086d6:	ea19 0f0c 	tst.w	r9, ip
100086da:	f43f ae90 	beq.w	100083fe <_strtod_l+0xd76>
100086de:	e66d      	b.n	100083bc <_strtod_l+0xd34>
100086e0:	ea19 0f0c 	tst.w	r9, ip
100086e4:	f43f acba 	beq.w	1000805c <_strtod_l+0x9d4>
100086e8:	e668      	b.n	100083bc <_strtod_l+0xd34>
100086ea:	f8dd c02c 	ldr.w	ip, [sp, #44]	@ 0x2c
100086ee:	469a      	mov	sl, r3
100086f0:	2a08      	cmp	r2, #8
100086f2:	f102 0401 	add.w	r4, r2, #1
100086f6:	dd09      	ble.n	1000870c <_strtod_l+0x1084>
100086f8:	2c10      	cmp	r4, #16
100086fa:	dc05      	bgt.n	10008708 <_strtod_l+0x1080>
100086fc:	eb06 0686 	add.w	r6, r6, r6, lsl #2
10008700:	2200      	movs	r2, #0
10008702:	eb01 0646 	add.w	r6, r1, r6, lsl #1
10008706:	e46c      	b.n	10007fe2 <_strtod_l+0x95a>
10008708:	2200      	movs	r2, #0
1000870a:	e46a      	b.n	10007fe2 <_strtod_l+0x95a>
1000870c:	220a      	movs	r2, #10
1000870e:	4621      	mov	r1, r4
10008710:	4674      	mov	r4, lr
10008712:	fb07 f202 	mul.w	r2, r7, r2
10008716:	e45f      	b.n	10007fd8 <_strtod_l+0x950>
10008718:	4622      	mov	r2, r4
1000871a:	e7e9      	b.n	100086f0 <_strtod_l+0x1068>
1000871c:	e9dd 2304 	ldrd	r2, r3, [sp, #16]
10008720:	e757      	b.n	100085d2 <_strtod_l+0xf4a>
10008722:	4602      	mov	r2, r0
10008724:	e45d      	b.n	10007fe2 <_strtod_l+0x95a>
10008726:	f501 1380 	add.w	r3, r1, #1048576	@ 0x100000
1000872a:	e9cd 0304 	strd	r0, r3, [sp, #16]
1000872e:	e9dd 6704 	ldrd	r6, r7, [sp, #16]
10008732:	e664      	b.n	100083fe <_strtod_l+0xd76>
10008734:	990a      	ldr	r1, [sp, #40]	@ 0x28
10008736:	2001      	movs	r0, #1
10008738:	910d      	str	r1, [sp, #52]	@ 0x34
1000873a:	2100      	movs	r1, #0
1000873c:	e9cd 100a 	strd	r1, r0, [sp, #40]	@ 0x28
10008740:	f7ff b9ba 	b.w	10007ab8 <_strtod_l+0x430>
10008744:	e9dd 2304 	ldrd	r2, r3, [sp, #16]
10008748:	e653      	b.n	100083f2 <_strtod_l+0xd6a>
1000874a:	2322      	movs	r3, #34	@ 0x22
1000874c:	991c      	ldr	r1, [sp, #112]	@ 0x70
1000874e:	2600      	movs	r6, #0
10008750:	4f02      	ldr	r7, [pc, #8]	@ (1000875c <_strtod_l+0x10d4>)
10008752:	602b      	str	r3, [r5, #0]
10008754:	f7ff bba3 	b.w	10007e9e <_strtod_l+0x816>
10008758:	1000b63c 	.word	0x1000b63c
1000875c:	7ff00000 	.word	0x7ff00000
10008760:	7fefffff 	.word	0x7fefffff
10008764:	1000b8a0 	.word	0x1000b8a0
10008768:	3ff00000 	.word	0x3ff00000
1000876c:	05e5      	lsls	r5, r4, #23
1000876e:	d505      	bpl.n	1000877c <_strtod_l+0x10f4>
10008770:	f04f 4300 	mov.w	r3, #2147483648	@ 0x80000000
10008774:	9305      	str	r3, [sp, #20]
10008776:	e9dd 6704 	ldrd	r6, r7, [sp, #16]
1000877a:	e5ae      	b.n	100082da <_strtod_l+0xc52>
1000877c:	2600      	movs	r6, #0
1000877e:	2700      	movs	r7, #0
10008780:	e5ab      	b.n	100082da <_strtod_l+0xc52>
10008782:	bf00      	nop

10008784 <strtod>:
10008784:	f8df c014 	ldr.w	ip, [pc, #20]	@ 1000879c <strtod+0x18>
10008788:	460a      	mov	r2, r1
1000878a:	4b03      	ldr	r3, [pc, #12]	@ (10008798 <strtod+0x14>)
1000878c:	4601      	mov	r1, r0
1000878e:	f8dc 0000 	ldr.w	r0, [ip]
10008792:	f7fe bf79 	b.w	10007688 <_strtod_l>
10008796:	bf00      	nop
10008798:	2000198c 	.word	0x2000198c
1000879c:	20001be0 	.word	0x20001be0

100087a0 <_strtol_l.part.0>:
100087a0:	e92d 4ff0 	stmdb	sp!, {r4, r5, r6, r7, r8, r9, sl, fp, lr}
100087a4:	4690      	mov	r8, r2
100087a6:	460e      	mov	r6, r1
100087a8:	468e      	mov	lr, r1
100087aa:	4683      	mov	fp, r0
100087ac:	461a      	mov	r2, r3
100087ae:	4970      	ldr	r1, [pc, #448]	@ (10008970 <_strtol_l.part.0+0x1d0>)
100087b0:	4670      	mov	r0, lr
100087b2:	f81e 9b01 	ldrb.w	r9, [lr], #1
100087b6:	f811 3009 	ldrb.w	r3, [r1, r9]
100087ba:	f013 0308 	ands.w	r3, r3, #8
100087be:	d1f7      	bne.n	100087b0 <_strtol_l.part.0+0x10>
100087c0:	f1b9 0f2d 	cmp.w	r9, #45	@ 0x2d
100087c4:	f022 0510 	bic.w	r5, r2, #16
100087c8:	d061      	beq.n	1000888e <_strtol_l.part.0+0xee>
100087ca:	f1b9 0f2b 	cmp.w	r9, #43	@ 0x2b
100087ce:	d010      	beq.n	100087f2 <_strtol_l.part.0+0x52>
100087d0:	b9ad      	cbnz	r5, 100087fe <_strtol_l.part.0+0x5e>
100087d2:	f1b9 0f30 	cmp.w	r9, #48	@ 0x30
100087d6:	f000 8090 	beq.w	100088fa <_strtol_l.part.0+0x15a>
100087da:	2a00      	cmp	r2, #0
100087dc:	f000 8088 	beq.w	100088f0 <_strtol_l.part.0+0x150>
100087e0:	2210      	movs	r2, #16
100087e2:	f06f 4478 	mvn.w	r4, #4160749568	@ 0xf8000000
100087e6:	250f      	movs	r5, #15
100087e8:	4617      	mov	r7, r2
100087ea:	2300      	movs	r3, #0
100087ec:	f06f 4a00 	mvn.w	sl, #2147483648	@ 0x80000000
100087f0:	e00d      	b.n	1000880e <_strtol_l.part.0+0x6e>
100087f2:	f89e 9000 	ldrb.w	r9, [lr]
100087f6:	f100 0e02 	add.w	lr, r0, #2
100087fa:	2d00      	cmp	r5, #0
100087fc:	d063      	beq.n	100088c6 <_strtol_l.part.0+0x126>
100087fe:	f06f 4500 	mvn.w	r5, #2147483648	@ 0x80000000
10008802:	4617      	mov	r7, r2
10008804:	fbb5 f4f2 	udiv	r4, r5, r2
10008808:	46aa      	mov	sl, r5
1000880a:	fb02 5514 	mls	r5, r2, r4, r5
1000880e:	2100      	movs	r1, #0
10008810:	4608      	mov	r0, r1
10008812:	e00e      	b.n	10008832 <_strtol_l.part.0+0x92>
10008814:	f1a9 0c37 	sub.w	ip, r9, #55	@ 0x37
10008818:	4594      	cmp	ip, r2
1000881a:	da1d      	bge.n	10008858 <_strtol_l.part.0+0xb8>
1000881c:	3101      	adds	r1, #1
1000881e:	d004      	beq.n	1000882a <_strtol_l.part.0+0x8a>
10008820:	42a0      	cmp	r0, r4
10008822:	d802      	bhi.n	1000882a <_strtol_l.part.0+0x8a>
10008824:	d125      	bne.n	10008872 <_strtol_l.part.0+0xd2>
10008826:	45ac      	cmp	ip, r5
10008828:	dd23      	ble.n	10008872 <_strtol_l.part.0+0xd2>
1000882a:	f04f 31ff 	mov.w	r1, #4294967295	@ 0xffffffff
1000882e:	f81e 9b01 	ldrb.w	r9, [lr], #1
10008832:	f1a9 0c30 	sub.w	ip, r9, #48	@ 0x30
10008836:	f1bc 0f09 	cmp.w	ip, #9
1000883a:	d9ed      	bls.n	10008818 <_strtol_l.part.0+0x78>
1000883c:	f1a9 0c41 	sub.w	ip, r9, #65	@ 0x41
10008840:	f1bc 0f19 	cmp.w	ip, #25
10008844:	d9e6      	bls.n	10008814 <_strtol_l.part.0+0x74>
10008846:	f1a9 0c61 	sub.w	ip, r9, #97	@ 0x61
1000884a:	f1bc 0f19 	cmp.w	ip, #25
1000884e:	d803      	bhi.n	10008858 <_strtol_l.part.0+0xb8>
10008850:	f1a9 0c57 	sub.w	ip, r9, #87	@ 0x57
10008854:	4594      	cmp	ip, r2
10008856:	dbe1      	blt.n	1000881c <_strtol_l.part.0+0x7c>
10008858:	1c4a      	adds	r2, r1, #1
1000885a:	d00e      	beq.n	1000887a <_strtol_l.part.0+0xda>
1000885c:	b103      	cbz	r3, 10008860 <_strtol_l.part.0+0xc0>
1000885e:	4240      	negs	r0, r0
10008860:	f1b8 0f00 	cmp.w	r8, #0
10008864:	d003      	beq.n	1000886e <_strtol_l.part.0+0xce>
10008866:	2900      	cmp	r1, #0
10008868:	d158      	bne.n	1000891c <_strtol_l.part.0+0x17c>
1000886a:	f8c8 6000 	str.w	r6, [r8]
1000886e:	e8bd 8ff0 	ldmia.w	sp!, {r4, r5, r6, r7, r8, r9, sl, fp, pc}
10008872:	fb07 c000 	mla	r0, r7, r0, ip
10008876:	2101      	movs	r1, #1
10008878:	e7d9      	b.n	1000882e <_strtol_l.part.0+0x8e>
1000887a:	2322      	movs	r3, #34	@ 0x22
1000887c:	f8cb 3000 	str.w	r3, [fp]
10008880:	f1b8 0f00 	cmp.w	r8, #0
10008884:	d04c      	beq.n	10008920 <_strtol_l.part.0+0x180>
10008886:	f10e 36ff 	add.w	r6, lr, #4294967295	@ 0xffffffff
1000888a:	4650      	mov	r0, sl
1000888c:	e7ed      	b.n	1000886a <_strtol_l.part.0+0xca>
1000888e:	f89e 9000 	ldrb.w	r9, [lr]
10008892:	f100 0e02 	add.w	lr, r0, #2
10008896:	b965      	cbnz	r5, 100088b2 <_strtol_l.part.0+0x112>
10008898:	f1b9 0f30 	cmp.w	r9, #48	@ 0x30
1000889c:	d043      	beq.n	10008926 <_strtol_l.part.0+0x186>
1000889e:	2a00      	cmp	r2, #0
100088a0:	d150      	bne.n	10008944 <_strtol_l.part.0+0x1a4>
100088a2:	220a      	movs	r2, #10
100088a4:	4c33      	ldr	r4, [pc, #204]	@ (10008974 <_strtol_l.part.0+0x1d4>)
100088a6:	2508      	movs	r5, #8
100088a8:	2301      	movs	r3, #1
100088aa:	4617      	mov	r7, r2
100088ac:	f04f 4a00 	mov.w	sl, #2147483648	@ 0x80000000
100088b0:	e7ad      	b.n	1000880e <_strtol_l.part.0+0x6e>
100088b2:	f04f 4100 	mov.w	r1, #2147483648	@ 0x80000000
100088b6:	4617      	mov	r7, r2
100088b8:	2301      	movs	r3, #1
100088ba:	468a      	mov	sl, r1
100088bc:	fbb1 f4f2 	udiv	r4, r1, r2
100088c0:	fb02 1514 	mls	r5, r2, r4, r1
100088c4:	e7a3      	b.n	1000880e <_strtol_l.part.0+0x6e>
100088c6:	f1b9 0f30 	cmp.w	r9, #48	@ 0x30
100088ca:	d186      	bne.n	100087da <_strtol_l.part.0+0x3a>
100088cc:	7883      	ldrb	r3, [r0, #2]
100088ce:	f003 03df 	and.w	r3, r3, #223	@ 0xdf
100088d2:	2b58      	cmp	r3, #88	@ 0x58
100088d4:	d11e      	bne.n	10008914 <_strtol_l.part.0+0x174>
100088d6:	2210      	movs	r2, #16
100088d8:	f890 9003 	ldrb.w	r9, [r0, #3]
100088dc:	f100 0e04 	add.w	lr, r0, #4
100088e0:	4617      	mov	r7, r2
100088e2:	f06f 4500 	mvn.w	r5, #2147483648	@ 0x80000000
100088e6:	fbb5 f4f7 	udiv	r4, r5, r7
100088ea:	fb07 5514 	mls	r5, r7, r4, r5
100088ee:	e77c      	b.n	100087ea <_strtol_l.part.0+0x4a>
100088f0:	220a      	movs	r2, #10
100088f2:	4c20      	ldr	r4, [pc, #128]	@ (10008974 <_strtol_l.part.0+0x1d4>)
100088f4:	2507      	movs	r5, #7
100088f6:	4617      	mov	r7, r2
100088f8:	e777      	b.n	100087ea <_strtol_l.part.0+0x4a>
100088fa:	f89e 3000 	ldrb.w	r3, [lr]
100088fe:	f003 03df 	and.w	r3, r3, #223	@ 0xdf
10008902:	2b58      	cmp	r3, #88	@ 0x58
10008904:	d106      	bne.n	10008914 <_strtol_l.part.0+0x174>
10008906:	2210      	movs	r2, #16
10008908:	f89e 9001 	ldrb.w	r9, [lr, #1]
1000890c:	f100 0e03 	add.w	lr, r0, #3
10008910:	4617      	mov	r7, r2
10008912:	e7e6      	b.n	100088e2 <_strtol_l.part.0+0x142>
10008914:	bb2a      	cbnz	r2, 10008962 <_strtol_l.part.0+0x1c2>
10008916:	2208      	movs	r2, #8
10008918:	4617      	mov	r7, r2
1000891a:	e7e2      	b.n	100088e2 <_strtol_l.part.0+0x142>
1000891c:	4682      	mov	sl, r0
1000891e:	e7b2      	b.n	10008886 <_strtol_l.part.0+0xe6>
10008920:	4650      	mov	r0, sl
10008922:	e8bd 8ff0 	ldmia.w	sp!, {r4, r5, r6, r7, r8, r9, sl, fp, pc}
10008926:	7883      	ldrb	r3, [r0, #2]
10008928:	f003 03df 	and.w	r3, r3, #223	@ 0xdf
1000892c:	2b58      	cmp	r3, #88	@ 0x58
1000892e:	d011      	beq.n	10008954 <_strtol_l.part.0+0x1b4>
10008930:	b1d2      	cbz	r2, 10008968 <_strtol_l.part.0+0x1c8>
10008932:	2210      	movs	r2, #16
10008934:	4617      	mov	r7, r2
10008936:	f04f 4100 	mov.w	r1, #2147483648	@ 0x80000000
1000893a:	2301      	movs	r3, #1
1000893c:	fbb1 f4f7 	udiv	r4, r1, r7
10008940:	468a      	mov	sl, r1
10008942:	e764      	b.n	1000880e <_strtol_l.part.0+0x6e>
10008944:	2210      	movs	r2, #16
10008946:	f04f 6400 	mov.w	r4, #134217728	@ 0x8000000
1000894a:	2301      	movs	r3, #1
1000894c:	f04f 4a00 	mov.w	sl, #2147483648	@ 0x80000000
10008950:	4617      	mov	r7, r2
10008952:	e75c      	b.n	1000880e <_strtol_l.part.0+0x6e>
10008954:	2210      	movs	r2, #16
10008956:	f890 9003 	ldrb.w	r9, [r0, #3]
1000895a:	f100 0e04 	add.w	lr, r0, #4
1000895e:	4617      	mov	r7, r2
10008960:	e7e9      	b.n	10008936 <_strtol_l.part.0+0x196>
10008962:	2210      	movs	r2, #16
10008964:	4617      	mov	r7, r2
10008966:	e7bc      	b.n	100088e2 <_strtol_l.part.0+0x142>
10008968:	2208      	movs	r2, #8
1000896a:	4617      	mov	r7, r2
1000896c:	e7e3      	b.n	10008936 <_strtol_l.part.0+0x196>
1000896e:	bf00      	nop
10008970:	1000b691 	.word	0x1000b691
10008974:	0ccccccc 	.word	0x0ccccccc

10008978 <strtol>:
10008978:	2a24      	cmp	r2, #36	@ 0x24
1000897a:	d80a      	bhi.n	10008992 <strtol+0x1a>
1000897c:	2a01      	cmp	r2, #1
1000897e:	d008      	beq.n	10008992 <strtol+0x1a>
10008980:	f8df c01c 	ldr.w	ip, [pc, #28]	@ 100089a0 <strtol+0x28>
10008984:	4613      	mov	r3, r2
10008986:	460a      	mov	r2, r1
10008988:	4601      	mov	r1, r0
1000898a:	f8dc 0000 	ldr.w	r0, [ip]
1000898e:	f7ff bf07 	b.w	100087a0 <_strtol_l.part.0>
10008992:	b510      	push	{r4, lr}
10008994:	f000 fd82 	bl	1000949c <__errno>
10008998:	2316      	movs	r3, #22
1000899a:	6003      	str	r3, [r0, #0]
1000899c:	2000      	movs	r0, #0
1000899e:	bd10      	pop	{r4, pc}
100089a0:	20001be0 	.word	0x20001be0

100089a4 <_strtoul_l.isra.0>:
100089a4:	e92d 47f0 	stmdb	sp!, {r4, r5, r6, r7, r8, r9, sl, lr}
100089a8:	4616      	mov	r6, r2
100089aa:	461c      	mov	r4, r3
100089ac:	4682      	mov	sl, r0
100089ae:	460d      	mov	r5, r1
100089b0:	460a      	mov	r2, r1
100089b2:	4b45      	ldr	r3, [pc, #276]	@ (10008ac8 <_strtoul_l.isra.0+0x124>)
100089b4:	4611      	mov	r1, r2
100089b6:	f812 eb01 	ldrb.w	lr, [r2], #1
100089ba:	f813 c00e 	ldrb.w	ip, [r3, lr]
100089be:	f01c 0c08 	ands.w	ip, ip, #8
100089c2:	d1f7      	bne.n	100089b4 <_strtoul_l.isra.0+0x10>
100089c4:	f1be 0f2d 	cmp.w	lr, #45	@ 0x2d
100089c8:	d062      	beq.n	10008a90 <_strtoul_l.isra.0+0xec>
100089ca:	f1be 0f2b 	cmp.w	lr, #43	@ 0x2b
100089ce:	d03a      	beq.n	10008a46 <_strtoul_l.isra.0+0xa2>
100089d0:	4663      	mov	r3, ip
100089d2:	f034 0110 	bics.w	r1, r4, #16
100089d6:	d03d      	beq.n	10008a54 <_strtoul_l.isra.0+0xb0>
100089d8:	f04f 37ff 	mov.w	r7, #4294967295	@ 0xffffffff
100089dc:	46a1      	mov	r9, r4
100089de:	fbb7 f7f4 	udiv	r7, r7, r4
100089e2:	fb04 f807 	mul.w	r8, r4, r7
100089e6:	ea6f 0808 	mvn.w	r8, r8
100089ea:	2100      	movs	r1, #0
100089ec:	4608      	mov	r0, r1
100089ee:	e00e      	b.n	10008a0e <_strtoul_l.isra.0+0x6a>
100089f0:	f1ae 0c37 	sub.w	ip, lr, #55	@ 0x37
100089f4:	4564      	cmp	r4, ip
100089f6:	dd1d      	ble.n	10008a34 <_strtoul_l.isra.0+0x90>
100089f8:	3101      	adds	r1, #1
100089fa:	d004      	beq.n	10008a06 <_strtoul_l.isra.0+0x62>
100089fc:	42b8      	cmp	r0, r7
100089fe:	d802      	bhi.n	10008a06 <_strtoul_l.isra.0+0x62>
10008a00:	d132      	bne.n	10008a68 <_strtoul_l.isra.0+0xc4>
10008a02:	45c4      	cmp	ip, r8
10008a04:	dd30      	ble.n	10008a68 <_strtoul_l.isra.0+0xc4>
10008a06:	f04f 31ff 	mov.w	r1, #4294967295	@ 0xffffffff
10008a0a:	f812 eb01 	ldrb.w	lr, [r2], #1
10008a0e:	f1ae 0c30 	sub.w	ip, lr, #48	@ 0x30
10008a12:	f1bc 0f09 	cmp.w	ip, #9
10008a16:	d9ed      	bls.n	100089f4 <_strtoul_l.isra.0+0x50>
10008a18:	f1ae 0c41 	sub.w	ip, lr, #65	@ 0x41
10008a1c:	f1bc 0f19 	cmp.w	ip, #25
10008a20:	d9e6      	bls.n	100089f0 <_strtoul_l.isra.0+0x4c>
10008a22:	f1ae 0c61 	sub.w	ip, lr, #97	@ 0x61
10008a26:	f1bc 0f19 	cmp.w	ip, #25
10008a2a:	d803      	bhi.n	10008a34 <_strtoul_l.isra.0+0x90>
10008a2c:	f1ae 0c57 	sub.w	ip, lr, #87	@ 0x57
10008a30:	4564      	cmp	r4, ip
10008a32:	dce1      	bgt.n	100089f8 <_strtoul_l.isra.0+0x54>
10008a34:	1c4c      	adds	r4, r1, #1
10008a36:	d023      	beq.n	10008a80 <_strtoul_l.isra.0+0xdc>
10008a38:	b103      	cbz	r3, 10008a3c <_strtoul_l.isra.0+0x98>
10008a3a:	4240      	negs	r0, r0
10008a3c:	b10e      	cbz	r6, 10008a42 <_strtoul_l.isra.0+0x9e>
10008a3e:	bb29      	cbnz	r1, 10008a8c <_strtoul_l.isra.0+0xe8>
10008a40:	6035      	str	r5, [r6, #0]
10008a42:	e8bd 87f0 	ldmia.w	sp!, {r4, r5, r6, r7, r8, r9, sl, pc}
10008a46:	f892 e000 	ldrb.w	lr, [r2]
10008a4a:	1c8a      	adds	r2, r1, #2
10008a4c:	f034 0110 	bics.w	r1, r4, #16
10008a50:	4663      	mov	r3, ip
10008a52:	d1c1      	bne.n	100089d8 <_strtoul_l.isra.0+0x34>
10008a54:	f1be 0f30 	cmp.w	lr, #48	@ 0x30
10008a58:	d01f      	beq.n	10008a9a <_strtoul_l.isra.0+0xf6>
10008a5a:	b954      	cbnz	r4, 10008a72 <_strtoul_l.isra.0+0xce>
10008a5c:	240a      	movs	r4, #10
10008a5e:	f04f 0805 	mov.w	r8, #5
10008a62:	4f1a      	ldr	r7, [pc, #104]	@ (10008acc <_strtoul_l.isra.0+0x128>)
10008a64:	46a1      	mov	r9, r4
10008a66:	e7c0      	b.n	100089ea <_strtoul_l.isra.0+0x46>
10008a68:	fb09 c000 	mla	r0, r9, r0, ip
10008a6c:	2101      	movs	r1, #1
10008a6e:	e7cc      	b.n	10008a0a <_strtoul_l.isra.0+0x66>
10008a70:	b314      	cbz	r4, 10008ab8 <_strtoul_l.isra.0+0x114>
10008a72:	2410      	movs	r4, #16
10008a74:	f04f 080f 	mov.w	r8, #15
10008a78:	f06f 4770 	mvn.w	r7, #4026531840	@ 0xf0000000
10008a7c:	46a1      	mov	r9, r4
10008a7e:	e7b4      	b.n	100089ea <_strtoul_l.isra.0+0x46>
10008a80:	2322      	movs	r3, #34	@ 0x22
10008a82:	4608      	mov	r0, r1
10008a84:	f8ca 3000 	str.w	r3, [sl]
10008a88:	2e00      	cmp	r6, #0
10008a8a:	d0da      	beq.n	10008a42 <_strtoul_l.isra.0+0x9e>
10008a8c:	1e55      	subs	r5, r2, #1
10008a8e:	e7d7      	b.n	10008a40 <_strtoul_l.isra.0+0x9c>
10008a90:	f892 e000 	ldrb.w	lr, [r2]
10008a94:	2301      	movs	r3, #1
10008a96:	1c8a      	adds	r2, r1, #2
10008a98:	e79b      	b.n	100089d2 <_strtoul_l.isra.0+0x2e>
10008a9a:	7811      	ldrb	r1, [r2, #0]
10008a9c:	f001 01df 	and.w	r1, r1, #223	@ 0xdf
10008aa0:	2958      	cmp	r1, #88	@ 0x58
10008aa2:	d1e5      	bne.n	10008a70 <_strtoul_l.isra.0+0xcc>
10008aa4:	2410      	movs	r4, #16
10008aa6:	f892 e001 	ldrb.w	lr, [r2, #1]
10008aaa:	f04f 080f 	mov.w	r8, #15
10008aae:	3202      	adds	r2, #2
10008ab0:	f06f 4770 	mvn.w	r7, #4026531840	@ 0xf0000000
10008ab4:	46a1      	mov	r9, r4
10008ab6:	e798      	b.n	100089ea <_strtoul_l.isra.0+0x46>
10008ab8:	2408      	movs	r4, #8
10008aba:	f04f 0807 	mov.w	r8, #7
10008abe:	f06f 4760 	mvn.w	r7, #3758096384	@ 0xe0000000
10008ac2:	46a1      	mov	r9, r4
10008ac4:	e791      	b.n	100089ea <_strtoul_l.isra.0+0x46>
10008ac6:	bf00      	nop
10008ac8:	1000b691 	.word	0x1000b691
10008acc:	19999999 	.word	0x19999999

10008ad0 <strtoul>:
10008ad0:	f8df c010 	ldr.w	ip, [pc, #16]	@ 10008ae4 <strtoul+0x14>
10008ad4:	4613      	mov	r3, r2
10008ad6:	460a      	mov	r2, r1
10008ad8:	4601      	mov	r1, r0
10008ada:	f8dc 0000 	ldr.w	r0, [ip]
10008ade:	f7ff bf61 	b.w	100089a4 <_strtoul_l.isra.0>
10008ae2:	bf00      	nop
10008ae4:	20001be0 	.word	0x20001be0

10008ae8 <__sflush_r>:
10008ae8:	f9b1 200c 	ldrsh.w	r2, [r1, #12]
10008aec:	e92d 41f0 	stmdb	sp!, {r4, r5, r6, r7, r8, lr}
10008af0:	4680      	mov	r8, r0
10008af2:	0710      	lsls	r0, r2, #28
10008af4:	460c      	mov	r4, r1
10008af6:	d450      	bmi.n	10008b9a <__sflush_r+0xb2>
10008af8:	6849      	ldr	r1, [r1, #4]
10008afa:	f442 6300 	orr.w	r3, r2, #2048	@ 0x800
10008afe:	2900      	cmp	r1, #0
10008b00:	81a3      	strh	r3, [r4, #12]
10008b02:	dd64      	ble.n	10008bce <__sflush_r+0xe6>
10008b04:	6aa6      	ldr	r6, [r4, #40]	@ 0x28
10008b06:	2e00      	cmp	r6, #0
10008b08:	d044      	beq.n	10008b94 <__sflush_r+0xac>
10008b0a:	2100      	movs	r1, #0
10008b0c:	f412 5280 	ands.w	r2, r2, #4096	@ 0x1000
10008b10:	f8d8 5000 	ldr.w	r5, [r8]
10008b14:	f8c8 1000 	str.w	r1, [r8]
10008b18:	d165      	bne.n	10008be6 <__sflush_r+0xfe>
10008b1a:	69e1      	ldr	r1, [r4, #28]
10008b1c:	2301      	movs	r3, #1
10008b1e:	4640      	mov	r0, r8
10008b20:	47b0      	blx	r6
10008b22:	1c41      	adds	r1, r0, #1
10008b24:	4602      	mov	r2, r0
10008b26:	d06c      	beq.n	10008c02 <__sflush_r+0x11a>
10008b28:	f9b4 300c 	ldrsh.w	r3, [r4, #12]
10008b2c:	6aa6      	ldr	r6, [r4, #40]	@ 0x28
10008b2e:	075b      	lsls	r3, r3, #29
10008b30:	d505      	bpl.n	10008b3e <__sflush_r+0x56>
10008b32:	6863      	ldr	r3, [r4, #4]
10008b34:	1ad2      	subs	r2, r2, r3
10008b36:	6b23      	ldr	r3, [r4, #48]	@ 0x30
10008b38:	b10b      	cbz	r3, 10008b3e <__sflush_r+0x56>
10008b3a:	6be3      	ldr	r3, [r4, #60]	@ 0x3c
10008b3c:	1ad2      	subs	r2, r2, r3
10008b3e:	2300      	movs	r3, #0
10008b40:	69e1      	ldr	r1, [r4, #28]
10008b42:	4640      	mov	r0, r8
10008b44:	47b0      	blx	r6
10008b46:	1c47      	adds	r7, r0, #1
10008b48:	f9b4 300c 	ldrsh.w	r3, [r4, #12]
10008b4c:	d14d      	bne.n	10008bea <__sflush_r+0x102>
10008b4e:	f8d8 1000 	ldr.w	r1, [r8]
10008b52:	291d      	cmp	r1, #29
10008b54:	d840      	bhi.n	10008bd8 <__sflush_r+0xf0>
10008b56:	4a30      	ldr	r2, [pc, #192]	@ (10008c18 <__sflush_r+0x130>)
10008b58:	40ca      	lsrs	r2, r1
10008b5a:	07d6      	lsls	r6, r2, #31
10008b5c:	d53c      	bpl.n	10008bd8 <__sflush_r+0xf0>
10008b5e:	f423 6200 	bic.w	r2, r3, #2048	@ 0x800
10008b62:	04d9      	lsls	r1, r3, #19
10008b64:	81a2      	strh	r2, [r4, #12]
10008b66:	f04f 0200 	mov.w	r2, #0
10008b6a:	6062      	str	r2, [r4, #4]
10008b6c:	6922      	ldr	r2, [r4, #16]
10008b6e:	6022      	str	r2, [r4, #0]
10008b70:	d503      	bpl.n	10008b7a <__sflush_r+0x92>
10008b72:	f8d8 3000 	ldr.w	r3, [r8]
10008b76:	2b00      	cmp	r3, #0
10008b78:	d041      	beq.n	10008bfe <__sflush_r+0x116>
10008b7a:	6b21      	ldr	r1, [r4, #48]	@ 0x30
10008b7c:	f8c8 5000 	str.w	r5, [r8]
10008b80:	b141      	cbz	r1, 10008b94 <__sflush_r+0xac>
10008b82:	f104 0340 	add.w	r3, r4, #64	@ 0x40
10008b86:	4299      	cmp	r1, r3
10008b88:	d002      	beq.n	10008b90 <__sflush_r+0xa8>
10008b8a:	4640      	mov	r0, r8
10008b8c:	f000 fda2 	bl	100096d4 <_free_r>
10008b90:	2300      	movs	r3, #0
10008b92:	6323      	str	r3, [r4, #48]	@ 0x30
10008b94:	2000      	movs	r0, #0
10008b96:	e8bd 81f0 	ldmia.w	sp!, {r4, r5, r6, r7, r8, pc}
10008b9a:	690e      	ldr	r6, [r1, #16]
10008b9c:	2e00      	cmp	r6, #0
10008b9e:	d0f9      	beq.n	10008b94 <__sflush_r+0xac>
10008ba0:	0792      	lsls	r2, r2, #30
10008ba2:	680d      	ldr	r5, [r1, #0]
10008ba4:	600e      	str	r6, [r1, #0]
10008ba6:	bf0c      	ite	eq
10008ba8:	694b      	ldreq	r3, [r1, #20]
10008baa:	2300      	movne	r3, #0
10008bac:	1bad      	subs	r5, r5, r6
10008bae:	608b      	str	r3, [r1, #8]
10008bb0:	e00a      	b.n	10008bc8 <__sflush_r+0xe0>
10008bb2:	462b      	mov	r3, r5
10008bb4:	4632      	mov	r2, r6
10008bb6:	69e1      	ldr	r1, [r4, #28]
10008bb8:	4640      	mov	r0, r8
10008bba:	6a67      	ldr	r7, [r4, #36]	@ 0x24
10008bbc:	47b8      	blx	r7
10008bbe:	2800      	cmp	r0, #0
10008bc0:	eba5 0500 	sub.w	r5, r5, r0
10008bc4:	4406      	add	r6, r0
10008bc6:	dd06      	ble.n	10008bd6 <__sflush_r+0xee>
10008bc8:	2d00      	cmp	r5, #0
10008bca:	dcf2      	bgt.n	10008bb2 <__sflush_r+0xca>
10008bcc:	e7e2      	b.n	10008b94 <__sflush_r+0xac>
10008bce:	6be1      	ldr	r1, [r4, #60]	@ 0x3c
10008bd0:	2900      	cmp	r1, #0
10008bd2:	dc97      	bgt.n	10008b04 <__sflush_r+0x1c>
10008bd4:	e7de      	b.n	10008b94 <__sflush_r+0xac>
10008bd6:	89a3      	ldrh	r3, [r4, #12]
10008bd8:	f043 0340 	orr.w	r3, r3, #64	@ 0x40
10008bdc:	f04f 30ff 	mov.w	r0, #4294967295	@ 0xffffffff
10008be0:	81a3      	strh	r3, [r4, #12]
10008be2:	e8bd 81f0 	ldmia.w	sp!, {r4, r5, r6, r7, r8, pc}
10008be6:	6d22      	ldr	r2, [r4, #80]	@ 0x50
10008be8:	e7a1      	b.n	10008b2e <__sflush_r+0x46>
10008bea:	f423 6200 	bic.w	r2, r3, #2048	@ 0x800
10008bee:	04db      	lsls	r3, r3, #19
10008bf0:	81a2      	strh	r2, [r4, #12]
10008bf2:	f04f 0200 	mov.w	r2, #0
10008bf6:	6062      	str	r2, [r4, #4]
10008bf8:	6922      	ldr	r2, [r4, #16]
10008bfa:	6022      	str	r2, [r4, #0]
10008bfc:	d5bd      	bpl.n	10008b7a <__sflush_r+0x92>
10008bfe:	6520      	str	r0, [r4, #80]	@ 0x50
10008c00:	e7bb      	b.n	10008b7a <__sflush_r+0x92>
10008c02:	f8d8 3000 	ldr.w	r3, [r8]
10008c06:	2b00      	cmp	r3, #0
10008c08:	d08e      	beq.n	10008b28 <__sflush_r+0x40>
10008c0a:	2b1d      	cmp	r3, #29
10008c0c:	d001      	beq.n	10008c12 <__sflush_r+0x12a>
10008c0e:	2b16      	cmp	r3, #22
10008c10:	d1e1      	bne.n	10008bd6 <__sflush_r+0xee>
10008c12:	f8c8 5000 	str.w	r5, [r8]
10008c16:	e7bd      	b.n	10008b94 <__sflush_r+0xac>
10008c18:	20400001 	.word	0x20400001

10008c1c <_fflush_r>:
10008c1c:	b500      	push	{lr}
10008c1e:	4603      	mov	r3, r0
10008c20:	b083      	sub	sp, #12
10008c22:	b108      	cbz	r0, 10008c28 <_fflush_r+0xc>
10008c24:	6b42      	ldr	r2, [r0, #52]	@ 0x34
10008c26:	b352      	cbz	r2, 10008c7e <_fflush_r+0x62>
10008c28:	f9b1 000c 	ldrsh.w	r0, [r1, #12]
10008c2c:	b198      	cbz	r0, 10008c56 <_fflush_r+0x3a>
10008c2e:	6e4a      	ldr	r2, [r1, #100]	@ 0x64
10008c30:	07d2      	lsls	r2, r2, #31
10008c32:	d401      	bmi.n	10008c38 <_fflush_r+0x1c>
10008c34:	0582      	lsls	r2, r0, #22
10008c36:	d512      	bpl.n	10008c5e <_fflush_r+0x42>
10008c38:	4618      	mov	r0, r3
10008c3a:	9100      	str	r1, [sp, #0]
10008c3c:	f7ff ff54 	bl	10008ae8 <__sflush_r>
10008c40:	9900      	ldr	r1, [sp, #0]
10008c42:	4603      	mov	r3, r0
10008c44:	6e4a      	ldr	r2, [r1, #100]	@ 0x64
10008c46:	07d0      	lsls	r0, r2, #31
10008c48:	d402      	bmi.n	10008c50 <_fflush_r+0x34>
10008c4a:	898a      	ldrh	r2, [r1, #12]
10008c4c:	0592      	lsls	r2, r2, #22
10008c4e:	d50e      	bpl.n	10008c6e <_fflush_r+0x52>
10008c50:	4618      	mov	r0, r3
10008c52:	b003      	add	sp, #12
10008c54:	bd00      	pop	{pc}
10008c56:	4603      	mov	r3, r0
10008c58:	4618      	mov	r0, r3
10008c5a:	b003      	add	sp, #12
10008c5c:	bd00      	pop	{pc}
10008c5e:	6d88      	ldr	r0, [r1, #88]	@ 0x58
10008c60:	9301      	str	r3, [sp, #4]
10008c62:	9100      	str	r1, [sp, #0]
10008c64:	f000 fc32 	bl	100094cc <__retarget_lock_acquire_recursive>
10008c68:	e9dd 1300 	ldrd	r1, r3, [sp]
10008c6c:	e7e4      	b.n	10008c38 <_fflush_r+0x1c>
10008c6e:	6d88      	ldr	r0, [r1, #88]	@ 0x58
10008c70:	9300      	str	r3, [sp, #0]
10008c72:	f000 fc2d 	bl	100094d0 <__retarget_lock_release_recursive>
10008c76:	9b00      	ldr	r3, [sp, #0]
10008c78:	4618      	mov	r0, r3
10008c7a:	b003      	add	sp, #12
10008c7c:	bd00      	pop	{pc}
10008c7e:	e9cd 0100 	strd	r0, r1, [sp]
10008c82:	f000 f8ef 	bl	10008e64 <__sinit>
10008c86:	e9dd 3100 	ldrd	r3, r1, [sp]
10008c8a:	e7cd      	b.n	10008c28 <_fflush_r+0xc>

10008c8c <fflush>:
10008c8c:	2800      	cmp	r0, #0
10008c8e:	d038      	beq.n	10008d02 <fflush+0x76>
10008c90:	4b1e      	ldr	r3, [pc, #120]	@ (10008d0c <fflush+0x80>)
10008c92:	4601      	mov	r1, r0
10008c94:	681b      	ldr	r3, [r3, #0]
10008c96:	b500      	push	{lr}
10008c98:	b083      	sub	sp, #12
10008c9a:	b10b      	cbz	r3, 10008ca0 <fflush+0x14>
10008c9c:	6b5a      	ldr	r2, [r3, #52]	@ 0x34
10008c9e:	b1d2      	cbz	r2, 10008cd6 <fflush+0x4a>
10008ca0:	f9b1 000c 	ldrsh.w	r0, [r1, #12]
10008ca4:	b198      	cbz	r0, 10008cce <fflush+0x42>
10008ca6:	6e4a      	ldr	r2, [r1, #100]	@ 0x64
10008ca8:	07d2      	lsls	r2, r2, #31
10008caa:	d401      	bmi.n	10008cb0 <fflush+0x24>
10008cac:	0582      	lsls	r2, r0, #22
10008cae:	d51a      	bpl.n	10008ce6 <fflush+0x5a>
10008cb0:	4618      	mov	r0, r3
10008cb2:	9100      	str	r1, [sp, #0]
10008cb4:	f7ff ff18 	bl	10008ae8 <__sflush_r>
10008cb8:	9900      	ldr	r1, [sp, #0]
10008cba:	4603      	mov	r3, r0
10008cbc:	6e4a      	ldr	r2, [r1, #100]	@ 0x64
10008cbe:	07d0      	lsls	r0, r2, #31
10008cc0:	d402      	bmi.n	10008cc8 <fflush+0x3c>
10008cc2:	898a      	ldrh	r2, [r1, #12]
10008cc4:	0592      	lsls	r2, r2, #22
10008cc6:	d516      	bpl.n	10008cf6 <fflush+0x6a>
10008cc8:	4618      	mov	r0, r3
10008cca:	b003      	add	sp, #12
10008ccc:	bd00      	pop	{pc}
10008cce:	4603      	mov	r3, r0
10008cd0:	4618      	mov	r0, r3
10008cd2:	b003      	add	sp, #12
10008cd4:	bd00      	pop	{pc}
10008cd6:	9001      	str	r0, [sp, #4]
10008cd8:	4618      	mov	r0, r3
10008cda:	9300      	str	r3, [sp, #0]
10008cdc:	f000 f8c2 	bl	10008e64 <__sinit>
10008ce0:	e9dd 3100 	ldrd	r3, r1, [sp]
10008ce4:	e7dc      	b.n	10008ca0 <fflush+0x14>
10008ce6:	6d88      	ldr	r0, [r1, #88]	@ 0x58
10008ce8:	9301      	str	r3, [sp, #4]
10008cea:	9100      	str	r1, [sp, #0]
10008cec:	f000 fbee 	bl	100094cc <__retarget_lock_acquire_recursive>
10008cf0:	e9dd 1300 	ldrd	r1, r3, [sp]
10008cf4:	e7dc      	b.n	10008cb0 <fflush+0x24>
10008cf6:	6d88      	ldr	r0, [r1, #88]	@ 0x58
10008cf8:	9300      	str	r3, [sp, #0]
10008cfa:	f000 fbe9 	bl	100094d0 <__retarget_lock_release_recursive>
10008cfe:	9b00      	ldr	r3, [sp, #0]
10008d00:	e7e2      	b.n	10008cc8 <fflush+0x3c>
10008d02:	4a03      	ldr	r2, [pc, #12]	@ (10008d10 <fflush+0x84>)
10008d04:	4903      	ldr	r1, [pc, #12]	@ (10008d14 <fflush+0x88>)
10008d06:	4804      	ldr	r0, [pc, #16]	@ (10008d18 <fflush+0x8c>)
10008d08:	f001 bf84 	b.w	1000ac14 <_fwalk_sglue>
10008d0c:	20001be0 	.word	0x20001be0
10008d10:	20001980 	.word	0x20001980
10008d14:	10008c1d 	.word	0x10008c1d
10008d18:	20001be8 	.word	0x20001be8

10008d1c <stdio_exit_handler>:
10008d1c:	4a02      	ldr	r2, [pc, #8]	@ (10008d28 <stdio_exit_handler+0xc>)
10008d1e:	4903      	ldr	r1, [pc, #12]	@ (10008d2c <stdio_exit_handler+0x10>)
10008d20:	4803      	ldr	r0, [pc, #12]	@ (10008d30 <stdio_exit_handler+0x14>)
10008d22:	f001 bf77 	b.w	1000ac14 <_fwalk_sglue>
10008d26:	bf00      	nop
10008d28:	20001980 	.word	0x20001980
10008d2c:	1000ac79 	.word	0x1000ac79
10008d30:	20001be8 	.word	0x20001be8

10008d34 <cleanup_stdio>:
10008d34:	4b0c      	ldr	r3, [pc, #48]	@ (10008d68 <cleanup_stdio+0x34>)
10008d36:	6841      	ldr	r1, [r0, #4]
10008d38:	4299      	cmp	r1, r3
10008d3a:	b510      	push	{r4, lr}
10008d3c:	4604      	mov	r4, r0
10008d3e:	d001      	beq.n	10008d44 <cleanup_stdio+0x10>
10008d40:	f001 ff9a 	bl	1000ac78 <_fclose_r>
10008d44:	68a1      	ldr	r1, [r4, #8]
10008d46:	4b09      	ldr	r3, [pc, #36]	@ (10008d6c <cleanup_stdio+0x38>)
10008d48:	4299      	cmp	r1, r3
10008d4a:	d002      	beq.n	10008d52 <cleanup_stdio+0x1e>
10008d4c:	4620      	mov	r0, r4
10008d4e:	f001 ff93 	bl	1000ac78 <_fclose_r>
10008d52:	68e1      	ldr	r1, [r4, #12]
10008d54:	4b06      	ldr	r3, [pc, #24]	@ (10008d70 <cleanup_stdio+0x3c>)
10008d56:	4299      	cmp	r1, r3
10008d58:	d004      	beq.n	10008d64 <cleanup_stdio+0x30>
10008d5a:	4620      	mov	r0, r4
10008d5c:	e8bd 4010 	ldmia.w	sp!, {r4, lr}
10008d60:	f001 bf8a 	b.w	1000ac78 <_fclose_r>
10008d64:	bd10      	pop	{r4, pc}
10008d66:	bf00      	nop
10008d68:	200020a4 	.word	0x200020a4
10008d6c:	2000210c 	.word	0x2000210c
10008d70:	20002174 	.word	0x20002174

10008d74 <global_stdio_init.part.0>:
10008d74:	e92d 43f8 	stmdb	sp!, {r3, r4, r5, r6, r7, r8, r9, lr}
10008d78:	4a31      	ldr	r2, [pc, #196]	@ (10008e40 <global_stdio_init.part.0+0xcc>)
10008d7a:	2500      	movs	r5, #0
10008d7c:	4c31      	ldr	r4, [pc, #196]	@ (10008e44 <global_stdio_init.part.0+0xd0>)
10008d7e:	2304      	movs	r3, #4
10008d80:	4931      	ldr	r1, [pc, #196]	@ (10008e48 <global_stdio_init.part.0+0xd4>)
10008d82:	f8df 90d8 	ldr.w	r9, [pc, #216]	@ 10008e5c <global_stdio_init.part.0+0xe8>
10008d86:	f104 005c 	add.w	r0, r4, #92	@ 0x5c
10008d8a:	f8df 80d4 	ldr.w	r8, [pc, #212]	@ 10008e60 <global_stdio_init.part.0+0xec>
10008d8e:	4f2f      	ldr	r7, [pc, #188]	@ (10008e4c <global_stdio_init.part.0+0xd8>)
10008d90:	4e2f      	ldr	r6, [pc, #188]	@ (10008e50 <global_stdio_init.part.0+0xdc>)
10008d92:	6011      	str	r1, [r2, #0]
10008d94:	4629      	mov	r1, r5
10008d96:	2208      	movs	r2, #8
10008d98:	6025      	str	r5, [r4, #0]
10008d9a:	6665      	str	r5, [r4, #100]	@ 0x64
10008d9c:	e9c4 3503 	strd	r3, r5, [r4, #12]
10008da0:	e9c4 5501 	strd	r5, r5, [r4, #4]
10008da4:	e9c4 5505 	strd	r5, r5, [r4, #20]
10008da8:	f000 f8c6 	bl	10008f38 <memset>
10008dac:	f104 0058 	add.w	r0, r4, #88	@ 0x58
10008db0:	62e6      	str	r6, [r4, #44]	@ 0x2c
10008db2:	e9c4 4907 	strd	r4, r9, [r4, #28]
10008db6:	e9c4 8709 	strd	r8, r7, [r4, #36]	@ 0x24
10008dba:	f000 fb83 	bl	100094c4 <__retarget_lock_init_recursive>
10008dbe:	4b25      	ldr	r3, [pc, #148]	@ (10008e54 <global_stdio_init.part.0+0xe0>)
10008dc0:	4629      	mov	r1, r5
10008dc2:	2208      	movs	r2, #8
10008dc4:	f104 00c4 	add.w	r0, r4, #196	@ 0xc4
10008dc8:	6763      	str	r3, [r4, #116]	@ 0x74
10008dca:	6725      	str	r5, [r4, #112]	@ 0x70
10008dcc:	f8c4 50cc 	str.w	r5, [r4, #204]	@ 0xcc
10008dd0:	f8c4 5080 	str.w	r5, [r4, #128]	@ 0x80
10008dd4:	e9c4 551a 	strd	r5, r5, [r4, #104]	@ 0x68
10008dd8:	e9c4 551e 	strd	r5, r5, [r4, #120]	@ 0x78
10008ddc:	f000 f8ac 	bl	10008f38 <memset>
10008de0:	f104 0368 	add.w	r3, r4, #104	@ 0x68
10008de4:	f104 00c0 	add.w	r0, r4, #192	@ 0xc0
10008de8:	f8c4 3084 	str.w	r3, [r4, #132]	@ 0x84
10008dec:	e9c4 9822 	strd	r9, r8, [r4, #136]	@ 0x88
10008df0:	e9c4 7624 	strd	r7, r6, [r4, #144]	@ 0x90
10008df4:	f000 fb66 	bl	100094c4 <__retarget_lock_init_recursive>
10008df8:	4b17      	ldr	r3, [pc, #92]	@ (10008e58 <global_stdio_init.part.0+0xe4>)
10008dfa:	4629      	mov	r1, r5
10008dfc:	f504 7096 	add.w	r0, r4, #300	@ 0x12c
10008e00:	2208      	movs	r2, #8
10008e02:	f8c4 30dc 	str.w	r3, [r4, #220]	@ 0xdc
10008e06:	f8c4 50d8 	str.w	r5, [r4, #216]	@ 0xd8
10008e0a:	f8c4 5134 	str.w	r5, [r4, #308]	@ 0x134
10008e0e:	f8c4 50e8 	str.w	r5, [r4, #232]	@ 0xe8
10008e12:	e9c4 5534 	strd	r5, r5, [r4, #208]	@ 0xd0
10008e16:	e9c4 5538 	strd	r5, r5, [r4, #224]	@ 0xe0
10008e1a:	f000 f88d 	bl	10008f38 <memset>
10008e1e:	f104 03d0 	add.w	r3, r4, #208	@ 0xd0
10008e22:	f504 7094 	add.w	r0, r4, #296	@ 0x128
10008e26:	f8c4 90f0 	str.w	r9, [r4, #240]	@ 0xf0
10008e2a:	f8c4 60fc 	str.w	r6, [r4, #252]	@ 0xfc
10008e2e:	f8c4 30ec 	str.w	r3, [r4, #236]	@ 0xec
10008e32:	e9c4 873d 	strd	r8, r7, [r4, #244]	@ 0xf4
10008e36:	e8bd 43f8 	ldmia.w	sp!, {r3, r4, r5, r6, r7, r8, r9, lr}
10008e3a:	f000 bb43 	b.w	100094c4 <__retarget_lock_init_recursive>
10008e3e:	bf00      	nop
10008e40:	200021dc 	.word	0x200021dc
10008e44:	200020a4 	.word	0x200020a4
10008e48:	10008d1d 	.word	0x10008d1d
10008e4c:	1000ada1 	.word	0x1000ada1
10008e50:	1000adc9 	.word	0x1000adc9
10008e54:	00010009 	.word	0x00010009
10008e58:	00020012 	.word	0x00020012
10008e5c:	1000ad3d 	.word	0x1000ad3d
10008e60:	1000ad61 	.word	0x1000ad61

10008e64 <__sinit>:
10008e64:	b510      	push	{r4, lr}
10008e66:	4604      	mov	r4, r0
10008e68:	480a      	ldr	r0, [pc, #40]	@ (10008e94 <__sinit+0x30>)
10008e6a:	f000 fb2f 	bl	100094cc <__retarget_lock_acquire_recursive>
10008e6e:	6b63      	ldr	r3, [r4, #52]	@ 0x34
10008e70:	b923      	cbnz	r3, 10008e7c <__sinit+0x18>
10008e72:	4b09      	ldr	r3, [pc, #36]	@ (10008e98 <__sinit+0x34>)
10008e74:	4a09      	ldr	r2, [pc, #36]	@ (10008e9c <__sinit+0x38>)
10008e76:	681b      	ldr	r3, [r3, #0]
10008e78:	6362      	str	r2, [r4, #52]	@ 0x34
10008e7a:	b123      	cbz	r3, 10008e86 <__sinit+0x22>
10008e7c:	4805      	ldr	r0, [pc, #20]	@ (10008e94 <__sinit+0x30>)
10008e7e:	e8bd 4010 	ldmia.w	sp!, {r4, lr}
10008e82:	f000 bb25 	b.w	100094d0 <__retarget_lock_release_recursive>
10008e86:	f7ff ff75 	bl	10008d74 <global_stdio_init.part.0>
10008e8a:	4802      	ldr	r0, [pc, #8]	@ (10008e94 <__sinit+0x30>)
10008e8c:	e8bd 4010 	ldmia.w	sp!, {r4, lr}
10008e90:	f000 bb1e 	b.w	100094d0 <__retarget_lock_release_recursive>
10008e94:	2000206c 	.word	0x2000206c
10008e98:	200021dc 	.word	0x200021dc
10008e9c:	10008d35 	.word	0x10008d35

10008ea0 <__sfp_lock_acquire>:
10008ea0:	4801      	ldr	r0, [pc, #4]	@ (10008ea8 <__sfp_lock_acquire+0x8>)
10008ea2:	f000 bb13 	b.w	100094cc <__retarget_lock_acquire_recursive>
10008ea6:	bf00      	nop
10008ea8:	2000206c 	.word	0x2000206c

10008eac <__sfp_lock_release>:
10008eac:	4801      	ldr	r0, [pc, #4]	@ (10008eb4 <__sfp_lock_release+0x8>)
10008eae:	f000 bb0f 	b.w	100094d0 <__retarget_lock_release_recursive>
10008eb2:	bf00      	nop
10008eb4:	2000206c 	.word	0x2000206c

10008eb8 <memcmp>:
10008eb8:	2a03      	cmp	r2, #3
10008eba:	d810      	bhi.n	10008ede <memcmp+0x26>
10008ebc:	b3d2      	cbz	r2, 10008f34 <memcmp+0x7c>
10008ebe:	3a01      	subs	r2, #1
10008ec0:	1e43      	subs	r3, r0, #1
10008ec2:	3901      	subs	r1, #1
10008ec4:	4402      	add	r2, r0
10008ec6:	e001      	b.n	10008ecc <memcmp+0x14>
10008ec8:	429a      	cmp	r2, r3
10008eca:	d033      	beq.n	10008f34 <memcmp+0x7c>
10008ecc:	f813 0f01 	ldrb.w	r0, [r3, #1]!
10008ed0:	f811 cf01 	ldrb.w	ip, [r1, #1]!
10008ed4:	4560      	cmp	r0, ip
10008ed6:	d0f7      	beq.n	10008ec8 <memcmp+0x10>
10008ed8:	eba0 000c 	sub.w	r0, r0, ip
10008edc:	4770      	bx	lr
10008ede:	b510      	push	{r4, lr}
10008ee0:	ea41 0400 	orr.w	r4, r1, r0
10008ee4:	4684      	mov	ip, r0
10008ee6:	460b      	mov	r3, r1
10008ee8:	07a4      	lsls	r4, r4, #30
10008eea:	d00f      	beq.n	10008f0c <memcmp+0x54>
10008eec:	3a01      	subs	r2, #1
10008eee:	1e43      	subs	r3, r0, #1
10008ef0:	3901      	subs	r1, #1
10008ef2:	4402      	add	r2, r0
10008ef4:	e001      	b.n	10008efa <memcmp+0x42>
10008ef6:	429a      	cmp	r2, r3
10008ef8:	d01a      	beq.n	10008f30 <memcmp+0x78>
10008efa:	f813 0f01 	ldrb.w	r0, [r3, #1]!
10008efe:	f811 cf01 	ldrb.w	ip, [r1, #1]!
10008f02:	4560      	cmp	r0, ip
10008f04:	d0f7      	beq.n	10008ef6 <memcmp+0x3e>
10008f06:	eba0 000c 	sub.w	r0, r0, ip
10008f0a:	bd10      	pop	{r4, pc}
10008f0c:	f8dc 4000 	ldr.w	r4, [ip]
10008f10:	4619      	mov	r1, r3
10008f12:	f8d3 e000 	ldr.w	lr, [r3]
10008f16:	4660      	mov	r0, ip
10008f18:	3304      	adds	r3, #4
10008f1a:	f10c 0c04 	add.w	ip, ip, #4
10008f1e:	4574      	cmp	r4, lr
10008f20:	d1e4      	bne.n	10008eec <memcmp+0x34>
10008f22:	3a04      	subs	r2, #4
10008f24:	2a03      	cmp	r2, #3
10008f26:	d8f1      	bhi.n	10008f0c <memcmp+0x54>
10008f28:	4660      	mov	r0, ip
10008f2a:	4619      	mov	r1, r3
10008f2c:	2a00      	cmp	r2, #0
10008f2e:	d1dd      	bne.n	10008eec <memcmp+0x34>
10008f30:	2000      	movs	r0, #0
10008f32:	bd10      	pop	{r4, pc}
10008f34:	2000      	movs	r0, #0
10008f36:	4770      	bx	lr

10008f38 <memset>:
10008f38:	b530      	push	{r4, r5, lr}
10008f3a:	0784      	lsls	r4, r0, #30
10008f3c:	4686      	mov	lr, r0
10008f3e:	4603      	mov	r3, r0
10008f40:	d006      	beq.n	10008f50 <memset+0x18>
10008f42:	b3a2      	cbz	r2, 10008fae <memset+0x76>
10008f44:	f803 1b01 	strb.w	r1, [r3], #1
10008f48:	0798      	lsls	r0, r3, #30
10008f4a:	f102 32ff 	add.w	r2, r2, #4294967295	@ 0xffffffff
10008f4e:	d1f8      	bne.n	10008f42 <memset+0xa>
10008f50:	2a03      	cmp	r2, #3
10008f52:	d926      	bls.n	10008fa2 <memset+0x6a>
10008f54:	fa5f fc81 	uxtb.w	ip, r1
10008f58:	2a0f      	cmp	r2, #15
10008f5a:	eb0c 2c0c 	add.w	ip, ip, ip, lsl #8
10008f5e:	eb0c 400c 	add.w	r0, ip, ip, lsl #16
10008f62:	d92a      	bls.n	10008fba <memset+0x82>
10008f64:	f022 0c0f 	bic.w	ip, r2, #15
10008f68:	449c      	add	ip, r3
10008f6a:	e9c3 0000 	strd	r0, r0, [r3]
10008f6e:	e9c3 0002 	strd	r0, r0, [r3, #8]
10008f72:	3310      	adds	r3, #16
10008f74:	4563      	cmp	r3, ip
10008f76:	d1f8      	bne.n	10008f6a <memset+0x32>
10008f78:	f012 0f0c 	tst.w	r2, #12
10008f7c:	f002 050f 	and.w	r5, r2, #15
10008f80:	d017      	beq.n	10008fb2 <memset+0x7a>
10008f82:	ea4f 0c95 	mov.w	ip, r5, lsr #2
10008f86:	461a      	mov	r2, r3
10008f88:	f10c 34ff 	add.w	r4, ip, #4294967295	@ 0xffffffff
10008f8c:	eb03 0c8c 	add.w	ip, r3, ip, lsl #2
10008f90:	f842 0b04 	str.w	r0, [r2], #4
10008f94:	4562      	cmp	r2, ip
10008f96:	d1fb      	bne.n	10008f90 <memset+0x58>
10008f98:	3304      	adds	r3, #4
10008f9a:	f005 0203 	and.w	r2, r5, #3
10008f9e:	eb03 0384 	add.w	r3, r3, r4, lsl #2
10008fa2:	b122      	cbz	r2, 10008fae <memset+0x76>
10008fa4:	441a      	add	r2, r3
10008fa6:	f803 1b01 	strb.w	r1, [r3], #1
10008faa:	429a      	cmp	r2, r3
10008fac:	d1fb      	bne.n	10008fa6 <memset+0x6e>
10008fae:	4670      	mov	r0, lr
10008fb0:	bd30      	pop	{r4, r5, pc}
10008fb2:	462a      	mov	r2, r5
10008fb4:	2a00      	cmp	r2, #0
10008fb6:	d1f5      	bne.n	10008fa4 <memset+0x6c>
10008fb8:	e7f9      	b.n	10008fae <memset+0x76>
10008fba:	4615      	mov	r5, r2
10008fbc:	e7e1      	b.n	10008f82 <memset+0x4a>
10008fbe:	bf00      	nop

10008fc0 <strncmp>:
10008fc0:	b382      	cbz	r2, 10009024 <strncmp+0x64>
10008fc2:	ea40 0301 	orr.w	r3, r0, r1
10008fc6:	079b      	lsls	r3, r3, #30
10008fc8:	b530      	push	{r4, r5, lr}
10008fca:	4604      	mov	r4, r0
10008fcc:	468e      	mov	lr, r1
10008fce:	d117      	bne.n	10009000 <strncmp+0x40>
10008fd0:	2a03      	cmp	r2, #3
10008fd2:	d807      	bhi.n	10008fe4 <strncmp+0x24>
10008fd4:	e014      	b.n	10009000 <strncmp+0x40>
10008fd6:	3a04      	subs	r2, #4
10008fd8:	d022      	beq.n	10009020 <strncmp+0x60>
10008fda:	f01c 3f80 	tst.w	ip, #2155905152	@ 0x80808080
10008fde:	d11f      	bne.n	10009020 <strncmp+0x60>
10008fe0:	2a03      	cmp	r2, #3
10008fe2:	d923      	bls.n	1000902c <strncmp+0x6c>
10008fe4:	6823      	ldr	r3, [r4, #0]
10008fe6:	4671      	mov	r1, lr
10008fe8:	f8de 5000 	ldr.w	r5, [lr]
10008fec:	4620      	mov	r0, r4
10008fee:	f1a3 3c01 	sub.w	ip, r3, #16843009	@ 0x1010101
10008ff2:	3404      	adds	r4, #4
10008ff4:	42ab      	cmp	r3, r5
10008ff6:	f10e 0e04 	add.w	lr, lr, #4
10008ffa:	ea2c 0c03 	bic.w	ip, ip, r3
10008ffe:	d0ea      	beq.n	10008fd6 <strncmp+0x16>
10009000:	7803      	ldrb	r3, [r0, #0]
10009002:	780c      	ldrb	r4, [r1, #0]
10009004:	42a3      	cmp	r3, r4
10009006:	d10f      	bne.n	10009028 <strncmp+0x68>
10009008:	3a01      	subs	r2, #1
1000900a:	4402      	add	r2, r0
1000900c:	e006      	b.n	1000901c <strncmp+0x5c>
1000900e:	b13b      	cbz	r3, 10009020 <strncmp+0x60>
10009010:	f810 3f01 	ldrb.w	r3, [r0, #1]!
10009014:	f811 4f01 	ldrb.w	r4, [r1, #1]!
10009018:	42a3      	cmp	r3, r4
1000901a:	d105      	bne.n	10009028 <strncmp+0x68>
1000901c:	4290      	cmp	r0, r2
1000901e:	d1f6      	bne.n	1000900e <strncmp+0x4e>
10009020:	2000      	movs	r0, #0
10009022:	bd30      	pop	{r4, r5, pc}
10009024:	4610      	mov	r0, r2
10009026:	4770      	bx	lr
10009028:	1b18      	subs	r0, r3, r4
1000902a:	bd30      	pop	{r4, r5, pc}
1000902c:	4620      	mov	r0, r4
1000902e:	4671      	mov	r1, lr
10009030:	e7e6      	b.n	10009000 <strncmp+0x40>
10009032:	bf00      	nop

10009034 <critical_factorization>:
10009034:	2901      	cmp	r1, #1
10009036:	e92d 41f0 	stmdb	sp!, {r4, r5, r6, r7, r8, lr}
1000903a:	4615      	mov	r5, r2
1000903c:	d95d      	bls.n	100090fa <critical_factorization+0xc6>
1000903e:	f04f 0801 	mov.w	r8, #1
10009042:	2200      	movs	r2, #0
10009044:	f04f 34ff 	mov.w	r4, #4294967295	@ 0xffffffff
10009048:	46c6      	mov	lr, r8
1000904a:	4643      	mov	r3, r8
1000904c:	e008      	b.n	10009060 <critical_factorization+0x2c>
1000904e:	eba3 0804 	sub.w	r8, r3, r4
10009052:	461a      	mov	r2, r3
10009054:	f04f 0e01 	mov.w	lr, #1
10009058:	eb02 030e 	add.w	r3, r2, lr
1000905c:	4299      	cmp	r1, r3
1000905e:	d910      	bls.n	10009082 <critical_factorization+0x4e>
10009060:	eb00 0c04 	add.w	ip, r0, r4
10009064:	5cc7      	ldrb	r7, [r0, r3]
10009066:	f81c 600e 	ldrb.w	r6, [ip, lr]
1000906a:	42b7      	cmp	r7, r6
1000906c:	d3ef      	bcc.n	1000904e <critical_factorization+0x1a>
1000906e:	d032      	beq.n	100090d6 <critical_factorization+0xa2>
10009070:	f04f 0801 	mov.w	r8, #1
10009074:	4614      	mov	r4, r2
10009076:	46c6      	mov	lr, r8
10009078:	4442      	add	r2, r8
1000907a:	eb02 030e 	add.w	r3, r2, lr
1000907e:	4299      	cmp	r1, r3
10009080:	d8ee      	bhi.n	10009060 <critical_factorization+0x2c>
10009082:	2701      	movs	r7, #1
10009084:	2200      	movs	r2, #0
10009086:	f04f 36ff 	mov.w	r6, #4294967295	@ 0xffffffff
1000908a:	f8c5 8000 	str.w	r8, [r5]
1000908e:	46be      	mov	lr, r7
10009090:	463b      	mov	r3, r7
10009092:	e007      	b.n	100090a4 <critical_factorization+0x70>
10009094:	1b9f      	subs	r7, r3, r6
10009096:	461a      	mov	r2, r3
10009098:	f04f 0e01 	mov.w	lr, #1
1000909c:	eb02 030e 	add.w	r3, r2, lr
100090a0:	4299      	cmp	r1, r3
100090a2:	d910      	bls.n	100090c6 <critical_factorization+0x92>
100090a4:	eb00 0c06 	add.w	ip, r0, r6
100090a8:	f810 8003 	ldrb.w	r8, [r0, r3]
100090ac:	f81c c00e 	ldrb.w	ip, [ip, lr]
100090b0:	45e0      	cmp	r8, ip
100090b2:	d8ef      	bhi.n	10009094 <critical_factorization+0x60>
100090b4:	d014      	beq.n	100090e0 <critical_factorization+0xac>
100090b6:	2701      	movs	r7, #1
100090b8:	4616      	mov	r6, r2
100090ba:	46be      	mov	lr, r7
100090bc:	443a      	add	r2, r7
100090be:	eb02 030e 	add.w	r3, r2, lr
100090c2:	4299      	cmp	r1, r3
100090c4:	d8ee      	bhi.n	100090a4 <critical_factorization+0x70>
100090c6:	3601      	adds	r6, #1
100090c8:	1c60      	adds	r0, r4, #1
100090ca:	4286      	cmp	r6, r0
100090cc:	d301      	bcc.n	100090d2 <critical_factorization+0x9e>
100090ce:	4630      	mov	r0, r6
100090d0:	602f      	str	r7, [r5, #0]
100090d2:	e8bd 81f0 	ldmia.w	sp!, {r4, r5, r6, r7, r8, pc}
100090d6:	45c6      	cmp	lr, r8
100090d8:	d007      	beq.n	100090ea <critical_factorization+0xb6>
100090da:	f10e 0e01 	add.w	lr, lr, #1
100090de:	e7bb      	b.n	10009058 <critical_factorization+0x24>
100090e0:	45be      	cmp	lr, r7
100090e2:	d006      	beq.n	100090f2 <critical_factorization+0xbe>
100090e4:	f10e 0e01 	add.w	lr, lr, #1
100090e8:	e7d8      	b.n	1000909c <critical_factorization+0x68>
100090ea:	4472      	add	r2, lr
100090ec:	f04f 0e01 	mov.w	lr, #1
100090f0:	e7b2      	b.n	10009058 <critical_factorization+0x24>
100090f2:	4472      	add	r2, lr
100090f4:	f04f 0e01 	mov.w	lr, #1
100090f8:	e7d0      	b.n	1000909c <critical_factorization+0x68>
100090fa:	2701      	movs	r7, #1
100090fc:	2600      	movs	r6, #0
100090fe:	e7e6      	b.n	100090ce <critical_factorization+0x9a>

10009100 <two_way_long_needle>:
10009100:	e92d 4ff0 	stmdb	sp!, {r4, r5, r6, r7, r8, r9, sl, fp, lr}
10009104:	4693      	mov	fp, r2
10009106:	f2ad 4d1c 	subw	sp, sp, #1052	@ 0x41c
1000910a:	4607      	mov	r7, r0
1000910c:	4689      	mov	r9, r1
1000910e:	aa05      	add	r2, sp, #20
10009110:	4619      	mov	r1, r3
10009112:	4658      	mov	r0, fp
10009114:	461c      	mov	r4, r3
10009116:	f7ff ff8d 	bl	10009034 <critical_factorization>
1000911a:	ab05      	add	r3, sp, #20
1000911c:	4682      	mov	sl, r0
1000911e:	f20d 4114 	addw	r1, sp, #1044	@ 0x414
10009122:	f843 4f04 	str.w	r4, [r3, #4]!
10009126:	428b      	cmp	r3, r1
10009128:	d1fb      	bne.n	10009122 <two_way_long_needle+0x22>
1000912a:	b174      	cbz	r4, 1000914a <two_way_long_needle+0x4a>
1000912c:	1e60      	subs	r0, r4, #1
1000912e:	f10b 32ff 	add.w	r2, fp, #4294967295	@ 0xffffffff
10009132:	4458      	add	r0, fp
10009134:	f812 1f01 	ldrb.w	r1, [r2, #1]!
10009138:	ae06      	add	r6, sp, #24
1000913a:	1aa3      	subs	r3, r4, r2
1000913c:	4282      	cmp	r2, r0
1000913e:	f103 33ff 	add.w	r3, r3, #4294967295	@ 0xffffffff
10009142:	445b      	add	r3, fp
10009144:	f846 3021 	str.w	r3, [r6, r1, lsl #2]
10009148:	d1f4      	bne.n	10009134 <two_way_long_needle+0x34>
1000914a:	9b05      	ldr	r3, [sp, #20]
1000914c:	4652      	mov	r2, sl
1000914e:	4658      	mov	r0, fp
10009150:	eb0b 0103 	add.w	r1, fp, r3
10009154:	9302      	str	r3, [sp, #8]
10009156:	f7ff feaf 	bl	10008eb8 <memcmp>
1000915a:	2800      	cmp	r0, #0
1000915c:	d177      	bne.n	1000924e <two_way_long_needle+0x14e>
1000915e:	f444 6300 	orr.w	r3, r4, #2048	@ 0x800
10009162:	4680      	mov	r8, r0
10009164:	eba9 0104 	sub.w	r1, r9, r4
10009168:	1e66      	subs	r6, r4, #1
1000916a:	4605      	mov	r5, r0
1000916c:	9303      	str	r3, [sp, #12]
1000916e:	42a9      	cmp	r1, r5
10009170:	d313      	bcc.n	1000919a <two_way_long_needle+0x9a>
10009172:	eb07 0e05 	add.w	lr, r7, r5
10009176:	aa06      	add	r2, sp, #24
10009178:	f81e 3006 	ldrb.w	r3, [lr, r6]
1000917c:	f852 3023 	ldr.w	r3, [r2, r3, lsl #2]
10009180:	b1d3      	cbz	r3, 100091b8 <two_way_long_needle+0xb8>
10009182:	f1b8 0f00 	cmp.w	r8, #0
10009186:	d003      	beq.n	10009190 <two_way_long_needle+0x90>
10009188:	9a02      	ldr	r2, [sp, #8]
1000918a:	429a      	cmp	r2, r3
1000918c:	bf88      	it	hi
1000918e:	1aa3      	subhi	r3, r4, r2
10009190:	441d      	add	r5, r3
10009192:	f04f 0800 	mov.w	r8, #0
10009196:	42a9      	cmp	r1, r5
10009198:	d2eb      	bcs.n	10009172 <two_way_long_needle+0x72>
1000919a:	9903      	ldr	r1, [sp, #12]
1000919c:	eb07 0009 	add.w	r0, r7, r9
100091a0:	f001 fe7e 	bl	1000aea0 <strnlen>
100091a4:	4481      	add	r9, r0
100091a6:	eba9 0104 	sub.w	r1, r9, r4
100091aa:	42a9      	cmp	r1, r5
100091ac:	d2e1      	bcs.n	10009172 <two_way_long_needle+0x72>
100091ae:	2000      	movs	r0, #0
100091b0:	f20d 4d1c 	addw	sp, sp, #1052	@ 0x41c
100091b4:	e8bd 8ff0 	ldmia.w	sp!, {r4, r5, r6, r7, r8, r9, sl, fp, pc}
100091b8:	45d0      	cmp	r8, sl
100091ba:	4643      	mov	r3, r8
100091bc:	bf38      	it	cc
100091be:	4653      	movcc	r3, sl
100091c0:	42b3      	cmp	r3, r6
100091c2:	d21a      	bcs.n	100091fa <two_way_long_needle+0xfa>
100091c4:	f10b 30ff 	add.w	r0, fp, #4294967295	@ 0xffffffff
100091c8:	eb0e 0203 	add.w	r2, lr, r3
100091cc:	9501      	str	r5, [sp, #4]
100091ce:	4418      	add	r0, r3
100091d0:	e002      	b.n	100091d8 <two_way_long_needle+0xd8>
100091d2:	3301      	adds	r3, #1
100091d4:	42b3      	cmp	r3, r6
100091d6:	d00f      	beq.n	100091f8 <two_way_long_needle+0xf8>
100091d8:	7815      	ldrb	r5, [r2, #0]
100091da:	3201      	adds	r2, #1
100091dc:	f810 cf01 	ldrb.w	ip, [r0, #1]!
100091e0:	45ac      	cmp	ip, r5
100091e2:	d0f6      	beq.n	100091d2 <two_way_long_needle+0xd2>
100091e4:	429e      	cmp	r6, r3
100091e6:	9d01      	ldr	r5, [sp, #4]
100091e8:	d907      	bls.n	100091fa <two_way_long_needle+0xfa>
100091ea:	f1ca 0201 	rsb	r2, sl, #1
100091ee:	f04f 0800 	mov.w	r8, #0
100091f2:	442a      	add	r2, r5
100091f4:	18d5      	adds	r5, r2, r3
100091f6:	e7ba      	b.n	1000916e <two_way_long_needle+0x6e>
100091f8:	9d01      	ldr	r5, [sp, #4]
100091fa:	45d0      	cmp	r8, sl
100091fc:	f080 8087 	bcs.w	1000930e <two_way_long_needle+0x20e>
10009200:	eb07 020a 	add.w	r2, r7, sl
10009204:	f10a 33ff 	add.w	r3, sl, #4294967295	@ 0xffffffff
10009208:	eb0b 000a 	add.w	r0, fp, sl
1000920c:	9501      	str	r5, [sp, #4]
1000920e:	442a      	add	r2, r5
10009210:	e002      	b.n	10009218 <two_way_long_needle+0x118>
10009212:	4598      	cmp	r8, r3
10009214:	d011      	beq.n	1000923a <two_way_long_needle+0x13a>
10009216:	3b01      	subs	r3, #1
10009218:	f810 cd01 	ldrb.w	ip, [r0, #-1]!
1000921c:	f812 5d01 	ldrb.w	r5, [r2, #-1]!
10009220:	45ac      	cmp	ip, r5
10009222:	d0f6      	beq.n	10009212 <two_way_long_needle+0x112>
10009224:	9d01      	ldr	r5, [sp, #4]
10009226:	3301      	adds	r3, #1
10009228:	f108 0801 	add.w	r8, r8, #1
1000922c:	4598      	cmp	r8, r3
1000922e:	d809      	bhi.n	10009244 <two_way_long_needle+0x144>
10009230:	9b02      	ldr	r3, [sp, #8]
10009232:	441d      	add	r5, r3
10009234:	eba4 0803 	sub.w	r8, r4, r3
10009238:	e799      	b.n	1000916e <two_way_long_needle+0x6e>
1000923a:	f108 0801 	add.w	r8, r8, #1
1000923e:	9d01      	ldr	r5, [sp, #4]
10009240:	4598      	cmp	r8, r3
10009242:	d9f5      	bls.n	10009230 <two_way_long_needle+0x130>
10009244:	4670      	mov	r0, lr
10009246:	f20d 4d1c 	addw	sp, sp, #1052	@ 0x41c
1000924a:	e8bd 8ff0 	ldmia.w	sp!, {r4, r5, r6, r7, r8, r9, sl, fp, pc}
1000924e:	eba4 030a 	sub.w	r3, r4, sl
10009252:	1e66      	subs	r6, r4, #1
10009254:	2500      	movs	r5, #0
10009256:	eba9 0104 	sub.w	r1, r9, r4
1000925a:	4553      	cmp	r3, sl
1000925c:	eb07 0806 	add.w	r8, r7, r6
10009260:	bf38      	it	cc
10009262:	4653      	movcc	r3, sl
10009264:	3301      	adds	r3, #1
10009266:	9302      	str	r3, [sp, #8]
10009268:	f444 6300 	orr.w	r3, r4, #2048	@ 0x800
1000926c:	9301      	str	r3, [sp, #4]
1000926e:	42a9      	cmp	r1, r5
10009270:	d308      	bcc.n	10009284 <two_way_long_needle+0x184>
10009272:	ab06      	add	r3, sp, #24
10009274:	f818 2005 	ldrb.w	r2, [r8, r5]
10009278:	f853 3022 	ldr.w	r3, [r3, r2, lsl #2]
1000927c:	b19b      	cbz	r3, 100092a6 <two_way_long_needle+0x1a6>
1000927e:	441d      	add	r5, r3
10009280:	42a9      	cmp	r1, r5
10009282:	d2f6      	bcs.n	10009272 <two_way_long_needle+0x172>
10009284:	9901      	ldr	r1, [sp, #4]
10009286:	eb07 0009 	add.w	r0, r7, r9
1000928a:	f001 fe09 	bl	1000aea0 <strnlen>
1000928e:	4481      	add	r9, r0
10009290:	eba9 0104 	sub.w	r1, r9, r4
10009294:	42a9      	cmp	r1, r5
10009296:	d38a      	bcc.n	100091ae <two_way_long_needle+0xae>
10009298:	ab06      	add	r3, sp, #24
1000929a:	f818 2005 	ldrb.w	r2, [r8, r5]
1000929e:	f853 3022 	ldr.w	r3, [r3, r2, lsl #2]
100092a2:	2b00      	cmp	r3, #0
100092a4:	d1eb      	bne.n	1000927e <two_way_long_needle+0x17e>
100092a6:	4556      	cmp	r6, sl
100092a8:	d918      	bls.n	100092dc <two_way_long_needle+0x1dc>
100092aa:	f10b 30ff 	add.w	r0, fp, #4294967295	@ 0xffffffff
100092ae:	eb07 030a 	add.w	r3, r7, sl
100092b2:	4652      	mov	r2, sl
100092b4:	4450      	add	r0, sl
100092b6:	442b      	add	r3, r5
100092b8:	e002      	b.n	100092c0 <two_way_long_needle+0x1c0>
100092ba:	3201      	adds	r2, #1
100092bc:	4296      	cmp	r6, r2
100092be:	d00d      	beq.n	100092dc <two_way_long_needle+0x1dc>
100092c0:	f893 c000 	ldrb.w	ip, [r3]
100092c4:	3301      	adds	r3, #1
100092c6:	f810 ef01 	ldrb.w	lr, [r0, #1]!
100092ca:	45e6      	cmp	lr, ip
100092cc:	d0f5      	beq.n	100092ba <two_way_long_needle+0x1ba>
100092ce:	4296      	cmp	r6, r2
100092d0:	d904      	bls.n	100092dc <two_way_long_needle+0x1dc>
100092d2:	f1ca 0301 	rsb	r3, sl, #1
100092d6:	442b      	add	r3, r5
100092d8:	189d      	adds	r5, r3, r2
100092da:	e7c8      	b.n	1000926e <two_way_long_needle+0x16e>
100092dc:	f1ba 0f00 	cmp.w	sl, #0
100092e0:	d010      	beq.n	10009304 <two_way_long_needle+0x204>
100092e2:	eb07 000a 	add.w	r0, r7, sl
100092e6:	eb0b 020a 	add.w	r2, fp, sl
100092ea:	4428      	add	r0, r5
100092ec:	e001      	b.n	100092f2 <two_way_long_needle+0x1f2>
100092ee:	455a      	cmp	r2, fp
100092f0:	d008      	beq.n	10009304 <two_way_long_needle+0x204>
100092f2:	f810 cd01 	ldrb.w	ip, [r0, #-1]!
100092f6:	f812 ed01 	ldrb.w	lr, [r2, #-1]!
100092fa:	45e6      	cmp	lr, ip
100092fc:	d0f7      	beq.n	100092ee <two_way_long_needle+0x1ee>
100092fe:	9b02      	ldr	r3, [sp, #8]
10009300:	441d      	add	r5, r3
10009302:	e7bd      	b.n	10009280 <two_way_long_needle+0x180>
10009304:	1978      	adds	r0, r7, r5
10009306:	f20d 4d1c 	addw	sp, sp, #1052	@ 0x41c
1000930a:	e8bd 8ff0 	ldmia.w	sp!, {r4, r5, r6, r7, r8, r9, sl, fp, pc}
1000930e:	4653      	mov	r3, sl
10009310:	e78a      	b.n	10009228 <two_way_long_needle+0x128>
10009312:	bf00      	nop

10009314 <strstr>:
10009314:	e92d 41f0 	stmdb	sp!, {r4, r5, r6, r7, r8, lr}
10009318:	780d      	ldrb	r5, [r1, #0]
1000931a:	b090      	sub	sp, #64	@ 0x40
1000931c:	4604      	mov	r4, r0
1000931e:	2d00      	cmp	r5, #0
10009320:	d049      	beq.n	100093b6 <strstr+0xa2>
10009322:	784a      	ldrb	r2, [r1, #1]
10009324:	2a00      	cmp	r2, #0
10009326:	d06a      	beq.n	100093fe <strstr+0xea>
10009328:	788b      	ldrb	r3, [r1, #2]
1000932a:	2b00      	cmp	r3, #0
1000932c:	d047      	beq.n	100093be <strstr+0xaa>
1000932e:	78c8      	ldrb	r0, [r1, #3]
10009330:	2800      	cmp	r0, #0
10009332:	d079      	beq.n	10009428 <strstr+0x114>
10009334:	790b      	ldrb	r3, [r1, #4]
10009336:	2b00      	cmp	r3, #0
10009338:	d067      	beq.n	1000940a <strstr+0xf6>
1000933a:	4608      	mov	r0, r1
1000933c:	460e      	mov	r6, r1
1000933e:	f000 f93f 	bl	100095c0 <strlen>
10009342:	4605      	mov	r5, r0
10009344:	4620      	mov	r0, r4
10009346:	f445 7100 	orr.w	r1, r5, #512	@ 0x200
1000934a:	f001 fda9 	bl	1000aea0 <strnlen>
1000934e:	4285      	cmp	r5, r0
10009350:	d844      	bhi.n	100093dc <strstr+0xc8>
10009352:	2dfe      	cmp	r5, #254	@ 0xfe
10009354:	f200 8086 	bhi.w	10009464 <strstr+0x150>
10009358:	1b40      	subs	r0, r0, r5
1000935a:	2240      	movs	r2, #64	@ 0x40
1000935c:	1c69      	adds	r1, r5, #1
1000935e:	1827      	adds	r7, r4, r0
10009360:	4668      	mov	r0, sp
10009362:	f7ff fde9 	bl	10008f38 <memset>
10009366:	b15d      	cbz	r5, 10009380 <strstr+0x6c>
10009368:	1e72      	subs	r2, r6, #1
1000936a:	18a8      	adds	r0, r5, r2
1000936c:	f812 3f01 	ldrb.w	r3, [r2, #1]!
10009370:	f003 033f 	and.w	r3, r3, #63	@ 0x3f
10009374:	1ab1      	subs	r1, r6, r2
10009376:	4290      	cmp	r0, r2
10009378:	446b      	add	r3, sp
1000937a:	4429      	add	r1, r5
1000937c:	7019      	strb	r1, [r3, #0]
1000937e:	d1f5      	bne.n	1000936c <strstr+0x58>
10009380:	3c01      	subs	r4, #1
10009382:	5d63      	ldrb	r3, [r4, r5]
10009384:	f003 033f 	and.w	r3, r3, #63	@ 0x3f
10009388:	446b      	add	r3, sp
1000938a:	781b      	ldrb	r3, [r3, #0]
1000938c:	441c      	add	r4, r3
1000938e:	42a7      	cmp	r7, r4
10009390:	d203      	bcs.n	1000939a <strstr+0x86>
10009392:	e028      	b.n	100093e6 <strstr+0xd2>
10009394:	4444      	add	r4, r8
10009396:	42a7      	cmp	r7, r4
10009398:	d325      	bcc.n	100093e6 <strstr+0xd2>
1000939a:	f814 c005 	ldrb.w	ip, [r4, r5]
1000939e:	462a      	mov	r2, r5
100093a0:	4631      	mov	r1, r6
100093a2:	4620      	mov	r0, r4
100093a4:	f00c 0c3f 	and.w	ip, ip, #63	@ 0x3f
100093a8:	44ec      	add	ip, sp
100093aa:	f89c 8000 	ldrb.w	r8, [ip]
100093ae:	f7ff fd83 	bl	10008eb8 <memcmp>
100093b2:	2800      	cmp	r0, #0
100093b4:	d1ee      	bne.n	10009394 <strstr+0x80>
100093b6:	4620      	mov	r0, r4
100093b8:	b010      	add	sp, #64	@ 0x40
100093ba:	e8bd 81f0 	ldmia.w	sp!, {r4, r5, r6, r7, r8, pc}
100093be:	7800      	ldrb	r0, [r0, #0]
100093c0:	b160      	cbz	r0, 100093dc <strstr+0xc8>
100093c2:	ea42 4205 	orr.w	r2, r2, r5, lsl #16
100093c6:	ea40 4303 	orr.w	r3, r0, r3, lsl #16
100093ca:	4621      	mov	r1, r4
100093cc:	f814 0f01 	ldrb.w	r0, [r4, #1]!
100093d0:	429a      	cmp	r2, r3
100093d2:	d042      	beq.n	1000945a <strstr+0x146>
100093d4:	2800      	cmp	r0, #0
100093d6:	d1f6      	bne.n	100093c6 <strstr+0xb2>
100093d8:	429a      	cmp	r2, r3
100093da:	d03e      	beq.n	1000945a <strstr+0x146>
100093dc:	2400      	movs	r4, #0
100093de:	4620      	mov	r0, r4
100093e0:	b010      	add	sp, #64	@ 0x40
100093e2:	e8bd 81f0 	ldmia.w	sp!, {r4, r5, r6, r7, r8, pc}
100093e6:	5d7b      	ldrb	r3, [r7, r5]
100093e8:	1978      	adds	r0, r7, r5
100093ea:	2b00      	cmp	r3, #0
100093ec:	d0f6      	beq.n	100093dc <strstr+0xc8>
100093ee:	f44f 6100 	mov.w	r1, #2048	@ 0x800
100093f2:	f001 fd55 	bl	1000aea0 <strnlen>
100093f6:	4407      	add	r7, r0
100093f8:	42a7      	cmp	r7, r4
100093fa:	d2c1      	bcs.n	10009380 <strstr+0x6c>
100093fc:	e7ee      	b.n	100093dc <strstr+0xc8>
100093fe:	4629      	mov	r1, r5
10009400:	b010      	add	sp, #64	@ 0x40
10009402:	e8bd 41f0 	ldmia.w	sp!, {r4, r5, r6, r7, r8, lr}
10009406:	f001 bce3 	b.w	1000add0 <strchr>
1000940a:	7822      	ldrb	r2, [r4, #0]
1000940c:	2a00      	cmp	r2, #0
1000940e:	d0e5      	beq.n	100093dc <strstr+0xc8>
10009410:	6809      	ldr	r1, [r1, #0]
10009412:	ba09      	rev	r1, r1
10009414:	ea42 2303 	orr.w	r3, r2, r3, lsl #8
10009418:	4620      	mov	r0, r4
1000941a:	f814 2f01 	ldrb.w	r2, [r4, #1]!
1000941e:	b1f2      	cbz	r2, 1000945e <strstr+0x14a>
10009420:	4299      	cmp	r1, r3
10009422:	d1f7      	bne.n	10009414 <strstr+0x100>
10009424:	1ec4      	subs	r4, r0, #3
10009426:	e7c6      	b.n	100093b6 <strstr+0xa2>
10009428:	7826      	ldrb	r6, [r4, #0]
1000942a:	2e00      	cmp	r6, #0
1000942c:	d0d6      	beq.n	100093dc <strstr+0xc8>
1000942e:	0412      	lsls	r2, r2, #16
10009430:	4601      	mov	r1, r0
10009432:	ea42 6205 	orr.w	r2, r2, r5, lsl #24
10009436:	ea42 2303 	orr.w	r3, r2, r3, lsl #8
1000943a:	e000      	b.n	1000943e <strstr+0x12a>
1000943c:	b14e      	cbz	r6, 10009452 <strstr+0x13e>
1000943e:	ea46 0201 	orr.w	r2, r6, r1
10009442:	4620      	mov	r0, r4
10009444:	f814 6f01 	ldrb.w	r6, [r4, #1]!
10009448:	ebb3 2f02 	cmp.w	r3, r2, lsl #8
1000944c:	ea4f 2102 	mov.w	r1, r2, lsl #8
10009450:	d1f4      	bne.n	1000943c <strstr+0x128>
10009452:	428b      	cmp	r3, r1
10009454:	d1c2      	bne.n	100093dc <strstr+0xc8>
10009456:	1e84      	subs	r4, r0, #2
10009458:	e7ad      	b.n	100093b6 <strstr+0xa2>
1000945a:	1e4c      	subs	r4, r1, #1
1000945c:	e7ab      	b.n	100093b6 <strstr+0xa2>
1000945e:	4299      	cmp	r1, r3
10009460:	d1bc      	bne.n	100093dc <strstr+0xc8>
10009462:	e7df      	b.n	10009424 <strstr+0x110>
10009464:	4601      	mov	r1, r0
10009466:	462b      	mov	r3, r5
10009468:	4632      	mov	r2, r6
1000946a:	4620      	mov	r0, r4
1000946c:	b010      	add	sp, #64	@ 0x40
1000946e:	e8bd 41f0 	ldmia.w	sp!, {r4, r5, r6, r7, r8, lr}
10009472:	f7ff be45 	b.w	10009100 <two_way_long_needle>
10009476:	bf00      	nop

10009478 <_sbrk_r>:
10009478:	b538      	push	{r3, r4, r5, lr}
1000947a:	2300      	movs	r3, #0
1000947c:	4c06      	ldr	r4, [pc, #24]	@ (10009498 <_sbrk_r+0x20>)
1000947e:	4605      	mov	r5, r0
10009480:	4608      	mov	r0, r1
10009482:	6023      	str	r3, [r4, #0]
10009484:	f7fa ff46 	bl	10004314 <_sbrk>
10009488:	1c43      	adds	r3, r0, #1
1000948a:	d000      	beq.n	1000948e <_sbrk_r+0x16>
1000948c:	bd38      	pop	{r3, r4, r5, pc}
1000948e:	6823      	ldr	r3, [r4, #0]
10009490:	2b00      	cmp	r3, #0
10009492:	d0fb      	beq.n	1000948c <_sbrk_r+0x14>
10009494:	602b      	str	r3, [r5, #0]
10009496:	bd38      	pop	{r3, r4, r5, pc}
10009498:	2000273c 	.word	0x2000273c

1000949c <__errno>:
1000949c:	4b01      	ldr	r3, [pc, #4]	@ (100094a4 <__errno+0x8>)
1000949e:	6818      	ldr	r0, [r3, #0]
100094a0:	4770      	bx	lr
100094a2:	bf00      	nop
100094a4:	20001be0 	.word	0x20001be0

100094a8 <sysconf>:
100094a8:	2808      	cmp	r0, #8
100094aa:	d102      	bne.n	100094b2 <sysconf+0xa>
100094ac:	f44f 5080 	mov.w	r0, #4096	@ 0x1000
100094b0:	4770      	bx	lr
100094b2:	b508      	push	{r3, lr}
100094b4:	f7ff fff2 	bl	1000949c <__errno>
100094b8:	2216      	movs	r2, #22
100094ba:	4603      	mov	r3, r0
100094bc:	f04f 30ff 	mov.w	r0, #4294967295	@ 0xffffffff
100094c0:	601a      	str	r2, [r3, #0]
100094c2:	bd08      	pop	{r3, pc}

100094c4 <__retarget_lock_init_recursive>:
100094c4:	4770      	bx	lr
100094c6:	bf00      	nop

100094c8 <__retarget_lock_close_recursive>:
100094c8:	4770      	bx	lr
100094ca:	bf00      	nop

100094cc <__retarget_lock_acquire_recursive>:
100094cc:	4770      	bx	lr
100094ce:	bf00      	nop

100094d0 <__retarget_lock_release_recursive>:
100094d0:	4770      	bx	lr
100094d2:	bf00      	nop

100094d4 <memcpy>:
100094d4:	4684      	mov	ip, r0
100094d6:	ea41 0300 	orr.w	r3, r1, r0
100094da:	f013 0303 	ands.w	r3, r3, #3
100094de:	d149      	bne.n	10009574 <memcpy+0xa0>
100094e0:	3a40      	subs	r2, #64	@ 0x40
100094e2:	d323      	bcc.n	1000952c <memcpy+0x58>
100094e4:	680b      	ldr	r3, [r1, #0]
100094e6:	6003      	str	r3, [r0, #0]
100094e8:	684b      	ldr	r3, [r1, #4]
100094ea:	6043      	str	r3, [r0, #4]
100094ec:	688b      	ldr	r3, [r1, #8]
100094ee:	6083      	str	r3, [r0, #8]
100094f0:	68cb      	ldr	r3, [r1, #12]
100094f2:	60c3      	str	r3, [r0, #12]
100094f4:	690b      	ldr	r3, [r1, #16]
100094f6:	6103      	str	r3, [r0, #16]
100094f8:	694b      	ldr	r3, [r1, #20]
100094fa:	6143      	str	r3, [r0, #20]
100094fc:	698b      	ldr	r3, [r1, #24]
100094fe:	6183      	str	r3, [r0, #24]
10009500:	69cb      	ldr	r3, [r1, #28]
10009502:	61c3      	str	r3, [r0, #28]
10009504:	6a0b      	ldr	r3, [r1, #32]
10009506:	6203      	str	r3, [r0, #32]
10009508:	6a4b      	ldr	r3, [r1, #36]	@ 0x24
1000950a:	6243      	str	r3, [r0, #36]	@ 0x24
1000950c:	6a8b      	ldr	r3, [r1, #40]	@ 0x28
1000950e:	6283      	str	r3, [r0, #40]	@ 0x28
10009510:	6acb      	ldr	r3, [r1, #44]	@ 0x2c
10009512:	62c3      	str	r3, [r0, #44]	@ 0x2c
10009514:	6b0b      	ldr	r3, [r1, #48]	@ 0x30
10009516:	6303      	str	r3, [r0, #48]	@ 0x30
10009518:	6b4b      	ldr	r3, [r1, #52]	@ 0x34
1000951a:	6343      	str	r3, [r0, #52]	@ 0x34
1000951c:	6b8b      	ldr	r3, [r1, #56]	@ 0x38
1000951e:	6383      	str	r3, [r0, #56]	@ 0x38
10009520:	6bcb      	ldr	r3, [r1, #60]	@ 0x3c
10009522:	63c3      	str	r3, [r0, #60]	@ 0x3c
10009524:	3040      	adds	r0, #64	@ 0x40
10009526:	3140      	adds	r1, #64	@ 0x40
10009528:	3a40      	subs	r2, #64	@ 0x40
1000952a:	d2db      	bcs.n	100094e4 <memcpy+0x10>
1000952c:	3230      	adds	r2, #48	@ 0x30
1000952e:	d30b      	bcc.n	10009548 <memcpy+0x74>
10009530:	680b      	ldr	r3, [r1, #0]
10009532:	6003      	str	r3, [r0, #0]
10009534:	684b      	ldr	r3, [r1, #4]
10009536:	6043      	str	r3, [r0, #4]
10009538:	688b      	ldr	r3, [r1, #8]
1000953a:	6083      	str	r3, [r0, #8]
1000953c:	68cb      	ldr	r3, [r1, #12]
1000953e:	60c3      	str	r3, [r0, #12]
10009540:	3010      	adds	r0, #16
10009542:	3110      	adds	r1, #16
10009544:	3a10      	subs	r2, #16
10009546:	d2f3      	bcs.n	10009530 <memcpy+0x5c>
10009548:	320c      	adds	r2, #12
1000954a:	d305      	bcc.n	10009558 <memcpy+0x84>
1000954c:	f851 3b04 	ldr.w	r3, [r1], #4
10009550:	f840 3b04 	str.w	r3, [r0], #4
10009554:	3a04      	subs	r2, #4
10009556:	d2f9      	bcs.n	1000954c <memcpy+0x78>
10009558:	3204      	adds	r2, #4
1000955a:	d008      	beq.n	1000956e <memcpy+0x9a>
1000955c:	07d2      	lsls	r2, r2, #31
1000955e:	bf1c      	itt	ne
10009560:	f811 3b01 	ldrbne.w	r3, [r1], #1
10009564:	f800 3b01 	strbne.w	r3, [r0], #1
10009568:	d301      	bcc.n	1000956e <memcpy+0x9a>
1000956a:	880b      	ldrh	r3, [r1, #0]
1000956c:	8003      	strh	r3, [r0, #0]
1000956e:	4660      	mov	r0, ip
10009570:	4770      	bx	lr
10009572:	bf00      	nop
10009574:	2a08      	cmp	r2, #8
10009576:	d313      	bcc.n	100095a0 <memcpy+0xcc>
10009578:	078b      	lsls	r3, r1, #30
1000957a:	d0b1      	beq.n	100094e0 <memcpy+0xc>
1000957c:	f010 0303 	ands.w	r3, r0, #3
10009580:	d0ae      	beq.n	100094e0 <memcpy+0xc>
10009582:	f1c3 0304 	rsb	r3, r3, #4
10009586:	1ad2      	subs	r2, r2, r3
10009588:	07db      	lsls	r3, r3, #31
1000958a:	bf1c      	itt	ne
1000958c:	f811 3b01 	ldrbne.w	r3, [r1], #1
10009590:	f800 3b01 	strbne.w	r3, [r0], #1
10009594:	d3a4      	bcc.n	100094e0 <memcpy+0xc>
10009596:	f831 3b02 	ldrh.w	r3, [r1], #2
1000959a:	f820 3b02 	strh.w	r3, [r0], #2
1000959e:	e79f      	b.n	100094e0 <memcpy+0xc>
100095a0:	3a04      	subs	r2, #4
100095a2:	d3d9      	bcc.n	10009558 <memcpy+0x84>
100095a4:	3a01      	subs	r2, #1
100095a6:	f811 3b01 	ldrb.w	r3, [r1], #1
100095aa:	f800 3b01 	strb.w	r3, [r0], #1
100095ae:	d2f9      	bcs.n	100095a4 <memcpy+0xd0>
100095b0:	780b      	ldrb	r3, [r1, #0]
100095b2:	7003      	strb	r3, [r0, #0]
100095b4:	784b      	ldrb	r3, [r1, #1]
100095b6:	7043      	strb	r3, [r0, #1]
100095b8:	788b      	ldrb	r3, [r1, #2]
100095ba:	7083      	strb	r3, [r0, #2]
100095bc:	4660      	mov	r0, ip
100095be:	4770      	bx	lr

100095c0 <strlen>:
100095c0:	f020 0103 	bic.w	r1, r0, #3
100095c4:	f010 0003 	ands.w	r0, r0, #3
100095c8:	f1c0 0000 	rsb	r0, r0, #0
100095cc:	f851 3b04 	ldr.w	r3, [r1], #4
100095d0:	f100 0c04 	add.w	ip, r0, #4
100095d4:	ea4f 0ccc 	mov.w	ip, ip, lsl #3
100095d8:	f06f 0200 	mvn.w	r2, #0
100095dc:	bf1c      	itt	ne
100095de:	fa22 f20c 	lsrne.w	r2, r2, ip
100095e2:	4313      	orrne	r3, r2
100095e4:	f04f 0c01 	mov.w	ip, #1
100095e8:	ea4c 2c0c 	orr.w	ip, ip, ip, lsl #8
100095ec:	ea4c 4c0c 	orr.w	ip, ip, ip, lsl #16
100095f0:	eba3 020c 	sub.w	r2, r3, ip
100095f4:	ea22 0203 	bic.w	r2, r2, r3
100095f8:	ea12 12cc 	ands.w	r2, r2, ip, lsl #7
100095fc:	bf04      	itt	eq
100095fe:	f851 3b04 	ldreq.w	r3, [r1], #4
10009602:	3004      	addeq	r0, #4
10009604:	d0f4      	beq.n	100095f0 <strlen+0x30>
10009606:	f1c2 0100 	rsb	r1, r2, #0
1000960a:	ea02 0201 	and.w	r2, r2, r1
1000960e:	fab2 f282 	clz	r2, r2
10009612:	f1c2 021f 	rsb	r2, r2, #31
10009616:	eb00 00d2 	add.w	r0, r0, r2, lsr #3
1000961a:	4770      	bx	lr

1000961c <nan>:
1000961c:	2000      	movs	r0, #0
1000961e:	4901      	ldr	r1, [pc, #4]	@ (10009624 <nan+0x8>)
10009620:	4770      	bx	lr
10009622:	bf00      	nop
10009624:	7ff80000 	.word	0x7ff80000

10009628 <_malloc_trim_r>:
10009628:	b5f8      	push	{r3, r4, r5, r6, r7, lr}
1000962a:	4606      	mov	r6, r0
1000962c:	2008      	movs	r0, #8
1000962e:	460c      	mov	r4, r1
10009630:	f7ff ff3a 	bl	100094a8 <sysconf>
10009634:	4607      	mov	r7, r0
10009636:	4630      	mov	r0, r6
10009638:	f7fe f818 	bl	1000766c <__malloc_lock>
1000963c:	4a22      	ldr	r2, [pc, #136]	@ (100096c8 <_malloc_trim_r+0xa0>)
1000963e:	6893      	ldr	r3, [r2, #8]
10009640:	685d      	ldr	r5, [r3, #4]
10009642:	f025 0503 	bic.w	r5, r5, #3
10009646:	f1a5 0311 	sub.w	r3, r5, #17
1000964a:	1b1c      	subs	r4, r3, r4
1000964c:	443c      	add	r4, r7
1000964e:	fbb4 f4f7 	udiv	r4, r4, r7
10009652:	3c01      	subs	r4, #1
10009654:	fb07 f404 	mul.w	r4, r7, r4
10009658:	42a7      	cmp	r7, r4
1000965a:	dc08      	bgt.n	1000966e <_malloc_trim_r+0x46>
1000965c:	2100      	movs	r1, #0
1000965e:	4630      	mov	r0, r6
10009660:	f7ff ff0a 	bl	10009478 <_sbrk_r>
10009664:	4a18      	ldr	r2, [pc, #96]	@ (100096c8 <_malloc_trim_r+0xa0>)
10009666:	6893      	ldr	r3, [r2, #8]
10009668:	442b      	add	r3, r5
1000966a:	4298      	cmp	r0, r3
1000966c:	d004      	beq.n	10009678 <_malloc_trim_r+0x50>
1000966e:	4630      	mov	r0, r6
10009670:	f7fe f802 	bl	10007678 <__malloc_unlock>
10009674:	2000      	movs	r0, #0
10009676:	bdf8      	pop	{r3, r4, r5, r6, r7, pc}
10009678:	4261      	negs	r1, r4
1000967a:	4630      	mov	r0, r6
1000967c:	f7ff fefc 	bl	10009478 <_sbrk_r>
10009680:	3001      	adds	r0, #1
10009682:	4a11      	ldr	r2, [pc, #68]	@ (100096c8 <_malloc_trim_r+0xa0>)
10009684:	d00d      	beq.n	100096a2 <_malloc_trim_r+0x7a>
10009686:	1b2d      	subs	r5, r5, r4
10009688:	4910      	ldr	r1, [pc, #64]	@ (100096cc <_malloc_trim_r+0xa4>)
1000968a:	6893      	ldr	r3, [r2, #8]
1000968c:	4630      	mov	r0, r6
1000968e:	f045 0501 	orr.w	r5, r5, #1
10009692:	605d      	str	r5, [r3, #4]
10009694:	680b      	ldr	r3, [r1, #0]
10009696:	1b1b      	subs	r3, r3, r4
10009698:	600b      	str	r3, [r1, #0]
1000969a:	f7fd ffed 	bl	10007678 <__malloc_unlock>
1000969e:	2001      	movs	r0, #1
100096a0:	bdf8      	pop	{r3, r4, r5, r6, r7, pc}
100096a2:	2100      	movs	r1, #0
100096a4:	4630      	mov	r0, r6
100096a6:	f7ff fee7 	bl	10009478 <_sbrk_r>
100096aa:	4a07      	ldr	r2, [pc, #28]	@ (100096c8 <_malloc_trim_r+0xa0>)
100096ac:	6892      	ldr	r2, [r2, #8]
100096ae:	1a83      	subs	r3, r0, r2
100096b0:	2b0f      	cmp	r3, #15
100096b2:	dddc      	ble.n	1000966e <_malloc_trim_r+0x46>
100096b4:	f043 0301 	orr.w	r3, r3, #1
100096b8:	4904      	ldr	r1, [pc, #16]	@ (100096cc <_malloc_trim_r+0xa4>)
100096ba:	6053      	str	r3, [r2, #4]
100096bc:	4b04      	ldr	r3, [pc, #16]	@ (100096d0 <_malloc_trim_r+0xa8>)
100096be:	681b      	ldr	r3, [r3, #0]
100096c0:	1ac0      	subs	r0, r0, r3
100096c2:	6008      	str	r0, [r1, #0]
100096c4:	e7d3      	b.n	1000966e <_malloc_trim_r+0x46>
100096c6:	bf00      	nop
100096c8:	20001578 	.word	0x20001578
100096cc:	20002070 	.word	0x20002070
100096d0:	2000156c 	.word	0x2000156c

100096d4 <_free_r>:
100096d4:	2900      	cmp	r1, #0
100096d6:	d062      	beq.n	1000979e <_free_r+0xca>
100096d8:	e92d 41f0 	stmdb	sp!, {r4, r5, r6, r7, r8, lr}
100096dc:	460c      	mov	r4, r1
100096de:	4607      	mov	r7, r0
100096e0:	f7fd ffc4 	bl	1000766c <__malloc_lock>
100096e4:	497a      	ldr	r1, [pc, #488]	@ (100098d0 <_free_r+0x1fc>)
100096e6:	f854 ec04 	ldr.w	lr, [r4, #-4]
100096ea:	f1a4 0c08 	sub.w	ip, r4, #8
100096ee:	688d      	ldr	r5, [r1, #8]
100096f0:	f02e 0301 	bic.w	r3, lr, #1
100096f4:	f00e 0601 	and.w	r6, lr, #1
100096f8:	eb0c 0203 	add.w	r2, ip, r3
100096fc:	6850      	ldr	r0, [r2, #4]
100096fe:	4295      	cmp	r5, r2
10009700:	f020 0003 	bic.w	r0, r0, #3
10009704:	f000 8087 	beq.w	10009816 <_free_r+0x142>
10009708:	1815      	adds	r5, r2, r0
1000970a:	6050      	str	r0, [r2, #4]
1000970c:	686d      	ldr	r5, [r5, #4]
1000970e:	f005 0501 	and.w	r5, r5, #1
10009712:	46a8      	mov	r8, r5
10009714:	bb96      	cbnz	r6, 1000977c <_free_r+0xa8>
10009716:	f854 4c08 	ldr.w	r4, [r4, #-8]
1000971a:	f101 0e08 	add.w	lr, r1, #8
1000971e:	ebac 0c04 	sub.w	ip, ip, r4
10009722:	4423      	add	r3, r4
10009724:	f8dc 4008 	ldr.w	r4, [ip, #8]
10009728:	4574      	cmp	r4, lr
1000972a:	d067      	beq.n	100097fc <_free_r+0x128>
1000972c:	f8dc 500c 	ldr.w	r5, [ip, #12]
10009730:	60e5      	str	r5, [r4, #12]
10009732:	60ac      	str	r4, [r5, #8]
10009734:	f1b8 0f00 	cmp.w	r8, #0
10009738:	f000 8088 	beq.w	1000984c <_free_r+0x178>
1000973c:	f043 0001 	orr.w	r0, r3, #1
10009740:	f8cc 0004 	str.w	r0, [ip, #4]
10009744:	6013      	str	r3, [r2, #0]
10009746:	f5b3 7f00 	cmp.w	r3, #512	@ 0x200
1000974a:	d232      	bcs.n	100097b2 <_free_r+0xde>
1000974c:	0958      	lsrs	r0, r3, #5
1000974e:	08da      	lsrs	r2, r3, #3
10009750:	2301      	movs	r3, #1
10009752:	4083      	lsls	r3, r0
10009754:	6848      	ldr	r0, [r1, #4]
10009756:	3201      	adds	r2, #1
10009758:	4303      	orrs	r3, r0
1000975a:	f851 0032 	ldr.w	r0, [r1, r2, lsl #3]
1000975e:	604b      	str	r3, [r1, #4]
10009760:	eb01 03c2 	add.w	r3, r1, r2, lsl #3
10009764:	3b08      	subs	r3, #8
10009766:	e9cc 0302 	strd	r0, r3, [ip, #8]
1000976a:	f841 c032 	str.w	ip, [r1, r2, lsl #3]
1000976e:	f8c0 c00c 	str.w	ip, [r0, #12]
10009772:	4638      	mov	r0, r7
10009774:	e8bd 41f0 	ldmia.w	sp!, {r4, r5, r6, r7, r8, lr}
10009778:	f7fd bf7e 	b.w	10007678 <__malloc_unlock>
1000977c:	b985      	cbnz	r5, 100097a0 <_free_r+0xcc>
1000977e:	4403      	add	r3, r0
10009780:	f101 0e08 	add.w	lr, r1, #8
10009784:	6890      	ldr	r0, [r2, #8]
10009786:	f043 0401 	orr.w	r4, r3, #1
1000978a:	4570      	cmp	r0, lr
1000978c:	d077      	beq.n	1000987e <_free_r+0x1aa>
1000978e:	68d2      	ldr	r2, [r2, #12]
10009790:	60c2      	str	r2, [r0, #12]
10009792:	6090      	str	r0, [r2, #8]
10009794:	f8cc 4004 	str.w	r4, [ip, #4]
10009798:	f84c 3003 	str.w	r3, [ip, r3]
1000979c:	e7d3      	b.n	10009746 <_free_r+0x72>
1000979e:	4770      	bx	lr
100097a0:	f04e 0201 	orr.w	r2, lr, #1
100097a4:	f5b3 7f00 	cmp.w	r3, #512	@ 0x200
100097a8:	f844 2c04 	str.w	r2, [r4, #-4]
100097ac:	f84c 3003 	str.w	r3, [ip, r3]
100097b0:	d3cc      	bcc.n	1000974c <_free_r+0x78>
100097b2:	f5b3 6f20 	cmp.w	r3, #2560	@ 0xa00
100097b6:	ea4f 2253 	mov.w	r2, r3, lsr #9
100097ba:	d249      	bcs.n	10009850 <_free_r+0x17c>
100097bc:	099a      	lsrs	r2, r3, #6
100097be:	f102 0039 	add.w	r0, r2, #57	@ 0x39
100097c2:	f102 0438 	add.w	r4, r2, #56	@ 0x38
100097c6:	00c2      	lsls	r2, r0, #3
100097c8:	1888      	adds	r0, r1, r2
100097ca:	588a      	ldr	r2, [r1, r2]
100097cc:	3808      	subs	r0, #8
100097ce:	4290      	cmp	r0, r2
100097d0:	d103      	bne.n	100097da <_free_r+0x106>
100097d2:	e05d      	b.n	10009890 <_free_r+0x1bc>
100097d4:	6892      	ldr	r2, [r2, #8]
100097d6:	4290      	cmp	r0, r2
100097d8:	d004      	beq.n	100097e4 <_free_r+0x110>
100097da:	6851      	ldr	r1, [r2, #4]
100097dc:	f021 0103 	bic.w	r1, r1, #3
100097e0:	4299      	cmp	r1, r3
100097e2:	d8f7      	bhi.n	100097d4 <_free_r+0x100>
100097e4:	68d0      	ldr	r0, [r2, #12]
100097e6:	e9cc 2002 	strd	r2, r0, [ip, #8]
100097ea:	f8c0 c008 	str.w	ip, [r0, #8]
100097ee:	4638      	mov	r0, r7
100097f0:	f8c2 c00c 	str.w	ip, [r2, #12]
100097f4:	e8bd 41f0 	ldmia.w	sp!, {r4, r5, r6, r7, r8, lr}
100097f8:	f7fd bf3e 	b.w	10007678 <__malloc_unlock>
100097fc:	bb9d      	cbnz	r5, 10009866 <_free_r+0x192>
100097fe:	4418      	add	r0, r3
10009800:	e9d2 2302 	ldrd	r2, r3, [r2, #8]
10009804:	60d3      	str	r3, [r2, #12]
10009806:	609a      	str	r2, [r3, #8]
10009808:	f040 0301 	orr.w	r3, r0, #1
1000980c:	f8cc 3004 	str.w	r3, [ip, #4]
10009810:	f84c 0000 	str.w	r0, [ip, r0]
10009814:	e7ad      	b.n	10009772 <_free_r+0x9e>
10009816:	4418      	add	r0, r3
10009818:	b946      	cbnz	r6, 1000982c <_free_r+0x158>
1000981a:	f854 3c08 	ldr.w	r3, [r4, #-8]
1000981e:	ebac 0c03 	sub.w	ip, ip, r3
10009822:	4418      	add	r0, r3
10009824:	e9dc 2302 	ldrd	r2, r3, [ip, #8]
10009828:	60d3      	str	r3, [r2, #12]
1000982a:	609a      	str	r2, [r3, #8]
1000982c:	f040 0301 	orr.w	r3, r0, #1
10009830:	f8cc 3004 	str.w	r3, [ip, #4]
10009834:	4b27      	ldr	r3, [pc, #156]	@ (100098d4 <_free_r+0x200>)
10009836:	f8c1 c008 	str.w	ip, [r1, #8]
1000983a:	681b      	ldr	r3, [r3, #0]
1000983c:	4283      	cmp	r3, r0
1000983e:	d898      	bhi.n	10009772 <_free_r+0x9e>
10009840:	4b25      	ldr	r3, [pc, #148]	@ (100098d8 <_free_r+0x204>)
10009842:	4638      	mov	r0, r7
10009844:	6819      	ldr	r1, [r3, #0]
10009846:	f7ff feef 	bl	10009628 <_malloc_trim_r>
1000984a:	e792      	b.n	10009772 <_free_r+0x9e>
1000984c:	4403      	add	r3, r0
1000984e:	e799      	b.n	10009784 <_free_r+0xb0>
10009850:	2a14      	cmp	r2, #20
10009852:	d90e      	bls.n	10009872 <_free_r+0x19e>
10009854:	2a54      	cmp	r2, #84	@ 0x54
10009856:	d822      	bhi.n	1000989e <_free_r+0x1ca>
10009858:	0b1a      	lsrs	r2, r3, #12
1000985a:	f102 006f 	add.w	r0, r2, #111	@ 0x6f
1000985e:	f102 046e 	add.w	r4, r2, #110	@ 0x6e
10009862:	00c2      	lsls	r2, r0, #3
10009864:	e7b0      	b.n	100097c8 <_free_r+0xf4>
10009866:	f043 0101 	orr.w	r1, r3, #1
1000986a:	f8cc 1004 	str.w	r1, [ip, #4]
1000986e:	6013      	str	r3, [r2, #0]
10009870:	e77f      	b.n	10009772 <_free_r+0x9e>
10009872:	f102 005c 	add.w	r0, r2, #92	@ 0x5c
10009876:	f102 045b 	add.w	r4, r2, #91	@ 0x5b
1000987a:	00c2      	lsls	r2, r0, #3
1000987c:	e7a4      	b.n	100097c8 <_free_r+0xf4>
1000987e:	e9c1 cc04 	strd	ip, ip, [r1, #16]
10009882:	e9cc ee02 	strd	lr, lr, [ip, #8]
10009886:	f8cc 4004 	str.w	r4, [ip, #4]
1000988a:	f84c 3003 	str.w	r3, [ip, r3]
1000988e:	e770      	b.n	10009772 <_free_r+0x9e>
10009890:	10a4      	asrs	r4, r4, #2
10009892:	2301      	movs	r3, #1
10009894:	40a3      	lsls	r3, r4
10009896:	684c      	ldr	r4, [r1, #4]
10009898:	4323      	orrs	r3, r4
1000989a:	604b      	str	r3, [r1, #4]
1000989c:	e7a3      	b.n	100097e6 <_free_r+0x112>
1000989e:	f5b2 7faa 	cmp.w	r2, #340	@ 0x154
100098a2:	d806      	bhi.n	100098b2 <_free_r+0x1de>
100098a4:	0bda      	lsrs	r2, r3, #15
100098a6:	f102 0078 	add.w	r0, r2, #120	@ 0x78
100098aa:	f102 0477 	add.w	r4, r2, #119	@ 0x77
100098ae:	00c2      	lsls	r2, r0, #3
100098b0:	e78a      	b.n	100097c8 <_free_r+0xf4>
100098b2:	f240 5054 	movw	r0, #1364	@ 0x554
100098b6:	4282      	cmp	r2, r0
100098b8:	d806      	bhi.n	100098c8 <_free_r+0x1f4>
100098ba:	0c9a      	lsrs	r2, r3, #18
100098bc:	f102 007d 	add.w	r0, r2, #125	@ 0x7d
100098c0:	f102 047c 	add.w	r4, r2, #124	@ 0x7c
100098c4:	00c2      	lsls	r2, r0, #3
100098c6:	e77f      	b.n	100097c8 <_free_r+0xf4>
100098c8:	f44f 727e 	mov.w	r2, #1016	@ 0x3f8
100098cc:	247e      	movs	r4, #126	@ 0x7e
100098ce:	e77b      	b.n	100097c8 <_free_r+0xf4>
100098d0:	20001578 	.word	0x20001578
100098d4:	20001570 	.word	0x20001570
100098d8:	200020a0 	.word	0x200020a0

100098dc <rshift>:
100098dc:	e92d 41f0 	stmdb	sp!, {r4, r5, r6, r7, r8, lr}
100098e0:	f8d0 e010 	ldr.w	lr, [r0, #16]
100098e4:	ebbe 1f61 	cmp.w	lr, r1, asr #5
100098e8:	dc05      	bgt.n	100098f6 <rshift+0x1a>
100098ea:	2300      	movs	r3, #0
100098ec:	6103      	str	r3, [r0, #16]
100098ee:	2300      	movs	r3, #0
100098f0:	6143      	str	r3, [r0, #20]
100098f2:	e8bd 81f0 	ldmia.w	sp!, {r4, r5, r6, r7, r8, pc}
100098f6:	f100 0414 	add.w	r4, r0, #20
100098fa:	114e      	asrs	r6, r1, #5
100098fc:	f011 0c1f 	ands.w	ip, r1, #31
10009900:	eb04 058e 	add.w	r5, r4, lr, lsl #2
10009904:	eb04 0386 	add.w	r3, r4, r6, lsl #2
10009908:	d027      	beq.n	1000995a <rshift+0x7e>
1000990a:	3304      	adds	r3, #4
1000990c:	f854 1026 	ldr.w	r1, [r4, r6, lsl #2]
10009910:	429d      	cmp	r5, r3
10009912:	fa21 f10c 	lsr.w	r1, r1, ip
10009916:	d937      	bls.n	10009988 <rshift+0xac>
10009918:	f1cc 0820 	rsb	r8, ip, #32
1000991c:	4627      	mov	r7, r4
1000991e:	681a      	ldr	r2, [r3, #0]
10009920:	fa02 f208 	lsl.w	r2, r2, r8
10009924:	430a      	orrs	r2, r1
10009926:	f847 2b04 	str.w	r2, [r7], #4
1000992a:	f853 1b04 	ldr.w	r1, [r3], #4
1000992e:	429d      	cmp	r5, r3
10009930:	fa21 f10c 	lsr.w	r1, r1, ip
10009934:	d8f3      	bhi.n	1000991e <rshift+0x42>
10009936:	ebae 0e06 	sub.w	lr, lr, r6
1000993a:	1d23      	adds	r3, r4, #4
1000993c:	ea4f 0e8e 	mov.w	lr, lr, lsl #2
10009940:	f1ae 0e05 	sub.w	lr, lr, #5
10009944:	ea4f 029e 	mov.w	r2, lr, lsr #2
10009948:	f02e 0e03 	bic.w	lr, lr, #3
1000994c:	f843 1022 	str.w	r1, [r3, r2, lsl #2]
10009950:	449e      	add	lr, r3
10009952:	b181      	cbz	r1, 10009976 <rshift+0x9a>
10009954:	f10e 0e04 	add.w	lr, lr, #4
10009958:	e00d      	b.n	10009976 <rshift+0x9a>
1000995a:	429d      	cmp	r5, r3
1000995c:	d9c5      	bls.n	100098ea <rshift+0xe>
1000995e:	f100 0210 	add.w	r2, r0, #16
10009962:	f853 1b04 	ldr.w	r1, [r3], #4
10009966:	429d      	cmp	r5, r3
10009968:	f842 1f04 	str.w	r1, [r2, #4]!
1000996c:	d8f9      	bhi.n	10009962 <rshift+0x86>
1000996e:	ebae 0e06 	sub.w	lr, lr, r6
10009972:	eb04 0e8e 	add.w	lr, r4, lr, lsl #2
10009976:	ebae 0304 	sub.w	r3, lr, r4
1000997a:	45a6      	cmp	lr, r4
1000997c:	ea4f 03a3 	mov.w	r3, r3, asr #2
10009980:	6103      	str	r3, [r0, #16]
10009982:	d0b4      	beq.n	100098ee <rshift+0x12>
10009984:	e8bd 81f0 	ldmia.w	sp!, {r4, r5, r6, r7, r8, pc}
10009988:	6141      	str	r1, [r0, #20]
1000998a:	2900      	cmp	r1, #0
1000998c:	d0ad      	beq.n	100098ea <rshift+0xe>
1000998e:	46a6      	mov	lr, r4
10009990:	e7e0      	b.n	10009954 <rshift+0x78>
10009992:	bf00      	nop

10009994 <__gethex>:
10009994:	e92d 4ff0 	stmdb	sp!, {r4, r5, r6, r7, r8, r9, sl, fp, lr}
10009998:	4688      	mov	r8, r1
1000999a:	b085      	sub	sp, #20
1000999c:	6809      	ldr	r1, [r1, #0]
1000999e:	9302      	str	r3, [sp, #8]
100099a0:	788b      	ldrb	r3, [r1, #2]
100099a2:	2b30      	cmp	r3, #48	@ 0x30
100099a4:	e9cd 2000 	strd	r2, r0, [sp]
100099a8:	f040 8215 	bne.w	10009dd6 <__gethex+0x442>
100099ac:	1cca      	adds	r2, r1, #3
100099ae:	7813      	ldrb	r3, [r2, #0]
100099b0:	4614      	mov	r4, r2
100099b2:	3201      	adds	r2, #1
100099b4:	2b30      	cmp	r3, #48	@ 0x30
100099b6:	d0fa      	beq.n	100099ae <__gethex+0x1a>
100099b8:	1a61      	subs	r1, r4, r1
100099ba:	f1a1 0a02 	sub.w	sl, r1, #2
100099be:	4ea5      	ldr	r6, [pc, #660]	@ (10009c54 <__gethex+0x2c0>)
100099c0:	5cf3      	ldrb	r3, [r6, r3]
100099c2:	2b00      	cmp	r3, #0
100099c4:	f000 80d7 	beq.w	10009b76 <__gethex+0x1e2>
100099c8:	7823      	ldrb	r3, [r4, #0]
100099ca:	f04f 0900 	mov.w	r9, #0
100099ce:	5cf3      	ldrb	r3, [r6, r3]
100099d0:	464d      	mov	r5, r9
100099d2:	2b00      	cmp	r3, #0
100099d4:	f000 816b 	beq.w	10009cae <__gethex+0x31a>
100099d8:	4627      	mov	r7, r4
100099da:	f817 3f01 	ldrb.w	r3, [r7, #1]!
100099de:	5cf3      	ldrb	r3, [r6, r3]
100099e0:	2b00      	cmp	r3, #0
100099e2:	d1fa      	bne.n	100099da <__gethex+0x46>
100099e4:	2201      	movs	r2, #1
100099e6:	499c      	ldr	r1, [pc, #624]	@ (10009c58 <__gethex+0x2c4>)
100099e8:	4638      	mov	r0, r7
100099ea:	f7ff fae9 	bl	10008fc0 <strncmp>
100099ee:	4683      	mov	fp, r0
100099f0:	2800      	cmp	r0, #0
100099f2:	d046      	beq.n	10009a82 <__gethex+0xee>
100099f4:	783b      	ldrb	r3, [r7, #0]
100099f6:	2d00      	cmp	r5, #0
100099f8:	f000 81c5 	beq.w	10009d86 <__gethex+0x3f2>
100099fc:	eba5 0b07 	sub.w	fp, r5, r7
10009a00:	ea4f 0b8b 	mov.w	fp, fp, lsl #2
10009a04:	f003 03df 	and.w	r3, r3, #223	@ 0xdf
10009a08:	463d      	mov	r5, r7
10009a0a:	2b50      	cmp	r3, #80	@ 0x50
10009a0c:	d046      	beq.n	10009a9c <__gethex+0x108>
10009a0e:	f8c8 7000 	str.w	r7, [r8]
10009a12:	f1b9 0f00 	cmp.w	r9, #0
10009a16:	d156      	bne.n	10009ac6 <__gethex+0x132>
10009a18:	1b2b      	subs	r3, r5, r4
10009a1a:	4649      	mov	r1, r9
10009a1c:	3b01      	subs	r3, #1
10009a1e:	2b07      	cmp	r3, #7
10009a20:	dd03      	ble.n	10009a2a <__gethex+0x96>
10009a22:	105b      	asrs	r3, r3, #1
10009a24:	3101      	adds	r1, #1
10009a26:	2b07      	cmp	r3, #7
10009a28:	dcfb      	bgt.n	10009a22 <__gethex+0x8e>
10009a2a:	9801      	ldr	r0, [sp, #4]
10009a2c:	f000 fbc2 	bl	1000a1b4 <_Balloc>
10009a30:	4681      	mov	r9, r0
10009a32:	2800      	cmp	r0, #0
10009a34:	f000 8293 	beq.w	10009f5e <__gethex+0x5ca>
10009a38:	f100 0a14 	add.w	sl, r0, #20
10009a3c:	42ac      	cmp	r4, r5
10009a3e:	f04f 0800 	mov.w	r8, #0
10009a42:	4657      	mov	r7, sl
10009a44:	d253      	bcs.n	10009aee <__gethex+0x15a>
10009a46:	46a1      	mov	r9, r4
10009a48:	9003      	str	r0, [sp, #12]
10009a4a:	2400      	movs	r4, #0
10009a4c:	e00b      	b.n	10009a66 <__gethex+0xd2>
10009a4e:	4621      	mov	r1, r4
10009a50:	3404      	adds	r4, #4
10009a52:	782a      	ldrb	r2, [r5, #0]
10009a54:	454d      	cmp	r5, r9
10009a56:	5cb2      	ldrb	r2, [r6, r2]
10009a58:	f002 020f 	and.w	r2, r2, #15
10009a5c:	fa02 f201 	lsl.w	r2, r2, r1
10009a60:	ea48 0802 	orr.w	r8, r8, r2
10009a64:	d041      	beq.n	10009aea <__gethex+0x156>
10009a66:	f815 2d01 	ldrb.w	r2, [r5, #-1]!
10009a6a:	2a2e      	cmp	r2, #46	@ 0x2e
10009a6c:	d101      	bne.n	10009a72 <__gethex+0xde>
10009a6e:	454d      	cmp	r5, r9
10009a70:	d232      	bcs.n	10009ad8 <__gethex+0x144>
10009a72:	2c20      	cmp	r4, #32
10009a74:	d1eb      	bne.n	10009a4e <__gethex+0xba>
10009a76:	2100      	movs	r1, #0
10009a78:	f847 8b04 	str.w	r8, [r7], #4
10009a7c:	2404      	movs	r4, #4
10009a7e:	4688      	mov	r8, r1
10009a80:	e7e7      	b.n	10009a52 <__gethex+0xbe>
10009a82:	2d00      	cmp	r5, #0
10009a84:	f000 819a 	beq.w	10009dbc <__gethex+0x428>
10009a88:	783b      	ldrb	r3, [r7, #0]
10009a8a:	eba5 0b07 	sub.w	fp, r5, r7
10009a8e:	463d      	mov	r5, r7
10009a90:	f003 03df 	and.w	r3, r3, #223	@ 0xdf
10009a94:	ea4f 0b8b 	mov.w	fp, fp, lsl #2
10009a98:	2b50      	cmp	r3, #80	@ 0x50
10009a9a:	d1b8      	bne.n	10009a0e <__gethex+0x7a>
10009a9c:	786b      	ldrb	r3, [r5, #1]
10009a9e:	2b2b      	cmp	r3, #43	@ 0x2b
10009aa0:	f000 816f 	beq.w	10009d82 <__gethex+0x3ee>
10009aa4:	2b2d      	cmp	r3, #45	@ 0x2d
10009aa6:	f040 80d9 	bne.w	10009c5c <__gethex+0x2c8>
10009aaa:	2201      	movs	r2, #1
10009aac:	78ab      	ldrb	r3, [r5, #2]
10009aae:	1caf      	adds	r7, r5, #2
10009ab0:	5cf1      	ldrb	r1, [r6, r3]
10009ab2:	1e4b      	subs	r3, r1, #1
10009ab4:	2b18      	cmp	r3, #24
10009ab6:	f240 80d8 	bls.w	10009c6a <__gethex+0x2d6>
10009aba:	462f      	mov	r7, r5
10009abc:	f8c8 7000 	str.w	r7, [r8]
10009ac0:	f1b9 0f00 	cmp.w	r9, #0
10009ac4:	d0a8      	beq.n	10009a18 <__gethex+0x84>
10009ac6:	f1ba 0f00 	cmp.w	sl, #0
10009aca:	bf0c      	ite	eq
10009acc:	2406      	moveq	r4, #6
10009ace:	2400      	movne	r4, #0
10009ad0:	4620      	mov	r0, r4
10009ad2:	b005      	add	sp, #20
10009ad4:	e8bd 8ff0 	ldmia.w	sp!, {r4, r5, r6, r7, r8, r9, sl, fp, pc}
10009ad8:	2201      	movs	r2, #1
10009ada:	495f      	ldr	r1, [pc, #380]	@ (10009c58 <__gethex+0x2c4>)
10009adc:	4628      	mov	r0, r5
10009ade:	f7ff fa6f 	bl	10008fc0 <strncmp>
10009ae2:	2800      	cmp	r0, #0
10009ae4:	d1c5      	bne.n	10009a72 <__gethex+0xde>
10009ae6:	454d      	cmp	r5, r9
10009ae8:	d1bd      	bne.n	10009a66 <__gethex+0xd2>
10009aea:	f8dd 900c 	ldr.w	r9, [sp, #12]
10009aee:	f847 8b04 	str.w	r8, [r7], #4
10009af2:	eba7 070a 	sub.w	r7, r7, sl
10009af6:	4640      	mov	r0, r8
10009af8:	10bb      	asrs	r3, r7, #2
10009afa:	f8c9 3010 	str.w	r3, [r9, #16]
10009afe:	f000 fc31 	bl	1000a364 <__hi0bits>
10009b02:	9b00      	ldr	r3, [sp, #0]
10009b04:	ebc0 00c7 	rsb	r0, r0, r7, lsl #3
10009b08:	681d      	ldr	r5, [r3, #0]
10009b0a:	42a8      	cmp	r0, r5
10009b0c:	dc55      	bgt.n	10009bba <__gethex+0x226>
10009b0e:	f2c0 813c 	blt.w	10009d8a <__gethex+0x3f6>
10009b12:	9a00      	ldr	r2, [sp, #0]
10009b14:	6893      	ldr	r3, [r2, #8]
10009b16:	455b      	cmp	r3, fp
10009b18:	f2c0 812a 	blt.w	10009d70 <__gethex+0x3dc>
10009b1c:	6853      	ldr	r3, [r2, #4]
10009b1e:	459b      	cmp	fp, r3
10009b20:	f280 80ba 	bge.w	10009c98 <__gethex+0x304>
10009b24:	eba3 0b0b 	sub.w	fp, r3, fp
10009b28:	45ab      	cmp	fp, r5
10009b2a:	da70      	bge.n	10009c0e <__gethex+0x27a>
10009b2c:	f10b 34ff 	add.w	r4, fp, #4294967295	@ 0xffffffff
10009b30:	2c00      	cmp	r4, #0
10009b32:	f040 8192 	bne.w	10009e5a <__gethex+0x4c6>
10009b36:	4626      	mov	r6, r4
10009b38:	1163      	asrs	r3, r4, #5
10009b3a:	f004 041f 	and.w	r4, r4, #31
10009b3e:	eba5 050b 	sub.w	r5, r5, fp
10009b42:	4659      	mov	r1, fp
10009b44:	f85a 2023 	ldr.w	r2, [sl, r3, lsl #2]
10009b48:	2301      	movs	r3, #1
10009b4a:	4648      	mov	r0, r9
10009b4c:	40a3      	lsls	r3, r4
10009b4e:	4213      	tst	r3, r2
10009b50:	f000 8192 	beq.w	10009e78 <__gethex+0x4e4>
10009b54:	f7ff fec2 	bl	100098dc <rshift>
10009b58:	9b00      	ldr	r3, [sp, #0]
10009b5a:	68dc      	ldr	r4, [r3, #12]
10009b5c:	f8d3 b004 	ldr.w	fp, [r3, #4]
10009b60:	2c02      	cmp	r4, #2
10009b62:	f000 814b 	beq.w	10009dfc <__gethex+0x468>
10009b66:	2c03      	cmp	r4, #3
10009b68:	f000 81a2 	beq.w	10009eb0 <__gethex+0x51c>
10009b6c:	2c01      	cmp	r4, #1
10009b6e:	f000 819b 	beq.w	10009ea8 <__gethex+0x514>
10009b72:	2412      	movs	r4, #18
10009b74:	e091      	b.n	10009c9a <__gethex+0x306>
10009b76:	2201      	movs	r2, #1
10009b78:	4937      	ldr	r1, [pc, #220]	@ (10009c58 <__gethex+0x2c4>)
10009b7a:	4620      	mov	r0, r4
10009b7c:	f7ff fa20 	bl	10008fc0 <strncmp>
10009b80:	4681      	mov	r9, r0
10009b82:	2800      	cmp	r0, #0
10009b84:	f040 8095 	bne.w	10009cb2 <__gethex+0x31e>
10009b88:	7863      	ldrb	r3, [r4, #1]
10009b8a:	1c65      	adds	r5, r4, #1
10009b8c:	5cf2      	ldrb	r2, [r6, r3]
10009b8e:	2a00      	cmp	r2, #0
10009b90:	f000 8091 	beq.w	10009cb6 <__gethex+0x322>
10009b94:	2b30      	cmp	r3, #48	@ 0x30
10009b96:	462c      	mov	r4, r5
10009b98:	f040 818c 	bne.w	10009eb4 <__gethex+0x520>
10009b9c:	f814 3f01 	ldrb.w	r3, [r4, #1]!
10009ba0:	2b30      	cmp	r3, #48	@ 0x30
10009ba2:	d0fb      	beq.n	10009b9c <__gethex+0x208>
10009ba4:	5cf3      	ldrb	r3, [r6, r3]
10009ba6:	f04f 0a01 	mov.w	sl, #1
10009baa:	fab3 f983 	clz	r9, r3
10009bae:	ea4f 1959 	mov.w	r9, r9, lsr #5
10009bb2:	2b00      	cmp	r3, #0
10009bb4:	f47f af10 	bne.w	100099d8 <__gethex+0x44>
10009bb8:	e079      	b.n	10009cae <__gethex+0x31a>
10009bba:	1b44      	subs	r4, r0, r5
10009bbc:	4648      	mov	r0, r9
10009bbe:	4621      	mov	r1, r4
10009bc0:	f001 f80a 	bl	1000abd8 <__any_on>
10009bc4:	4606      	mov	r6, r0
10009bc6:	b170      	cbz	r0, 10009be6 <__gethex+0x252>
10009bc8:	1e62      	subs	r2, r4, #1
10009bca:	2601      	movs	r6, #1
10009bcc:	1153      	asrs	r3, r2, #5
10009bce:	f85a 1023 	ldr.w	r1, [sl, r3, lsl #2]
10009bd2:	f002 031f 	and.w	r3, r2, #31
10009bd6:	fa06 f303 	lsl.w	r3, r6, r3
10009bda:	420b      	tst	r3, r1
10009bdc:	d003      	beq.n	10009be6 <__gethex+0x252>
10009bde:	42b2      	cmp	r2, r6
10009be0:	f300 8141 	bgt.w	10009e66 <__gethex+0x4d2>
10009be4:	2602      	movs	r6, #2
10009be6:	4621      	mov	r1, r4
10009be8:	4648      	mov	r0, r9
10009bea:	f7ff fe77 	bl	100098dc <rshift>
10009bee:	9b00      	ldr	r3, [sp, #0]
10009bf0:	44a3      	add	fp, r4
10009bf2:	689b      	ldr	r3, [r3, #8]
10009bf4:	455b      	cmp	r3, fp
10009bf6:	f2c0 80bb 	blt.w	10009d70 <__gethex+0x3dc>
10009bfa:	9b00      	ldr	r3, [sp, #0]
10009bfc:	685b      	ldr	r3, [r3, #4]
10009bfe:	455b      	cmp	r3, fp
10009c00:	f340 80ed 	ble.w	10009dde <__gethex+0x44a>
10009c04:	eba3 0b0b 	sub.w	fp, r3, fp
10009c08:	455d      	cmp	r5, fp
10009c0a:	f300 8117 	bgt.w	10009e3c <__gethex+0x4a8>
10009c0e:	9a00      	ldr	r2, [sp, #0]
10009c10:	68d2      	ldr	r2, [r2, #12]
10009c12:	2a02      	cmp	r2, #2
10009c14:	d057      	beq.n	10009cc6 <__gethex+0x332>
10009c16:	2a03      	cmp	r2, #3
10009c18:	f000 813a 	beq.w	10009e90 <__gethex+0x4fc>
10009c1c:	2a01      	cmp	r2, #1
10009c1e:	d155      	bne.n	10009ccc <__gethex+0x338>
10009c20:	45ab      	cmp	fp, r5
10009c22:	d153      	bne.n	10009ccc <__gethex+0x338>
10009c24:	f1bb 0f01 	cmp.w	fp, #1
10009c28:	d008      	beq.n	10009c3c <__gethex+0x2a8>
10009c2a:	f10b 31ff 	add.w	r1, fp, #4294967295	@ 0xffffffff
10009c2e:	4648      	mov	r0, r9
10009c30:	f000 ffd2 	bl	1000abd8 <__any_on>
10009c34:	2800      	cmp	r0, #0
10009c36:	d049      	beq.n	10009ccc <__gethex+0x338>
10009c38:	9b00      	ldr	r3, [sp, #0]
10009c3a:	685b      	ldr	r3, [r3, #4]
10009c3c:	9902      	ldr	r1, [sp, #8]
10009c3e:	2201      	movs	r2, #1
10009c40:	2462      	movs	r4, #98	@ 0x62
10009c42:	600b      	str	r3, [r1, #0]
10009c44:	9b0e      	ldr	r3, [sp, #56]	@ 0x38
10009c46:	f8c9 2010 	str.w	r2, [r9, #16]
10009c4a:	f8ca 2000 	str.w	r2, [sl]
10009c4e:	f8c3 9000 	str.w	r9, [r3]
10009c52:	e73d      	b.n	10009ad0 <__gethex+0x13c>
10009c54:	1000b794 	.word	0x1000b794
10009c58:	1000b288 	.word	0x1000b288
10009c5c:	5cf1      	ldrb	r1, [r6, r3]
10009c5e:	1c6f      	adds	r7, r5, #1
10009c60:	2200      	movs	r2, #0
10009c62:	1e4b      	subs	r3, r1, #1
10009c64:	2b18      	cmp	r3, #24
10009c66:	f63f af28 	bhi.w	10009aba <__gethex+0x126>
10009c6a:	787b      	ldrb	r3, [r7, #1]
10009c6c:	3910      	subs	r1, #16
10009c6e:	3701      	adds	r7, #1
10009c70:	5cf3      	ldrb	r3, [r6, r3]
10009c72:	1e58      	subs	r0, r3, #1
10009c74:	2818      	cmp	r0, #24
10009c76:	d80b      	bhi.n	10009c90 <__gethex+0x2fc>
10009c78:	eb01 0181 	add.w	r1, r1, r1, lsl #2
10009c7c:	eb03 0341 	add.w	r3, r3, r1, lsl #1
10009c80:	f1a3 0110 	sub.w	r1, r3, #16
10009c84:	f817 3f01 	ldrb.w	r3, [r7, #1]!
10009c88:	5cf3      	ldrb	r3, [r6, r3]
10009c8a:	1e58      	subs	r0, r3, #1
10009c8c:	2818      	cmp	r0, #24
10009c8e:	d9f3      	bls.n	10009c78 <__gethex+0x2e4>
10009c90:	b102      	cbz	r2, 10009c94 <__gethex+0x300>
10009c92:	4249      	negs	r1, r1
10009c94:	448b      	add	fp, r1
10009c96:	e6ba      	b.n	10009a0e <__gethex+0x7a>
10009c98:	2401      	movs	r4, #1
10009c9a:	9b0e      	ldr	r3, [sp, #56]	@ 0x38
10009c9c:	4620      	mov	r0, r4
10009c9e:	f8c3 9000 	str.w	r9, [r3]
10009ca2:	9b02      	ldr	r3, [sp, #8]
10009ca4:	f8c3 b000 	str.w	fp, [r3]
10009ca8:	b005      	add	sp, #20
10009caa:	e8bd 8ff0 	ldmia.w	sp!, {r4, r5, r6, r7, r8, r9, sl, fp, pc}
10009cae:	4627      	mov	r7, r4
10009cb0:	e698      	b.n	100099e4 <__gethex+0x50>
10009cb2:	7823      	ldrb	r3, [r4, #0]
10009cb4:	4625      	mov	r5, r4
10009cb6:	f003 03df 	and.w	r3, r3, #223	@ 0xdf
10009cba:	2b50      	cmp	r3, #80	@ 0x50
10009cbc:	f000 80e3 	beq.w	10009e86 <__gethex+0x4f2>
10009cc0:	f8c8 5000 	str.w	r5, [r8]
10009cc4:	e6ff      	b.n	10009ac6 <__gethex+0x132>
10009cc6:	9a0f      	ldr	r2, [sp, #60]	@ 0x3c
10009cc8:	2a00      	cmp	r2, #0
10009cca:	d0b7      	beq.n	10009c3c <__gethex+0x2a8>
10009ccc:	2450      	movs	r4, #80	@ 0x50
10009cce:	9801      	ldr	r0, [sp, #4]
10009cd0:	4649      	mov	r1, r9
10009cd2:	f000 fa95 	bl	1000a200 <_Bfree>
10009cd6:	2300      	movs	r3, #0
10009cd8:	9a0e      	ldr	r2, [sp, #56]	@ 0x38
10009cda:	4620      	mov	r0, r4
10009cdc:	6013      	str	r3, [r2, #0]
10009cde:	b005      	add	sp, #20
10009ce0:	e8bd 8ff0 	ldmia.w	sp!, {r4, r5, r6, r7, r8, r9, sl, fp, pc}
10009ce4:	f8d9 3008 	ldr.w	r3, [r9, #8]
10009ce8:	429e      	cmp	r6, r3
10009cea:	f280 80e6 	bge.w	10009eba <__gethex+0x526>
10009cee:	1c70      	adds	r0, r6, #1
10009cf0:	2201      	movs	r2, #1
10009cf2:	eb09 0686 	add.w	r6, r9, r6, lsl #2
10009cf6:	2c02      	cmp	r4, #2
10009cf8:	f8c9 0010 	str.w	r0, [r9, #16]
10009cfc:	46d0      	mov	r8, sl
10009cfe:	6172      	str	r2, [r6, #20]
10009d00:	f000 80cb 	beq.w	10009e9a <__gethex+0x506>
10009d04:	2800      	cmp	r0, #0
10009d06:	f340 80fe 	ble.w	10009f06 <__gethex+0x572>
10009d0a:	eb08 0080 	add.w	r0, r8, r0, lsl #2
10009d0e:	f109 0118 	add.w	r1, r9, #24
10009d12:	f8d9 3014 	ldr.w	r3, [r9, #20]
10009d16:	4288      	cmp	r0, r1
10009d18:	ea4f 0353 	mov.w	r3, r3, lsr #1
10009d1c:	f240 8113 	bls.w	10009f46 <__gethex+0x5b2>
10009d20:	4644      	mov	r4, r8
10009d22:	680a      	ldr	r2, [r1, #0]
10009d24:	ea43 73c2 	orr.w	r3, r3, r2, lsl #31
10009d28:	f844 3b04 	str.w	r3, [r4], #4
10009d2c:	f851 3b04 	ldr.w	r3, [r1], #4
10009d30:	4288      	cmp	r0, r1
10009d32:	ea4f 0353 	mov.w	r3, r3, lsr #1
10009d36:	d8f4      	bhi.n	10009d22 <__gethex+0x38e>
10009d38:	eba0 0209 	sub.w	r2, r0, r9
10009d3c:	f108 0104 	add.w	r1, r8, #4
10009d40:	3a19      	subs	r2, #25
10009d42:	0890      	lsrs	r0, r2, #2
10009d44:	f022 0203 	bic.w	r2, r2, #3
10009d48:	f841 3020 	str.w	r3, [r1, r0, lsl #2]
10009d4c:	440a      	add	r2, r1
10009d4e:	b103      	cbz	r3, 10009d52 <__gethex+0x3be>
10009d50:	3204      	adds	r2, #4
10009d52:	eba2 0308 	sub.w	r3, r2, r8
10009d56:	4542      	cmp	r2, r8
10009d58:	ea4f 03a3 	mov.w	r3, r3, asr #2
10009d5c:	f8c9 3010 	str.w	r3, [r9, #16]
10009d60:	f000 80d4 	beq.w	10009f0c <__gethex+0x578>
10009d64:	9b00      	ldr	r3, [sp, #0]
10009d66:	f10b 0b01 	add.w	fp, fp, #1
10009d6a:	689b      	ldr	r3, [r3, #8]
10009d6c:	455b      	cmp	r3, fp
10009d6e:	da63      	bge.n	10009e38 <__gethex+0x4a4>
10009d70:	4649      	mov	r1, r9
10009d72:	9801      	ldr	r0, [sp, #4]
10009d74:	f000 fa44 	bl	1000a200 <_Bfree>
10009d78:	2300      	movs	r3, #0
10009d7a:	9a0e      	ldr	r2, [sp, #56]	@ 0x38
10009d7c:	24a3      	movs	r4, #163	@ 0xa3
10009d7e:	6013      	str	r3, [r2, #0]
10009d80:	e6a6      	b.n	10009ad0 <__gethex+0x13c>
10009d82:	2200      	movs	r2, #0
10009d84:	e692      	b.n	10009aac <__gethex+0x118>
10009d86:	46ab      	mov	fp, r5
10009d88:	e63c      	b.n	10009a04 <__gethex+0x70>
10009d8a:	1a2c      	subs	r4, r5, r0
10009d8c:	4649      	mov	r1, r9
10009d8e:	9801      	ldr	r0, [sp, #4]
10009d90:	4622      	mov	r2, r4
10009d92:	ebab 0b04 	sub.w	fp, fp, r4
10009d96:	f000 fc9d 	bl	1000a6d4 <__lshift>
10009d9a:	9a00      	ldr	r2, [sp, #0]
10009d9c:	4681      	mov	r9, r0
10009d9e:	6893      	ldr	r3, [r2, #8]
10009da0:	459b      	cmp	fp, r3
10009da2:	dce5      	bgt.n	10009d70 <__gethex+0x3dc>
10009da4:	6853      	ldr	r3, [r2, #4]
10009da6:	459b      	cmp	fp, r3
10009da8:	f6bf af76 	bge.w	10009c98 <__gethex+0x304>
10009dac:	eba3 0b0b 	sub.w	fp, r3, fp
10009db0:	f100 0a14 	add.w	sl, r0, #20
10009db4:	45ab      	cmp	fp, r5
10009db6:	f6bf af2a 	bge.w	10009c0e <__gethex+0x27a>
10009dba:	e6b7      	b.n	10009b2c <__gethex+0x198>
10009dbc:	787b      	ldrb	r3, [r7, #1]
10009dbe:	1c7d      	adds	r5, r7, #1
10009dc0:	5cf2      	ldrb	r2, [r6, r3]
10009dc2:	462f      	mov	r7, r5
10009dc4:	2a00      	cmp	r2, #0
10009dc6:	f43f ae1d 	beq.w	10009a04 <__gethex+0x70>
10009dca:	f817 3f01 	ldrb.w	r3, [r7, #1]!
10009dce:	5cf2      	ldrb	r2, [r6, r3]
10009dd0:	2a00      	cmp	r2, #0
10009dd2:	d1fa      	bne.n	10009dca <__gethex+0x436>
10009dd4:	e612      	b.n	100099fc <__gethex+0x68>
10009dd6:	1c8c      	adds	r4, r1, #2
10009dd8:	f04f 0a00 	mov.w	sl, #0
10009ddc:	e5ef      	b.n	100099be <__gethex+0x2a>
10009dde:	2401      	movs	r4, #1
10009de0:	2e00      	cmp	r6, #0
10009de2:	f43f af5a 	beq.w	10009c9a <__gethex+0x306>
10009de6:	9b00      	ldr	r3, [sp, #0]
10009de8:	68db      	ldr	r3, [r3, #12]
10009dea:	2b02      	cmp	r3, #2
10009dec:	d006      	beq.n	10009dfc <__gethex+0x468>
10009dee:	2b03      	cmp	r3, #3
10009df0:	d008      	beq.n	10009e04 <__gethex+0x470>
10009df2:	2b01      	cmp	r3, #1
10009df4:	d029      	beq.n	10009e4a <__gethex+0x4b6>
10009df6:	f044 0410 	orr.w	r4, r4, #16
10009dfa:	e74e      	b.n	10009c9a <__gethex+0x306>
10009dfc:	9b0f      	ldr	r3, [sp, #60]	@ 0x3c
10009dfe:	f1c3 0301 	rsb	r3, r3, #1
10009e02:	930f      	str	r3, [sp, #60]	@ 0x3c
10009e04:	9b0f      	ldr	r3, [sp, #60]	@ 0x3c
10009e06:	2b00      	cmp	r3, #0
10009e08:	d0f5      	beq.n	10009df6 <__gethex+0x462>
10009e0a:	f8d9 6010 	ldr.w	r6, [r9, #16]
10009e0e:	46d0      	mov	r8, sl
10009e10:	4653      	mov	r3, sl
10009e12:	2000      	movs	r0, #0
10009e14:	eb0a 0186 	add.w	r1, sl, r6, lsl #2
10009e18:	e004      	b.n	10009e24 <__gethex+0x490>
10009e1a:	f843 0b04 	str.w	r0, [r3], #4
10009e1e:	4299      	cmp	r1, r3
10009e20:	f67f af60 	bls.w	10009ce4 <__gethex+0x350>
10009e24:	681a      	ldr	r2, [r3, #0]
10009e26:	1c57      	adds	r7, r2, #1
10009e28:	d0f7      	beq.n	10009e1a <__gethex+0x486>
10009e2a:	3201      	adds	r2, #1
10009e2c:	2c02      	cmp	r4, #2
10009e2e:	601a      	str	r2, [r3, #0]
10009e30:	d033      	beq.n	10009e9a <__gethex+0x506>
10009e32:	f015 051f 	ands.w	r5, r5, #31
10009e36:	d16d      	bne.n	10009f14 <__gethex+0x580>
10009e38:	2421      	movs	r4, #33	@ 0x21
10009e3a:	e72e      	b.n	10009c9a <__gethex+0x306>
10009e3c:	f10b 34ff 	add.w	r4, fp, #4294967295	@ 0xffffffff
10009e40:	2e00      	cmp	r6, #0
10009e42:	f43f ae75 	beq.w	10009b30 <__gethex+0x19c>
10009e46:	2601      	movs	r6, #1
10009e48:	e676      	b.n	10009b38 <__gethex+0x1a4>
10009e4a:	07b2      	lsls	r2, r6, #30
10009e4c:	d5d3      	bpl.n	10009df6 <__gethex+0x462>
10009e4e:	f8da 3000 	ldr.w	r3, [sl]
10009e52:	431e      	orrs	r6, r3
10009e54:	07f3      	lsls	r3, r6, #31
10009e56:	d4d8      	bmi.n	10009e0a <__gethex+0x476>
10009e58:	e7cd      	b.n	10009df6 <__gethex+0x462>
10009e5a:	4621      	mov	r1, r4
10009e5c:	4648      	mov	r0, r9
10009e5e:	f000 febb 	bl	1000abd8 <__any_on>
10009e62:	4606      	mov	r6, r0
10009e64:	e668      	b.n	10009b38 <__gethex+0x1a4>
10009e66:	1ea1      	subs	r1, r4, #2
10009e68:	4648      	mov	r0, r9
10009e6a:	f000 feb5 	bl	1000abd8 <__any_on>
10009e6e:	2800      	cmp	r0, #0
10009e70:	f43f aeb8 	beq.w	10009be4 <__gethex+0x250>
10009e74:	2603      	movs	r6, #3
10009e76:	e6b6      	b.n	10009be6 <__gethex+0x252>
10009e78:	f7ff fd30 	bl	100098dc <rshift>
10009e7c:	9b00      	ldr	r3, [sp, #0]
10009e7e:	2402      	movs	r4, #2
10009e80:	f8d3 b004 	ldr.w	fp, [r3, #4]
10009e84:	e7ac      	b.n	10009de0 <__gethex+0x44c>
10009e86:	f04f 0b00 	mov.w	fp, #0
10009e8a:	f04f 0901 	mov.w	r9, #1
10009e8e:	e605      	b.n	10009a9c <__gethex+0x108>
10009e90:	9a0f      	ldr	r2, [sp, #60]	@ 0x3c
10009e92:	2a00      	cmp	r2, #0
10009e94:	f47f aed2 	bne.w	10009c3c <__gethex+0x2a8>
10009e98:	e718      	b.n	10009ccc <__gethex+0x338>
10009e9a:	9b00      	ldr	r3, [sp, #0]
10009e9c:	681b      	ldr	r3, [r3, #0]
10009e9e:	3b01      	subs	r3, #1
10009ea0:	42ab      	cmp	r3, r5
10009ea2:	d044      	beq.n	10009f2e <__gethex+0x59a>
10009ea4:	2422      	movs	r4, #34	@ 0x22
10009ea6:	e6f8      	b.n	10009c9a <__gethex+0x306>
10009ea8:	f046 0602 	orr.w	r6, r6, #2
10009eac:	2402      	movs	r4, #2
10009eae:	e7ce      	b.n	10009e4e <__gethex+0x4ba>
10009eb0:	2402      	movs	r4, #2
10009eb2:	e7a7      	b.n	10009e04 <__gethex+0x470>
10009eb4:	f04f 0a01 	mov.w	sl, #1
10009eb8:	e58e      	b.n	100099d8 <__gethex+0x44>
10009eba:	f8d9 1004 	ldr.w	r1, [r9, #4]
10009ebe:	9801      	ldr	r0, [sp, #4]
10009ec0:	3101      	adds	r1, #1
10009ec2:	f000 f977 	bl	1000a1b4 <_Balloc>
10009ec6:	4607      	mov	r7, r0
10009ec8:	2800      	cmp	r0, #0
10009eca:	d042      	beq.n	10009f52 <__gethex+0x5be>
10009ecc:	f8d9 3010 	ldr.w	r3, [r9, #16]
10009ed0:	f109 010c 	add.w	r1, r9, #12
10009ed4:	300c      	adds	r0, #12
10009ed6:	f107 0814 	add.w	r8, r7, #20
10009eda:	3302      	adds	r3, #2
10009edc:	009a      	lsls	r2, r3, #2
10009ede:	f7ff faf9 	bl	100094d4 <memcpy>
10009ee2:	4649      	mov	r1, r9
10009ee4:	9801      	ldr	r0, [sp, #4]
10009ee6:	46b9      	mov	r9, r7
10009ee8:	f000 f98a 	bl	1000a200 <_Bfree>
10009eec:	693a      	ldr	r2, [r7, #16]
10009eee:	2101      	movs	r1, #1
10009ef0:	2c02      	cmp	r4, #2
10009ef2:	eb02 0001 	add.w	r0, r2, r1
10009ef6:	eb07 0282 	add.w	r2, r7, r2, lsl #2
10009efa:	6138      	str	r0, [r7, #16]
10009efc:	6151      	str	r1, [r2, #20]
10009efe:	d0cc      	beq.n	10009e9a <__gethex+0x506>
10009f00:	4286      	cmp	r6, r0
10009f02:	da96      	bge.n	10009e32 <__gethex+0x49e>
10009f04:	e6fe      	b.n	10009d04 <__gethex+0x370>
10009f06:	2300      	movs	r3, #0
10009f08:	f8c9 3010 	str.w	r3, [r9, #16]
10009f0c:	2300      	movs	r3, #0
10009f0e:	f8c9 3014 	str.w	r3, [r9, #20]
10009f12:	e727      	b.n	10009d64 <__gethex+0x3d0>
10009f14:	eb08 0686 	add.w	r6, r8, r6, lsl #2
10009f18:	f1c5 0520 	rsb	r5, r5, #32
10009f1c:	f856 0c04 	ldr.w	r0, [r6, #-4]
10009f20:	f000 fa20 	bl	1000a364 <__hi0bits>
10009f24:	42a8      	cmp	r0, r5
10009f26:	da87      	bge.n	10009e38 <__gethex+0x4a4>
10009f28:	f8d9 0010 	ldr.w	r0, [r9, #16]
10009f2c:	e6ea      	b.n	10009d04 <__gethex+0x370>
10009f2e:	116b      	asrs	r3, r5, #5
10009f30:	f005 051f 	and.w	r5, r5, #31
10009f34:	f858 2023 	ldr.w	r2, [r8, r3, lsl #2]
10009f38:	2301      	movs	r3, #1
10009f3a:	40ab      	lsls	r3, r5
10009f3c:	4213      	tst	r3, r2
10009f3e:	bf14      	ite	ne
10009f40:	2421      	movne	r4, #33	@ 0x21
10009f42:	2422      	moveq	r4, #34	@ 0x22
10009f44:	e6a9      	b.n	10009c9a <__gethex+0x306>
10009f46:	f8c8 3000 	str.w	r3, [r8]
10009f4a:	2b00      	cmp	r3, #0
10009f4c:	d0db      	beq.n	10009f06 <__gethex+0x572>
10009f4e:	4642      	mov	r2, r8
10009f50:	e6fe      	b.n	10009d50 <__gethex+0x3bc>
10009f52:	4602      	mov	r2, r0
10009f54:	4b05      	ldr	r3, [pc, #20]	@ (10009f6c <__gethex+0x5d8>)
10009f56:	2184      	movs	r1, #132	@ 0x84
10009f58:	4805      	ldr	r0, [pc, #20]	@ (10009f70 <__gethex+0x5dc>)
10009f5a:	f7fa fa1b 	bl	10004394 <__assert_func>
10009f5e:	4602      	mov	r2, r0
10009f60:	4b02      	ldr	r3, [pc, #8]	@ (10009f6c <__gethex+0x5d8>)
10009f62:	21e4      	movs	r1, #228	@ 0xe4
10009f64:	4802      	ldr	r0, [pc, #8]	@ (10009f70 <__gethex+0x5dc>)
10009f66:	f7fa fa15 	bl	10004394 <__assert_func>
10009f6a:	bf00      	nop
10009f6c:	1000b2e0 	.word	0x1000b2e0
10009f70:	1000b2f4 	.word	0x1000b2f4

10009f74 <__match>:
10009f74:	3901      	subs	r1, #1
10009f76:	6803      	ldr	r3, [r0, #0]
10009f78:	f811 2f01 	ldrb.w	r2, [r1, #1]!
10009f7c:	f103 0c01 	add.w	ip, r3, #1
10009f80:	b1b2      	cbz	r2, 10009fb0 <__match+0x3c>
10009f82:	b500      	push	{lr}
10009f84:	e002      	b.n	10009f8c <__match+0x18>
10009f86:	f811 2f01 	ldrb.w	r2, [r1, #1]!
10009f8a:	b162      	cbz	r2, 10009fa6 <__match+0x32>
10009f8c:	f81c 3b01 	ldrb.w	r3, [ip], #1
10009f90:	f1a3 0e41 	sub.w	lr, r3, #65	@ 0x41
10009f94:	f1be 0f19 	cmp.w	lr, #25
10009f98:	bf98      	it	ls
10009f9a:	3320      	addls	r3, #32
10009f9c:	4293      	cmp	r3, r2
10009f9e:	d0f2      	beq.n	10009f86 <__match+0x12>
10009fa0:	2300      	movs	r3, #0
10009fa2:	4618      	mov	r0, r3
10009fa4:	bd00      	pop	{pc}
10009fa6:	2301      	movs	r3, #1
10009fa8:	f8c0 c000 	str.w	ip, [r0]
10009fac:	4618      	mov	r0, r3
10009fae:	bd00      	pop	{pc}
10009fb0:	2301      	movs	r3, #1
10009fb2:	f8c0 c000 	str.w	ip, [r0]
10009fb6:	4618      	mov	r0, r3
10009fb8:	4770      	bx	lr
10009fba:	bf00      	nop

10009fbc <__hexnan>:
10009fbc:	e92d 4ff0 	stmdb	sp!, {r4, r5, r6, r7, r8, r9, sl, fp, lr}
10009fc0:	4616      	mov	r6, r2
10009fc2:	680a      	ldr	r2, [r1, #0]
10009fc4:	b085      	sub	sp, #20
10009fc6:	4684      	mov	ip, r0
10009fc8:	1153      	asrs	r3, r2, #5
10009fca:	f012 021f 	ands.w	r2, r2, #31
10009fce:	eb06 0383 	add.w	r3, r6, r3, lsl #2
10009fd2:	9202      	str	r2, [sp, #8]
10009fd4:	f040 809d 	bne.w	1000a112 <__hexnan+0x156>
10009fd8:	1f18      	subs	r0, r3, #4
10009fda:	461a      	mov	r2, r3
10009fdc:	2400      	movs	r4, #0
10009fde:	f8dc 1000 	ldr.w	r1, [ip]
10009fe2:	f842 4c04 	str.w	r4, [r2, #-4]
10009fe6:	784b      	ldrb	r3, [r1, #1]
10009fe8:	2b00      	cmp	r3, #0
10009fea:	f000 80aa 	beq.w	1000a142 <__hexnan+0x186>
10009fee:	46a1      	mov	r9, r4
10009ff0:	9201      	str	r2, [sp, #4]
10009ff2:	4604      	mov	r4, r0
10009ff4:	4686      	mov	lr, r0
10009ff6:	464d      	mov	r5, r9
10009ff8:	4f62      	ldr	r7, [pc, #392]	@ (1000a184 <__hexnan+0x1c8>)
10009ffa:	46ca      	mov	sl, r9
10009ffc:	464a      	mov	r2, r9
10009ffe:	f101 0801 	add.w	r8, r1, #1
1000a002:	4683      	mov	fp, r0
1000a004:	f8cd c00c 	str.w	ip, [sp, #12]
1000a008:	5cf8      	ldrb	r0, [r7, r3]
1000a00a:	2800      	cmp	r0, #0
1000a00c:	d15f      	bne.n	1000a0ce <__hexnan+0x112>
1000a00e:	2b20      	cmp	r3, #32
1000a010:	f200 8091 	bhi.w	1000a136 <__hexnan+0x17a>
1000a014:	4295      	cmp	r5, r2
1000a016:	dd22      	ble.n	1000a05e <__hexnan+0xa2>
1000a018:	45a6      	cmp	lr, r4
1000a01a:	d21c      	bcs.n	1000a056 <__hexnan+0x9a>
1000a01c:	f1b9 0f07 	cmp.w	r9, #7
1000a020:	dc19      	bgt.n	1000a056 <__hexnan+0x9a>
1000a022:	f1c9 0c08 	rsb	ip, r9, #8
1000a026:	f8de 3000 	ldr.w	r3, [lr]
1000a02a:	4670      	mov	r0, lr
1000a02c:	f8cd e000 	str.w	lr, [sp]
1000a030:	ea4f 0c8c 	mov.w	ip, ip, lsl #2
1000a034:	4696      	mov	lr, r2
1000a036:	f1cc 0920 	rsb	r9, ip, #32
1000a03a:	6842      	ldr	r2, [r0, #4]
1000a03c:	fa02 f109 	lsl.w	r1, r2, r9
1000a040:	4319      	orrs	r1, r3
1000a042:	fa22 f30c 	lsr.w	r3, r2, ip
1000a046:	6001      	str	r1, [r0, #0]
1000a048:	f840 3f04 	str.w	r3, [r0, #4]!
1000a04c:	42a0      	cmp	r0, r4
1000a04e:	d3f4      	bcc.n	1000a03a <__hexnan+0x7e>
1000a050:	4672      	mov	r2, lr
1000a052:	f8dd e000 	ldr.w	lr, [sp]
1000a056:	4576      	cmp	r6, lr
1000a058:	d352      	bcc.n	1000a100 <__hexnan+0x144>
1000a05a:	f04f 0908 	mov.w	r9, #8
1000a05e:	f818 3f01 	ldrb.w	r3, [r8, #1]!
1000a062:	2b00      	cmp	r3, #0
1000a064:	d1d0      	bne.n	1000a008 <__hexnan+0x4c>
1000a066:	9a01      	ldr	r2, [sp, #4]
1000a068:	4658      	mov	r0, fp
1000a06a:	2d00      	cmp	r5, #0
1000a06c:	d069      	beq.n	1000a142 <__hexnan+0x186>
1000a06e:	45a6      	cmp	lr, r4
1000a070:	d202      	bcs.n	1000a078 <__hexnan+0xbc>
1000a072:	f1b9 0f07 	cmp.w	r9, #7
1000a076:	dd68      	ble.n	1000a14a <__hexnan+0x18e>
1000a078:	4576      	cmp	r6, lr
1000a07a:	d24d      	bcs.n	1000a118 <__hexnan+0x15c>
1000a07c:	1f31      	subs	r1, r6, #4
1000a07e:	4673      	mov	r3, lr
1000a080:	f853 4b04 	ldr.w	r4, [r3], #4
1000a084:	4283      	cmp	r3, r0
1000a086:	f841 4f04 	str.w	r4, [r1, #4]!
1000a08a:	d9f9      	bls.n	1000a080 <__hexnan+0xc4>
1000a08c:	eba0 030e 	sub.w	r3, r0, lr
1000a090:	1c41      	adds	r1, r0, #1
1000a092:	f10e 0e01 	add.w	lr, lr, #1
1000a096:	2400      	movs	r4, #0
1000a098:	f023 0303 	bic.w	r3, r3, #3
1000a09c:	458e      	cmp	lr, r1
1000a09e:	bf88      	it	hi
1000a0a0:	2300      	movhi	r3, #0
1000a0a2:	1d31      	adds	r1, r6, #4
1000a0a4:	440b      	add	r3, r1
1000a0a6:	4619      	mov	r1, r3
1000a0a8:	3304      	adds	r3, #4
1000a0aa:	4283      	cmp	r3, r0
1000a0ac:	600c      	str	r4, [r1, #0]
1000a0ae:	d9fa      	bls.n	1000a0a6 <__hexnan+0xea>
1000a0b0:	f852 1c04 	ldr.w	r1, [r2, #-4]
1000a0b4:	b119      	cbz	r1, 1000a0be <__hexnan+0x102>
1000a0b6:	e006      	b.n	1000a0c6 <__hexnan+0x10a>
1000a0b8:	f850 3d04 	ldr.w	r3, [r0, #-4]!
1000a0bc:	b91b      	cbnz	r3, 1000a0c6 <__hexnan+0x10a>
1000a0be:	4286      	cmp	r6, r0
1000a0c0:	d1fa      	bne.n	1000a0b8 <__hexnan+0xfc>
1000a0c2:	2301      	movs	r3, #1
1000a0c4:	6033      	str	r3, [r6, #0]
1000a0c6:	2005      	movs	r0, #5
1000a0c8:	b005      	add	sp, #20
1000a0ca:	e8bd 8ff0 	ldmia.w	sp!, {r4, r5, r6, r7, r8, r9, sl, fp, pc}
1000a0ce:	f109 0901 	add.w	r9, r9, #1
1000a0d2:	3501      	adds	r5, #1
1000a0d4:	f1b9 0f08 	cmp.w	r9, #8
1000a0d8:	dc08      	bgt.n	1000a0ec <__hexnan+0x130>
1000a0da:	f8de 3000 	ldr.w	r3, [lr]
1000a0de:	011b      	lsls	r3, r3, #4
1000a0e0:	f000 000f 	and.w	r0, r0, #15
1000a0e4:	4318      	orrs	r0, r3
1000a0e6:	f8ce 0000 	str.w	r0, [lr]
1000a0ea:	e7b8      	b.n	1000a05e <__hexnan+0xa2>
1000a0ec:	4576      	cmp	r6, lr
1000a0ee:	d2b6      	bcs.n	1000a05e <__hexnan+0xa2>
1000a0f0:	f84e ac04 	str.w	sl, [lr, #-4]
1000a0f4:	2300      	movs	r3, #0
1000a0f6:	f1ae 0e04 	sub.w	lr, lr, #4
1000a0fa:	f04f 0901 	mov.w	r9, #1
1000a0fe:	e7ef      	b.n	1000a0e0 <__hexnan+0x124>
1000a100:	f1ae 0404 	sub.w	r4, lr, #4
1000a104:	f84e ac04 	str.w	sl, [lr, #-4]
1000a108:	462a      	mov	r2, r5
1000a10a:	f04f 0900 	mov.w	r9, #0
1000a10e:	46a6      	mov	lr, r4
1000a110:	e7a5      	b.n	1000a05e <__hexnan+0xa2>
1000a112:	1d1a      	adds	r2, r3, #4
1000a114:	4618      	mov	r0, r3
1000a116:	e761      	b.n	10009fdc <__hexnan+0x20>
1000a118:	9b02      	ldr	r3, [sp, #8]
1000a11a:	f852 1c04 	ldr.w	r1, [r2, #-4]
1000a11e:	2b00      	cmp	r3, #0
1000a120:	d0c8      	beq.n	1000a0b4 <__hexnan+0xf8>
1000a122:	f1c3 0320 	rsb	r3, r3, #32
1000a126:	f04f 34ff 	mov.w	r4, #4294967295	@ 0xffffffff
1000a12a:	fa24 f303 	lsr.w	r3, r4, r3
1000a12e:	4019      	ands	r1, r3
1000a130:	f842 1c04 	str.w	r1, [r2, #-4]
1000a134:	e7be      	b.n	1000a0b4 <__hexnan+0xf8>
1000a136:	2b29      	cmp	r3, #41	@ 0x29
1000a138:	9a01      	ldr	r2, [sp, #4]
1000a13a:	4658      	mov	r0, fp
1000a13c:	f8dd c00c 	ldr.w	ip, [sp, #12]
1000a140:	d01b      	beq.n	1000a17a <__hexnan+0x1be>
1000a142:	2004      	movs	r0, #4
1000a144:	b005      	add	sp, #20
1000a146:	e8bd 8ff0 	ldmia.w	sp!, {r4, r5, r6, r7, r8, r9, sl, fp, pc}
1000a14a:	f1c9 0308 	rsb	r3, r9, #8
1000a14e:	f8de 1000 	ldr.w	r1, [lr]
1000a152:	4677      	mov	r7, lr
1000a154:	009b      	lsls	r3, r3, #2
1000a156:	460d      	mov	r5, r1
1000a158:	f1c3 0820 	rsb	r8, r3, #32
1000a15c:	469c      	mov	ip, r3
1000a15e:	687b      	ldr	r3, [r7, #4]
1000a160:	fa03 f108 	lsl.w	r1, r3, r8
1000a164:	4329      	orrs	r1, r5
1000a166:	fa23 f50c 	lsr.w	r5, r3, ip
1000a16a:	6039      	str	r1, [r7, #0]
1000a16c:	f847 5f04 	str.w	r5, [r7, #4]!
1000a170:	42a7      	cmp	r7, r4
1000a172:	d3f4      	bcc.n	1000a15e <__hexnan+0x1a2>
1000a174:	4576      	cmp	r6, lr
1000a176:	d381      	bcc.n	1000a07c <__hexnan+0xc0>
1000a178:	e7ce      	b.n	1000a118 <__hexnan+0x15c>
1000a17a:	f108 0101 	add.w	r1, r8, #1
1000a17e:	f8cc 1000 	str.w	r1, [ip]
1000a182:	e772      	b.n	1000a06a <__hexnan+0xae>
1000a184:	1000b794 	.word	0x1000b794

1000a188 <__ascii_mbtowc>:
1000a188:	b082      	sub	sp, #8
1000a18a:	b149      	cbz	r1, 1000a1a0 <__ascii_mbtowc+0x18>
1000a18c:	b15a      	cbz	r2, 1000a1a6 <__ascii_mbtowc+0x1e>
1000a18e:	b16b      	cbz	r3, 1000a1ac <__ascii_mbtowc+0x24>
1000a190:	7813      	ldrb	r3, [r2, #0]
1000a192:	600b      	str	r3, [r1, #0]
1000a194:	7812      	ldrb	r2, [r2, #0]
1000a196:	1e10      	subs	r0, r2, #0
1000a198:	bf18      	it	ne
1000a19a:	2001      	movne	r0, #1
1000a19c:	b002      	add	sp, #8
1000a19e:	4770      	bx	lr
1000a1a0:	a901      	add	r1, sp, #4
1000a1a2:	2a00      	cmp	r2, #0
1000a1a4:	d1f3      	bne.n	1000a18e <__ascii_mbtowc+0x6>
1000a1a6:	4610      	mov	r0, r2
1000a1a8:	b002      	add	sp, #8
1000a1aa:	4770      	bx	lr
1000a1ac:	f06f 0001 	mvn.w	r0, #1
1000a1b0:	e7f4      	b.n	1000a19c <__ascii_mbtowc+0x14>
1000a1b2:	bf00      	nop

1000a1b4 <_Balloc>:
1000a1b4:	b538      	push	{r3, r4, r5, lr}
1000a1b6:	6c43      	ldr	r3, [r0, #68]	@ 0x44
1000a1b8:	4605      	mov	r5, r0
1000a1ba:	460c      	mov	r4, r1
1000a1bc:	b14b      	cbz	r3, 1000a1d2 <_Balloc+0x1e>
1000a1be:	f853 0024 	ldr.w	r0, [r3, r4, lsl #2]
1000a1c2:	b180      	cbz	r0, 1000a1e6 <_Balloc+0x32>
1000a1c4:	6802      	ldr	r2, [r0, #0]
1000a1c6:	f843 2024 	str.w	r2, [r3, r4, lsl #2]
1000a1ca:	2300      	movs	r3, #0
1000a1cc:	e9c0 3303 	strd	r3, r3, [r0, #12]
1000a1d0:	bd38      	pop	{r3, r4, r5, pc}
1000a1d2:	2221      	movs	r2, #33	@ 0x21
1000a1d4:	2104      	movs	r1, #4
1000a1d6:	f7fc ff37 	bl	10007048 <_calloc_r>
1000a1da:	4603      	mov	r3, r0
1000a1dc:	6468      	str	r0, [r5, #68]	@ 0x44
1000a1de:	2800      	cmp	r0, #0
1000a1e0:	d1ed      	bne.n	1000a1be <_Balloc+0xa>
1000a1e2:	2000      	movs	r0, #0
1000a1e4:	bd38      	pop	{r3, r4, r5, pc}
1000a1e6:	2101      	movs	r1, #1
1000a1e8:	4628      	mov	r0, r5
1000a1ea:	fa01 f504 	lsl.w	r5, r1, r4
1000a1ee:	1d6a      	adds	r2, r5, #5
1000a1f0:	0092      	lsls	r2, r2, #2
1000a1f2:	f7fc ff29 	bl	10007048 <_calloc_r>
1000a1f6:	2800      	cmp	r0, #0
1000a1f8:	d0f3      	beq.n	1000a1e2 <_Balloc+0x2e>
1000a1fa:	e9c0 4501 	strd	r4, r5, [r0, #4]
1000a1fe:	e7e4      	b.n	1000a1ca <_Balloc+0x16>

1000a200 <_Bfree>:
1000a200:	b131      	cbz	r1, 1000a210 <_Bfree+0x10>
1000a202:	6c43      	ldr	r3, [r0, #68]	@ 0x44
1000a204:	684a      	ldr	r2, [r1, #4]
1000a206:	f853 0022 	ldr.w	r0, [r3, r2, lsl #2]
1000a20a:	6008      	str	r0, [r1, #0]
1000a20c:	f843 1022 	str.w	r1, [r3, r2, lsl #2]
1000a210:	4770      	bx	lr
1000a212:	bf00      	nop

1000a214 <__multadd>:
1000a214:	e92d 41f0 	stmdb	sp!, {r4, r5, r6, r7, r8, lr}
1000a218:	4617      	mov	r7, r2
1000a21a:	460e      	mov	r6, r1
1000a21c:	461c      	mov	r4, r3
1000a21e:	690d      	ldr	r5, [r1, #16]
1000a220:	f101 0214 	add.w	r2, r1, #20
1000a224:	f04f 0e00 	mov.w	lr, #0
1000a228:	6811      	ldr	r1, [r2, #0]
1000a22a:	f10e 0e01 	add.w	lr, lr, #1
1000a22e:	b28b      	uxth	r3, r1
1000a230:	4575      	cmp	r5, lr
1000a232:	ea4f 4111 	mov.w	r1, r1, lsr #16
1000a236:	fb07 4303 	mla	r3, r7, r3, r4
1000a23a:	ea4f 4c13 	mov.w	ip, r3, lsr #16
1000a23e:	b29b      	uxth	r3, r3
1000a240:	fb07 cc01 	mla	ip, r7, r1, ip
1000a244:	eb03 430c 	add.w	r3, r3, ip, lsl #16
1000a248:	ea4f 441c 	mov.w	r4, ip, lsr #16
1000a24c:	f842 3b04 	str.w	r3, [r2], #4
1000a250:	dcea      	bgt.n	1000a228 <__multadd+0x14>
1000a252:	b13c      	cbz	r4, 1000a264 <__multadd+0x50>
1000a254:	68b3      	ldr	r3, [r6, #8]
1000a256:	42ab      	cmp	r3, r5
1000a258:	dd07      	ble.n	1000a26a <__multadd+0x56>
1000a25a:	eb06 0385 	add.w	r3, r6, r5, lsl #2
1000a25e:	3501      	adds	r5, #1
1000a260:	615c      	str	r4, [r3, #20]
1000a262:	6135      	str	r5, [r6, #16]
1000a264:	4630      	mov	r0, r6
1000a266:	e8bd 81f0 	ldmia.w	sp!, {r4, r5, r6, r7, r8, pc}
1000a26a:	6871      	ldr	r1, [r6, #4]
1000a26c:	4680      	mov	r8, r0
1000a26e:	3101      	adds	r1, #1
1000a270:	f7ff ffa0 	bl	1000a1b4 <_Balloc>
1000a274:	4607      	mov	r7, r0
1000a276:	b1b0      	cbz	r0, 1000a2a6 <__multadd+0x92>
1000a278:	6932      	ldr	r2, [r6, #16]
1000a27a:	f106 010c 	add.w	r1, r6, #12
1000a27e:	300c      	adds	r0, #12
1000a280:	3202      	adds	r2, #2
1000a282:	0092      	lsls	r2, r2, #2
1000a284:	f7ff f926 	bl	100094d4 <memcpy>
1000a288:	f8d8 3044 	ldr.w	r3, [r8, #68]	@ 0x44
1000a28c:	6872      	ldr	r2, [r6, #4]
1000a28e:	f853 1022 	ldr.w	r1, [r3, r2, lsl #2]
1000a292:	6031      	str	r1, [r6, #0]
1000a294:	f843 6022 	str.w	r6, [r3, r2, lsl #2]
1000a298:	463e      	mov	r6, r7
1000a29a:	eb06 0385 	add.w	r3, r6, r5, lsl #2
1000a29e:	3501      	adds	r5, #1
1000a2a0:	615c      	str	r4, [r3, #20]
1000a2a2:	6135      	str	r5, [r6, #16]
1000a2a4:	e7de      	b.n	1000a264 <__multadd+0x50>
1000a2a6:	4602      	mov	r2, r0
1000a2a8:	4b02      	ldr	r3, [pc, #8]	@ (1000a2b4 <__multadd+0xa0>)
1000a2aa:	21ba      	movs	r1, #186	@ 0xba
1000a2ac:	4802      	ldr	r0, [pc, #8]	@ (1000a2b8 <__multadd+0xa4>)
1000a2ae:	f7fa f871 	bl	10004394 <__assert_func>
1000a2b2:	bf00      	nop
1000a2b4:	1000b2e0 	.word	0x1000b2e0
1000a2b8:	1000b360 	.word	0x1000b360

1000a2bc <__s2b>:
1000a2bc:	2b09      	cmp	r3, #9
1000a2be:	e92d 43f8 	stmdb	sp!, {r3, r4, r5, r6, r7, r8, r9, lr}
1000a2c2:	9c08      	ldr	r4, [sp, #32]
1000a2c4:	461e      	mov	r6, r3
1000a2c6:	4605      	mov	r5, r0
1000a2c8:	4688      	mov	r8, r1
1000a2ca:	4617      	mov	r7, r2
1000a2cc:	dd3b      	ble.n	1000a346 <__s2b+0x8a>
1000a2ce:	f103 0208 	add.w	r2, r3, #8
1000a2d2:	4b21      	ldr	r3, [pc, #132]	@ (1000a358 <__s2b+0x9c>)
1000a2d4:	2100      	movs	r1, #0
1000a2d6:	fba3 3202 	umull	r3, r2, r3, r2
1000a2da:	2301      	movs	r3, #1
1000a2dc:	0852      	lsrs	r2, r2, #1
1000a2de:	005b      	lsls	r3, r3, #1
1000a2e0:	3101      	adds	r1, #1
1000a2e2:	429a      	cmp	r2, r3
1000a2e4:	dcfb      	bgt.n	1000a2de <__s2b+0x22>
1000a2e6:	4628      	mov	r0, r5
1000a2e8:	f7ff ff64 	bl	1000a1b4 <_Balloc>
1000a2ec:	4601      	mov	r1, r0
1000a2ee:	b360      	cbz	r0, 1000a34a <__s2b+0x8e>
1000a2f0:	2301      	movs	r3, #1
1000a2f2:	2f09      	cmp	r7, #9
1000a2f4:	6144      	str	r4, [r0, #20]
1000a2f6:	6103      	str	r3, [r0, #16]
1000a2f8:	dc13      	bgt.n	1000a322 <__s2b+0x66>
1000a2fa:	f108 040a 	add.w	r4, r8, #10
1000a2fe:	2709      	movs	r7, #9
1000a300:	42be      	cmp	r6, r7
1000a302:	dd0b      	ble.n	1000a31c <__s2b+0x60>
1000a304:	1bf6      	subs	r6, r6, r7
1000a306:	4426      	add	r6, r4
1000a308:	f814 3b01 	ldrb.w	r3, [r4], #1
1000a30c:	220a      	movs	r2, #10
1000a30e:	4628      	mov	r0, r5
1000a310:	3b30      	subs	r3, #48	@ 0x30
1000a312:	f7ff ff7f 	bl	1000a214 <__multadd>
1000a316:	42b4      	cmp	r4, r6
1000a318:	4601      	mov	r1, r0
1000a31a:	d1f5      	bne.n	1000a308 <__s2b+0x4c>
1000a31c:	4608      	mov	r0, r1
1000a31e:	e8bd 83f8 	ldmia.w	sp!, {r3, r4, r5, r6, r7, r8, r9, pc}
1000a322:	f108 0409 	add.w	r4, r8, #9
1000a326:	44b8      	add	r8, r7
1000a328:	46a1      	mov	r9, r4
1000a32a:	f814 3b01 	ldrb.w	r3, [r4], #1
1000a32e:	220a      	movs	r2, #10
1000a330:	4628      	mov	r0, r5
1000a332:	3b30      	subs	r3, #48	@ 0x30
1000a334:	f7ff ff6e 	bl	1000a214 <__multadd>
1000a338:	4544      	cmp	r4, r8
1000a33a:	4601      	mov	r1, r0
1000a33c:	d1f5      	bne.n	1000a32a <__s2b+0x6e>
1000a33e:	eb09 0407 	add.w	r4, r9, r7
1000a342:	3c08      	subs	r4, #8
1000a344:	e7dc      	b.n	1000a300 <__s2b+0x44>
1000a346:	2100      	movs	r1, #0
1000a348:	e7cd      	b.n	1000a2e6 <__s2b+0x2a>
1000a34a:	4602      	mov	r2, r0
1000a34c:	4b03      	ldr	r3, [pc, #12]	@ (1000a35c <__s2b+0xa0>)
1000a34e:	21d3      	movs	r1, #211	@ 0xd3
1000a350:	4803      	ldr	r0, [pc, #12]	@ (1000a360 <__s2b+0xa4>)
1000a352:	f7fa f81f 	bl	10004394 <__assert_func>
1000a356:	bf00      	nop
1000a358:	38e38e39 	.word	0x38e38e39
1000a35c:	1000b2e0 	.word	0x1000b2e0
1000a360:	1000b360 	.word	0x1000b360

1000a364 <__hi0bits>:
1000a364:	f5b0 3f80 	cmp.w	r0, #65536	@ 0x10000
1000a368:	4603      	mov	r3, r0
1000a36a:	d210      	bcs.n	1000a38e <__hi0bits+0x2a>
1000a36c:	0403      	lsls	r3, r0, #16
1000a36e:	2010      	movs	r0, #16
1000a370:	f1b3 7f80 	cmp.w	r3, #16777216	@ 0x1000000
1000a374:	d201      	bcs.n	1000a37a <__hi0bits+0x16>
1000a376:	3008      	adds	r0, #8
1000a378:	021b      	lsls	r3, r3, #8
1000a37a:	f1b3 5f80 	cmp.w	r3, #268435456	@ 0x10000000
1000a37e:	d308      	bcc.n	1000a392 <__hi0bits+0x2e>
1000a380:	f1b3 4f80 	cmp.w	r3, #1073741824	@ 0x40000000
1000a384:	d210      	bcs.n	1000a3a8 <__hi0bits+0x44>
1000a386:	009a      	lsls	r2, r3, #2
1000a388:	d413      	bmi.n	1000a3b2 <__hi0bits+0x4e>
1000a38a:	3003      	adds	r0, #3
1000a38c:	4770      	bx	lr
1000a38e:	2000      	movs	r0, #0
1000a390:	e7ee      	b.n	1000a370 <__hi0bits+0xc>
1000a392:	011a      	lsls	r2, r3, #4
1000a394:	3004      	adds	r0, #4
1000a396:	f1b2 4f80 	cmp.w	r2, #1073741824	@ 0x40000000
1000a39a:	d206      	bcs.n	1000a3aa <__hi0bits+0x46>
1000a39c:	019b      	lsls	r3, r3, #6
1000a39e:	d408      	bmi.n	1000a3b2 <__hi0bits+0x4e>
1000a3a0:	005b      	lsls	r3, r3, #1
1000a3a2:	d4f2      	bmi.n	1000a38a <__hi0bits+0x26>
1000a3a4:	2020      	movs	r0, #32
1000a3a6:	4770      	bx	lr
1000a3a8:	461a      	mov	r2, r3
1000a3aa:	2a00      	cmp	r2, #0
1000a3ac:	dbfb      	blt.n	1000a3a6 <__hi0bits+0x42>
1000a3ae:	3001      	adds	r0, #1
1000a3b0:	4770      	bx	lr
1000a3b2:	3002      	adds	r0, #2
1000a3b4:	4770      	bx	lr
1000a3b6:	bf00      	nop

1000a3b8 <__lo0bits>:
1000a3b8:	6803      	ldr	r3, [r0, #0]
1000a3ba:	0759      	lsls	r1, r3, #29
1000a3bc:	d008      	beq.n	1000a3d0 <__lo0bits+0x18>
1000a3be:	07da      	lsls	r2, r3, #31
1000a3c0:	d41f      	bmi.n	1000a402 <__lo0bits+0x4a>
1000a3c2:	0799      	lsls	r1, r3, #30
1000a3c4:	d52a      	bpl.n	1000a41c <__lo0bits+0x64>
1000a3c6:	085b      	lsrs	r3, r3, #1
1000a3c8:	2201      	movs	r2, #1
1000a3ca:	6003      	str	r3, [r0, #0]
1000a3cc:	4610      	mov	r0, r2
1000a3ce:	4770      	bx	lr
1000a3d0:	b29a      	uxth	r2, r3
1000a3d2:	b982      	cbnz	r2, 1000a3f6 <__lo0bits+0x3e>
1000a3d4:	0c1b      	lsrs	r3, r3, #16
1000a3d6:	b2da      	uxtb	r2, r3
1000a3d8:	b1b2      	cbz	r2, 1000a408 <__lo0bits+0x50>
1000a3da:	2210      	movs	r2, #16
1000a3dc:	0719      	lsls	r1, r3, #28
1000a3de:	d101      	bne.n	1000a3e4 <__lo0bits+0x2c>
1000a3e0:	3204      	adds	r2, #4
1000a3e2:	091b      	lsrs	r3, r3, #4
1000a3e4:	0799      	lsls	r1, r3, #30
1000a3e6:	d014      	beq.n	1000a412 <__lo0bits+0x5a>
1000a3e8:	07d9      	lsls	r1, r3, #31
1000a3ea:	d401      	bmi.n	1000a3f0 <__lo0bits+0x38>
1000a3ec:	3201      	adds	r2, #1
1000a3ee:	085b      	lsrs	r3, r3, #1
1000a3f0:	6003      	str	r3, [r0, #0]
1000a3f2:	4610      	mov	r0, r2
1000a3f4:	4770      	bx	lr
1000a3f6:	b2da      	uxtb	r2, r3
1000a3f8:	b14a      	cbz	r2, 1000a40e <__lo0bits+0x56>
1000a3fa:	071a      	lsls	r2, r3, #28
1000a3fc:	d117      	bne.n	1000a42e <__lo0bits+0x76>
1000a3fe:	2204      	movs	r2, #4
1000a400:	e7ef      	b.n	1000a3e2 <__lo0bits+0x2a>
1000a402:	2200      	movs	r2, #0
1000a404:	4610      	mov	r0, r2
1000a406:	4770      	bx	lr
1000a408:	2218      	movs	r2, #24
1000a40a:	0a1b      	lsrs	r3, r3, #8
1000a40c:	e7e6      	b.n	1000a3dc <__lo0bits+0x24>
1000a40e:	2208      	movs	r2, #8
1000a410:	e7fb      	b.n	1000a40a <__lo0bits+0x52>
1000a412:	0759      	lsls	r1, r3, #29
1000a414:	d507      	bpl.n	1000a426 <__lo0bits+0x6e>
1000a416:	3202      	adds	r2, #2
1000a418:	089b      	lsrs	r3, r3, #2
1000a41a:	e7e9      	b.n	1000a3f0 <__lo0bits+0x38>
1000a41c:	089b      	lsrs	r3, r3, #2
1000a41e:	2202      	movs	r2, #2
1000a420:	6003      	str	r3, [r0, #0]
1000a422:	4610      	mov	r0, r2
1000a424:	4770      	bx	lr
1000a426:	08db      	lsrs	r3, r3, #3
1000a428:	d104      	bne.n	1000a434 <__lo0bits+0x7c>
1000a42a:	2220      	movs	r2, #32
1000a42c:	e7ce      	b.n	1000a3cc <__lo0bits+0x14>
1000a42e:	08db      	lsrs	r3, r3, #3
1000a430:	2203      	movs	r2, #3
1000a432:	e7dd      	b.n	1000a3f0 <__lo0bits+0x38>
1000a434:	3203      	adds	r2, #3
1000a436:	e7db      	b.n	1000a3f0 <__lo0bits+0x38>

1000a438 <__i2b>:
1000a438:	b538      	push	{r3, r4, r5, lr}
1000a43a:	6c43      	ldr	r3, [r0, #68]	@ 0x44
1000a43c:	4604      	mov	r4, r0
1000a43e:	460d      	mov	r5, r1
1000a440:	b14b      	cbz	r3, 1000a456 <__i2b+0x1e>
1000a442:	6858      	ldr	r0, [r3, #4]
1000a444:	b1b0      	cbz	r0, 1000a474 <__i2b+0x3c>
1000a446:	6802      	ldr	r2, [r0, #0]
1000a448:	605a      	str	r2, [r3, #4]
1000a44a:	2200      	movs	r2, #0
1000a44c:	2301      	movs	r3, #1
1000a44e:	6145      	str	r5, [r0, #20]
1000a450:	e9c0 2303 	strd	r2, r3, [r0, #12]
1000a454:	bd38      	pop	{r3, r4, r5, pc}
1000a456:	2221      	movs	r2, #33	@ 0x21
1000a458:	2104      	movs	r1, #4
1000a45a:	f7fc fdf5 	bl	10007048 <_calloc_r>
1000a45e:	4603      	mov	r3, r0
1000a460:	6460      	str	r0, [r4, #68]	@ 0x44
1000a462:	2800      	cmp	r0, #0
1000a464:	d1ed      	bne.n	1000a442 <__i2b+0xa>
1000a466:	4b09      	ldr	r3, [pc, #36]	@ (1000a48c <__i2b+0x54>)
1000a468:	2200      	movs	r2, #0
1000a46a:	f240 1145 	movw	r1, #325	@ 0x145
1000a46e:	4808      	ldr	r0, [pc, #32]	@ (1000a490 <__i2b+0x58>)
1000a470:	f7f9 ff90 	bl	10004394 <__assert_func>
1000a474:	221c      	movs	r2, #28
1000a476:	2101      	movs	r1, #1
1000a478:	4620      	mov	r0, r4
1000a47a:	f7fc fde5 	bl	10007048 <_calloc_r>
1000a47e:	2800      	cmp	r0, #0
1000a480:	d0f1      	beq.n	1000a466 <__i2b+0x2e>
1000a482:	2201      	movs	r2, #1
1000a484:	2302      	movs	r3, #2
1000a486:	e9c0 2301 	strd	r2, r3, [r0, #4]
1000a48a:	e7de      	b.n	1000a44a <__i2b+0x12>
1000a48c:	1000b2e0 	.word	0x1000b2e0
1000a490:	1000b360 	.word	0x1000b360

1000a494 <__multiply>:
1000a494:	e92d 4ff0 	stmdb	sp!, {r4, r5, r6, r7, r8, r9, sl, fp, lr}
1000a498:	690f      	ldr	r7, [r1, #16]
1000a49a:	b085      	sub	sp, #20
1000a49c:	6915      	ldr	r5, [r2, #16]
1000a49e:	460e      	mov	r6, r1
1000a4a0:	4690      	mov	r8, r2
1000a4a2:	42af      	cmp	r7, r5
1000a4a4:	db05      	blt.n	1000a4b2 <__multiply+0x1e>
1000a4a6:	462a      	mov	r2, r5
1000a4a8:	4643      	mov	r3, r8
1000a4aa:	463d      	mov	r5, r7
1000a4ac:	4688      	mov	r8, r1
1000a4ae:	4617      	mov	r7, r2
1000a4b0:	461e      	mov	r6, r3
1000a4b2:	19ec      	adds	r4, r5, r7
1000a4b4:	e9d8 1301 	ldrd	r1, r3, [r8, #4]
1000a4b8:	42a3      	cmp	r3, r4
1000a4ba:	bfb8      	it	lt
1000a4bc:	3101      	addlt	r1, #1
1000a4be:	f7ff fe79 	bl	1000a1b4 <_Balloc>
1000a4c2:	4684      	mov	ip, r0
1000a4c4:	2800      	cmp	r0, #0
1000a4c6:	f000 809d 	beq.w	1000a604 <__multiply+0x170>
1000a4ca:	3014      	adds	r0, #20
1000a4cc:	eb00 0e84 	add.w	lr, r0, r4, lsl #2
1000a4d0:	4570      	cmp	r0, lr
1000a4d2:	d205      	bcs.n	1000a4e0 <__multiply+0x4c>
1000a4d4:	4603      	mov	r3, r0
1000a4d6:	2100      	movs	r1, #0
1000a4d8:	f843 1b04 	str.w	r1, [r3], #4
1000a4dc:	459e      	cmp	lr, r3
1000a4de:	d8fb      	bhi.n	1000a4d8 <__multiply+0x44>
1000a4e0:	3614      	adds	r6, #20
1000a4e2:	eb06 0287 	add.w	r2, r6, r7, lsl #2
1000a4e6:	4296      	cmp	r6, r2
1000a4e8:	d27d      	bcs.n	1000a5e6 <__multiply+0x152>
1000a4ea:	f108 0714 	add.w	r7, r8, #20
1000a4ee:	f108 0315 	add.w	r3, r8, #21
1000a4f2:	4691      	mov	r9, r2
1000a4f4:	46e3      	mov	fp, ip
1000a4f6:	eb07 0585 	add.w	r5, r7, r5, lsl #2
1000a4fa:	eba5 0808 	sub.w	r8, r5, r8
1000a4fe:	42ab      	cmp	r3, r5
1000a500:	f1a8 0815 	sub.w	r8, r8, #21
1000a504:	e9cd e402 	strd	lr, r4, [sp, #8]
1000a508:	ea4f 0a98 	mov.w	sl, r8, lsr #2
1000a50c:	bf8c      	ite	hi
1000a50e:	2400      	movhi	r4, #0
1000a510:	2401      	movls	r4, #1
1000a512:	e005      	b.n	1000a520 <__multiply+0x8c>
1000a514:	0c09      	lsrs	r1, r1, #16
1000a516:	d135      	bne.n	1000a584 <__multiply+0xf0>
1000a518:	45b1      	cmp	r9, r6
1000a51a:	f100 0004 	add.w	r0, r0, #4
1000a51e:	d95f      	bls.n	1000a5e0 <__multiply+0x14c>
1000a520:	f856 1b04 	ldr.w	r1, [r6], #4
1000a524:	b28a      	uxth	r2, r1
1000a526:	2a00      	cmp	r2, #0
1000a528:	d0f4      	beq.n	1000a514 <__multiply+0x80>
1000a52a:	46b8      	mov	r8, r7
1000a52c:	4686      	mov	lr, r0
1000a52e:	2300      	movs	r3, #0
1000a530:	e9cd 9000 	strd	r9, r0, [sp]
1000a534:	f858 1b04 	ldr.w	r1, [r8], #4
1000a538:	f8de 0000 	ldr.w	r0, [lr]
1000a53c:	fa1f f981 	uxth.w	r9, r1
1000a540:	4545      	cmp	r5, r8
1000a542:	ea4f 4c11 	mov.w	ip, r1, lsr #16
1000a546:	b281      	uxth	r1, r0
1000a548:	ea4f 4010 	mov.w	r0, r0, lsr #16
1000a54c:	fb02 1109 	mla	r1, r2, r9, r1
1000a550:	fb02 000c 	mla	r0, r2, ip, r0
1000a554:	4419      	add	r1, r3
1000a556:	eb00 4011 	add.w	r0, r0, r1, lsr #16
1000a55a:	b289      	uxth	r1, r1
1000a55c:	ea4f 4310 	mov.w	r3, r0, lsr #16
1000a560:	ea41 4100 	orr.w	r1, r1, r0, lsl #16
1000a564:	f84e 1b04 	str.w	r1, [lr], #4
1000a568:	d8e4      	bhi.n	1000a534 <__multiply+0xa0>
1000a56a:	2c00      	cmp	r4, #0
1000a56c:	ea4f 028a 	mov.w	r2, sl, lsl #2
1000a570:	e9dd 9000 	ldrd	r9, r0, [sp]
1000a574:	bf08      	it	eq
1000a576:	2200      	moveq	r2, #0
1000a578:	4402      	add	r2, r0
1000a57a:	6053      	str	r3, [r2, #4]
1000a57c:	f856 1c04 	ldr.w	r1, [r6, #-4]
1000a580:	0c09      	lsrs	r1, r1, #16
1000a582:	d0c9      	beq.n	1000a518 <__multiply+0x84>
1000a584:	6803      	ldr	r3, [r0, #0]
1000a586:	468e      	mov	lr, r1
1000a588:	46bc      	mov	ip, r7
1000a58a:	4680      	mov	r8, r0
1000a58c:	2200      	movs	r2, #0
1000a58e:	4619      	mov	r1, r3
1000a590:	f8cd 9000 	str.w	r9, [sp]
1000a594:	f8bc 9000 	ldrh.w	r9, [ip]
1000a598:	b29b      	uxth	r3, r3
1000a59a:	fb0e 2909 	mla	r9, lr, r9, r2
1000a59e:	eb09 4911 	add.w	r9, r9, r1, lsr #16
1000a5a2:	ea43 4309 	orr.w	r3, r3, r9, lsl #16
1000a5a6:	f848 3b04 	str.w	r3, [r8], #4
1000a5aa:	f85c 3b04 	ldr.w	r3, [ip], #4
1000a5ae:	f8d8 1000 	ldr.w	r1, [r8]
1000a5b2:	0c1b      	lsrs	r3, r3, #16
1000a5b4:	4565      	cmp	r5, ip
1000a5b6:	b28a      	uxth	r2, r1
1000a5b8:	fb0e 2303 	mla	r3, lr, r3, r2
1000a5bc:	eb03 4319 	add.w	r3, r3, r9, lsr #16
1000a5c0:	ea4f 4213 	mov.w	r2, r3, lsr #16
1000a5c4:	d8e6      	bhi.n	1000a594 <__multiply+0x100>
1000a5c6:	2c00      	cmp	r4, #0
1000a5c8:	ea4f 028a 	mov.w	r2, sl, lsl #2
1000a5cc:	f8dd 9000 	ldr.w	r9, [sp]
1000a5d0:	bf08      	it	eq
1000a5d2:	2200      	moveq	r2, #0
1000a5d4:	45b1      	cmp	r9, r6
1000a5d6:	4402      	add	r2, r0
1000a5d8:	f100 0004 	add.w	r0, r0, #4
1000a5dc:	6053      	str	r3, [r2, #4]
1000a5de:	d89f      	bhi.n	1000a520 <__multiply+0x8c>
1000a5e0:	46dc      	mov	ip, fp
1000a5e2:	e9dd e402 	ldrd	lr, r4, [sp, #8]
1000a5e6:	2c00      	cmp	r4, #0
1000a5e8:	dc02      	bgt.n	1000a5f0 <__multiply+0x15c>
1000a5ea:	e005      	b.n	1000a5f8 <__multiply+0x164>
1000a5ec:	3c01      	subs	r4, #1
1000a5ee:	d003      	beq.n	1000a5f8 <__multiply+0x164>
1000a5f0:	f85e 3d04 	ldr.w	r3, [lr, #-4]!
1000a5f4:	2b00      	cmp	r3, #0
1000a5f6:	d0f9      	beq.n	1000a5ec <__multiply+0x158>
1000a5f8:	4660      	mov	r0, ip
1000a5fa:	f8cc 4010 	str.w	r4, [ip, #16]
1000a5fe:	b005      	add	sp, #20
1000a600:	e8bd 8ff0 	ldmia.w	sp!, {r4, r5, r6, r7, r8, r9, sl, fp, pc}
1000a604:	4602      	mov	r2, r0
1000a606:	4b03      	ldr	r3, [pc, #12]	@ (1000a614 <__multiply+0x180>)
1000a608:	f44f 71b1 	mov.w	r1, #354	@ 0x162
1000a60c:	4802      	ldr	r0, [pc, #8]	@ (1000a618 <__multiply+0x184>)
1000a60e:	f7f9 fec1 	bl	10004394 <__assert_func>
1000a612:	bf00      	nop
1000a614:	1000b2e0 	.word	0x1000b2e0
1000a618:	1000b360 	.word	0x1000b360

1000a61c <__pow5mult>:
1000a61c:	b5f8      	push	{r3, r4, r5, r6, r7, lr}
1000a61e:	f012 0303 	ands.w	r3, r2, #3
1000a622:	4614      	mov	r4, r2
1000a624:	4607      	mov	r7, r0
1000a626:	d12f      	bne.n	1000a688 <__pow5mult+0x6c>
1000a628:	460e      	mov	r6, r1
1000a62a:	10a4      	asrs	r4, r4, #2
1000a62c:	d02a      	beq.n	1000a684 <__pow5mult+0x68>
1000a62e:	6c3d      	ldr	r5, [r7, #64]	@ 0x40
1000a630:	2d00      	cmp	r5, #0
1000a632:	d032      	beq.n	1000a69a <__pow5mult+0x7e>
1000a634:	f004 0301 	and.w	r3, r4, #1
1000a638:	1064      	asrs	r4, r4, #1
1000a63a:	b93b      	cbnz	r3, 1000a64c <__pow5mult+0x30>
1000a63c:	6828      	ldr	r0, [r5, #0]
1000a63e:	b1b8      	cbz	r0, 1000a670 <__pow5mult+0x54>
1000a640:	4605      	mov	r5, r0
1000a642:	f004 0301 	and.w	r3, r4, #1
1000a646:	1064      	asrs	r4, r4, #1
1000a648:	2b00      	cmp	r3, #0
1000a64a:	d0f7      	beq.n	1000a63c <__pow5mult+0x20>
1000a64c:	462a      	mov	r2, r5
1000a64e:	4631      	mov	r1, r6
1000a650:	4638      	mov	r0, r7
1000a652:	f7ff ff1f 	bl	1000a494 <__multiply>
1000a656:	b136      	cbz	r6, 1000a666 <__pow5mult+0x4a>
1000a658:	6c7b      	ldr	r3, [r7, #68]	@ 0x44
1000a65a:	6871      	ldr	r1, [r6, #4]
1000a65c:	f853 2021 	ldr.w	r2, [r3, r1, lsl #2]
1000a660:	6032      	str	r2, [r6, #0]
1000a662:	f843 6021 	str.w	r6, [r3, r1, lsl #2]
1000a666:	b174      	cbz	r4, 1000a686 <__pow5mult+0x6a>
1000a668:	4606      	mov	r6, r0
1000a66a:	6828      	ldr	r0, [r5, #0]
1000a66c:	2800      	cmp	r0, #0
1000a66e:	d1e7      	bne.n	1000a640 <__pow5mult+0x24>
1000a670:	462a      	mov	r2, r5
1000a672:	4629      	mov	r1, r5
1000a674:	4638      	mov	r0, r7
1000a676:	f7ff ff0d 	bl	1000a494 <__multiply>
1000a67a:	2300      	movs	r3, #0
1000a67c:	6028      	str	r0, [r5, #0]
1000a67e:	4605      	mov	r5, r0
1000a680:	6003      	str	r3, [r0, #0]
1000a682:	e7de      	b.n	1000a642 <__pow5mult+0x26>
1000a684:	4630      	mov	r0, r6
1000a686:	bdf8      	pop	{r3, r4, r5, r6, r7, pc}
1000a688:	3b01      	subs	r3, #1
1000a68a:	4a0f      	ldr	r2, [pc, #60]	@ (1000a6c8 <__pow5mult+0xac>)
1000a68c:	f852 2023 	ldr.w	r2, [r2, r3, lsl #2]
1000a690:	2300      	movs	r3, #0
1000a692:	f7ff fdbf 	bl	1000a214 <__multadd>
1000a696:	4606      	mov	r6, r0
1000a698:	e7c7      	b.n	1000a62a <__pow5mult+0xe>
1000a69a:	2101      	movs	r1, #1
1000a69c:	4638      	mov	r0, r7
1000a69e:	f7ff fd89 	bl	1000a1b4 <_Balloc>
1000a6a2:	4605      	mov	r5, r0
1000a6a4:	b140      	cbz	r0, 1000a6b8 <__pow5mult+0x9c>
1000a6a6:	2301      	movs	r3, #1
1000a6a8:	f240 2271 	movw	r2, #625	@ 0x271
1000a6ac:	e9c0 3204 	strd	r3, r2, [r0, #16]
1000a6b0:	2300      	movs	r3, #0
1000a6b2:	6438      	str	r0, [r7, #64]	@ 0x40
1000a6b4:	6003      	str	r3, [r0, #0]
1000a6b6:	e7bd      	b.n	1000a634 <__pow5mult+0x18>
1000a6b8:	4602      	mov	r2, r0
1000a6ba:	4b04      	ldr	r3, [pc, #16]	@ (1000a6cc <__pow5mult+0xb0>)
1000a6bc:	f240 1145 	movw	r1, #325	@ 0x145
1000a6c0:	4803      	ldr	r0, [pc, #12]	@ (1000a6d0 <__pow5mult+0xb4>)
1000a6c2:	f7f9 fe67 	bl	10004394 <__assert_func>
1000a6c6:	bf00      	nop
1000a6c8:	1000b894 	.word	0x1000b894
1000a6cc:	1000b2e0 	.word	0x1000b2e0
1000a6d0:	1000b360 	.word	0x1000b360

1000a6d4 <__lshift>:
1000a6d4:	e92d 47f0 	stmdb	sp!, {r4, r5, r6, r7, r8, r9, sl, lr}
1000a6d8:	460d      	mov	r5, r1
1000a6da:	4691      	mov	r9, r2
1000a6dc:	4607      	mov	r7, r0
1000a6de:	ea4f 1862 	mov.w	r8, r2, asr #5
1000a6e2:	692e      	ldr	r6, [r5, #16]
1000a6e4:	68ab      	ldr	r3, [r5, #8]
1000a6e6:	eb06 1662 	add.w	r6, r6, r2, asr #5
1000a6ea:	6849      	ldr	r1, [r1, #4]
1000a6ec:	1c74      	adds	r4, r6, #1
1000a6ee:	429c      	cmp	r4, r3
1000a6f0:	dd03      	ble.n	1000a6fa <__lshift+0x26>
1000a6f2:	005b      	lsls	r3, r3, #1
1000a6f4:	3101      	adds	r1, #1
1000a6f6:	429c      	cmp	r4, r3
1000a6f8:	dcfb      	bgt.n	1000a6f2 <__lshift+0x1e>
1000a6fa:	4638      	mov	r0, r7
1000a6fc:	f7ff fd5a 	bl	1000a1b4 <_Balloc>
1000a700:	2800      	cmp	r0, #0
1000a702:	d04e      	beq.n	1000a7a2 <__lshift+0xce>
1000a704:	f1b8 0f00 	cmp.w	r8, #0
1000a708:	f100 0c14 	add.w	ip, r0, #20
1000a70c:	dd0b      	ble.n	1000a726 <__lshift+0x52>
1000a70e:	f108 0105 	add.w	r1, r8, #5
1000a712:	4663      	mov	r3, ip
1000a714:	2200      	movs	r2, #0
1000a716:	eb00 0181 	add.w	r1, r0, r1, lsl #2
1000a71a:	f843 2b04 	str.w	r2, [r3], #4
1000a71e:	428b      	cmp	r3, r1
1000a720:	d1fb      	bne.n	1000a71a <__lshift+0x46>
1000a722:	eb0c 0c88 	add.w	ip, ip, r8, lsl #2
1000a726:	f105 0314 	add.w	r3, r5, #20
1000a72a:	6929      	ldr	r1, [r5, #16]
1000a72c:	f019 081f 	ands.w	r8, r9, #31
1000a730:	eb03 0e81 	add.w	lr, r3, r1, lsl #2
1000a734:	d02c      	beq.n	1000a790 <__lshift+0xbc>
1000a736:	f1c8 0920 	rsb	r9, r8, #32
1000a73a:	4662      	mov	r2, ip
1000a73c:	f04f 0a00 	mov.w	sl, #0
1000a740:	6819      	ldr	r1, [r3, #0]
1000a742:	fa01 f108 	lsl.w	r1, r1, r8
1000a746:	ea41 010a 	orr.w	r1, r1, sl
1000a74a:	f842 1b04 	str.w	r1, [r2], #4
1000a74e:	f853 1b04 	ldr.w	r1, [r3], #4
1000a752:	459e      	cmp	lr, r3
1000a754:	fa21 fa09 	lsr.w	sl, r1, r9
1000a758:	d8f2      	bhi.n	1000a740 <__lshift+0x6c>
1000a75a:	ebae 0305 	sub.w	r3, lr, r5
1000a75e:	f105 0215 	add.w	r2, r5, #21
1000a762:	3b15      	subs	r3, #21
1000a764:	f023 0303 	bic.w	r3, r3, #3
1000a768:	4596      	cmp	lr, r2
1000a76a:	bf38      	it	cc
1000a76c:	2300      	movcc	r3, #0
1000a76e:	3304      	adds	r3, #4
1000a770:	f84c a003 	str.w	sl, [ip, r3]
1000a774:	f1ba 0f00 	cmp.w	sl, #0
1000a778:	d100      	bne.n	1000a77c <__lshift+0xa8>
1000a77a:	4634      	mov	r4, r6
1000a77c:	6c7b      	ldr	r3, [r7, #68]	@ 0x44
1000a77e:	686a      	ldr	r2, [r5, #4]
1000a780:	6104      	str	r4, [r0, #16]
1000a782:	f853 1022 	ldr.w	r1, [r3, r2, lsl #2]
1000a786:	6029      	str	r1, [r5, #0]
1000a788:	f843 5022 	str.w	r5, [r3, r2, lsl #2]
1000a78c:	e8bd 87f0 	ldmia.w	sp!, {r4, r5, r6, r7, r8, r9, sl, pc}
1000a790:	f1ac 0c04 	sub.w	ip, ip, #4
1000a794:	f853 2b04 	ldr.w	r2, [r3], #4
1000a798:	459e      	cmp	lr, r3
1000a79a:	f84c 2f04 	str.w	r2, [ip, #4]!
1000a79e:	d8f9      	bhi.n	1000a794 <__lshift+0xc0>
1000a7a0:	e7eb      	b.n	1000a77a <__lshift+0xa6>
1000a7a2:	4602      	mov	r2, r0
1000a7a4:	4b02      	ldr	r3, [pc, #8]	@ (1000a7b0 <__lshift+0xdc>)
1000a7a6:	f44f 71ef 	mov.w	r1, #478	@ 0x1de
1000a7aa:	4802      	ldr	r0, [pc, #8]	@ (1000a7b4 <__lshift+0xe0>)
1000a7ac:	f7f9 fdf2 	bl	10004394 <__assert_func>
1000a7b0:	1000b2e0 	.word	0x1000b2e0
1000a7b4:	1000b360 	.word	0x1000b360

1000a7b8 <__mcmp>:
1000a7b8:	6903      	ldr	r3, [r0, #16]
1000a7ba:	690a      	ldr	r2, [r1, #16]
1000a7bc:	b500      	push	{lr}
1000a7be:	ebb3 0e02 	subs.w	lr, r3, r2
1000a7c2:	d112      	bne.n	1000a7ea <__mcmp+0x32>
1000a7c4:	f100 0c14 	add.w	ip, r0, #20
1000a7c8:	3114      	adds	r1, #20
1000a7ca:	eb0c 0382 	add.w	r3, ip, r2, lsl #2
1000a7ce:	eb01 0182 	add.w	r1, r1, r2, lsl #2
1000a7d2:	e001      	b.n	1000a7d8 <__mcmp+0x20>
1000a7d4:	459c      	cmp	ip, r3
1000a7d6:	d208      	bcs.n	1000a7ea <__mcmp+0x32>
1000a7d8:	f853 0d04 	ldr.w	r0, [r3, #-4]!
1000a7dc:	f851 2d04 	ldr.w	r2, [r1, #-4]!
1000a7e0:	4290      	cmp	r0, r2
1000a7e2:	d0f7      	beq.n	1000a7d4 <__mcmp+0x1c>
1000a7e4:	d203      	bcs.n	1000a7ee <__mcmp+0x36>
1000a7e6:	f04f 3eff 	mov.w	lr, #4294967295	@ 0xffffffff
1000a7ea:	4670      	mov	r0, lr
1000a7ec:	bd00      	pop	{pc}
1000a7ee:	f04f 0e01 	mov.w	lr, #1
1000a7f2:	4670      	mov	r0, lr
1000a7f4:	bd00      	pop	{pc}
1000a7f6:	bf00      	nop

1000a7f8 <__mdiff>:
1000a7f8:	e92d 4ff0 	stmdb	sp!, {r4, r5, r6, r7, r8, r9, sl, fp, lr}
1000a7fc:	4617      	mov	r7, r2
1000a7fe:	690a      	ldr	r2, [r1, #16]
1000a800:	b083      	sub	sp, #12
1000a802:	460c      	mov	r4, r1
1000a804:	693b      	ldr	r3, [r7, #16]
1000a806:	eba2 0803 	sub.w	r8, r2, r3
1000a80a:	f1b8 0f00 	cmp.w	r8, #0
1000a80e:	d115      	bne.n	1000a83c <__mdiff+0x44>
1000a810:	3114      	adds	r1, #20
1000a812:	f107 0514 	add.w	r5, r7, #20
1000a816:	eb05 0583 	add.w	r5, r5, r3, lsl #2
1000a81a:	eb01 0383 	add.w	r3, r1, r3, lsl #2
1000a81e:	e002      	b.n	1000a826 <__mdiff+0x2e>
1000a820:	4299      	cmp	r1, r3
1000a822:	f080 8087 	bcs.w	1000a934 <__mdiff+0x13c>
1000a826:	f853 6d04 	ldr.w	r6, [r3, #-4]!
1000a82a:	f855 2d04 	ldr.w	r2, [r5, #-4]!
1000a82e:	4296      	cmp	r6, r2
1000a830:	d0f6      	beq.n	1000a820 <__mdiff+0x28>
1000a832:	f080 808c 	bcs.w	1000a94e <__mdiff+0x156>
1000a836:	f04f 0801 	mov.w	r8, #1
1000a83a:	e005      	b.n	1000a848 <__mdiff+0x50>
1000a83c:	dbfb      	blt.n	1000a836 <__mdiff+0x3e>
1000a83e:	463b      	mov	r3, r7
1000a840:	f04f 0800 	mov.w	r8, #0
1000a844:	460f      	mov	r7, r1
1000a846:	461c      	mov	r4, r3
1000a848:	6879      	ldr	r1, [r7, #4]
1000a84a:	f7ff fcb3 	bl	1000a1b4 <_Balloc>
1000a84e:	2800      	cmp	r0, #0
1000a850:	f000 808a 	beq.w	1000a968 <__mdiff+0x170>
1000a854:	693a      	ldr	r2, [r7, #16]
1000a856:	f107 0110 	add.w	r1, r7, #16
1000a85a:	f8c0 800c 	str.w	r8, [r0, #12]
1000a85e:	4683      	mov	fp, r0
1000a860:	f107 0814 	add.w	r8, r7, #20
1000a864:	6926      	ldr	r6, [r4, #16]
1000a866:	f100 0714 	add.w	r7, r0, #20
1000a86a:	f104 0014 	add.w	r0, r4, #20
1000a86e:	eb08 0e82 	add.w	lr, r8, r2, lsl #2
1000a872:	4694      	mov	ip, r2
1000a874:	eb00 0686 	add.w	r6, r0, r6, lsl #2
1000a878:	2300      	movs	r3, #0
1000a87a:	46b9      	mov	r9, r7
1000a87c:	46c2      	mov	sl, r8
1000a87e:	460a      	mov	r2, r1
1000a880:	9401      	str	r4, [sp, #4]
1000a882:	f850 1b04 	ldr.w	r1, [r0], #4
1000a886:	f852 5f04 	ldr.w	r5, [r2, #4]!
1000a88a:	b28c      	uxth	r4, r1
1000a88c:	4286      	cmp	r6, r0
1000a88e:	fa1f f885 	uxth.w	r8, r5
1000a892:	ea4f 4111 	mov.w	r1, r1, lsr #16
1000a896:	eba8 0804 	sub.w	r8, r8, r4
1000a89a:	ebc1 4115 	rsb	r1, r1, r5, lsr #16
1000a89e:	4498      	add	r8, r3
1000a8a0:	eb01 4128 	add.w	r1, r1, r8, asr #16
1000a8a4:	fa1f f888 	uxth.w	r8, r8
1000a8a8:	ea4f 4321 	mov.w	r3, r1, asr #16
1000a8ac:	ea48 4401 	orr.w	r4, r8, r1, lsl #16
1000a8b0:	f849 4b04 	str.w	r4, [r9], #4
1000a8b4:	d8e5      	bhi.n	1000a882 <__mdiff+0x8a>
1000a8b6:	46a1      	mov	r9, r4
1000a8b8:	9c01      	ldr	r4, [sp, #4]
1000a8ba:	4662      	mov	r2, ip
1000a8bc:	46dc      	mov	ip, fp
1000a8be:	1b31      	subs	r1, r6, r4
1000a8c0:	3415      	adds	r4, #21
1000a8c2:	3915      	subs	r1, #21
1000a8c4:	f021 0103 	bic.w	r1, r1, #3
1000a8c8:	42a6      	cmp	r6, r4
1000a8ca:	bf38      	it	cc
1000a8cc:	2100      	movcc	r1, #0
1000a8ce:	eb0a 0501 	add.w	r5, sl, r1
1000a8d2:	19cc      	adds	r4, r1, r7
1000a8d4:	3504      	adds	r5, #4
1000a8d6:	45ae      	cmp	lr, r5
1000a8d8:	4628      	mov	r0, r5
1000a8da:	d93c      	bls.n	1000a956 <__mdiff+0x15e>
1000a8dc:	eba7 070a 	sub.w	r7, r7, sl
1000a8e0:	3404      	adds	r4, #4
1000a8e2:	eb00 0807 	add.w	r8, r0, r7
1000a8e6:	f850 1b04 	ldr.w	r1, [r0], #4
1000a8ea:	fa1f f981 	uxth.w	r9, r1
1000a8ee:	18ce      	adds	r6, r1, r3
1000a8f0:	0c09      	lsrs	r1, r1, #16
1000a8f2:	4586      	cmp	lr, r0
1000a8f4:	444b      	add	r3, r9
1000a8f6:	b2b6      	uxth	r6, r6
1000a8f8:	eb01 4123 	add.w	r1, r1, r3, asr #16
1000a8fc:	ea46 4601 	orr.w	r6, r6, r1, lsl #16
1000a900:	ea4f 4321 	mov.w	r3, r1, asr #16
1000a904:	f8c8 6000 	str.w	r6, [r8]
1000a908:	d8eb      	bhi.n	1000a8e2 <__mdiff+0xea>
1000a90a:	f10e 33ff 	add.w	r3, lr, #4294967295	@ 0xffffffff
1000a90e:	46b1      	mov	r9, r6
1000a910:	1b5b      	subs	r3, r3, r5
1000a912:	f023 0303 	bic.w	r3, r3, #3
1000a916:	4423      	add	r3, r4
1000a918:	f1b9 0f00 	cmp.w	r9, #0
1000a91c:	d104      	bne.n	1000a928 <__mdiff+0x130>
1000a91e:	f853 1d04 	ldr.w	r1, [r3, #-4]!
1000a922:	3a01      	subs	r2, #1
1000a924:	2900      	cmp	r1, #0
1000a926:	d0fa      	beq.n	1000a91e <__mdiff+0x126>
1000a928:	4660      	mov	r0, ip
1000a92a:	f8cc 2010 	str.w	r2, [ip, #16]
1000a92e:	b003      	add	sp, #12
1000a930:	e8bd 8ff0 	ldmia.w	sp!, {r4, r5, r6, r7, r8, r9, sl, fp, pc}
1000a934:	2100      	movs	r1, #0
1000a936:	f7ff fc3d 	bl	1000a1b4 <_Balloc>
1000a93a:	4684      	mov	ip, r0
1000a93c:	b168      	cbz	r0, 1000a95a <__mdiff+0x162>
1000a93e:	2201      	movs	r2, #1
1000a940:	2300      	movs	r3, #0
1000a942:	e9c0 2304 	strd	r2, r3, [r0, #16]
1000a946:	4660      	mov	r0, ip
1000a948:	b003      	add	sp, #12
1000a94a:	e8bd 8ff0 	ldmia.w	sp!, {r4, r5, r6, r7, r8, r9, sl, fp, pc}
1000a94e:	463b      	mov	r3, r7
1000a950:	4627      	mov	r7, r4
1000a952:	461c      	mov	r4, r3
1000a954:	e778      	b.n	1000a848 <__mdiff+0x50>
1000a956:	4623      	mov	r3, r4
1000a958:	e7de      	b.n	1000a918 <__mdiff+0x120>
1000a95a:	4602      	mov	r2, r0
1000a95c:	4b06      	ldr	r3, [pc, #24]	@ (1000a978 <__mdiff+0x180>)
1000a95e:	f240 2137 	movw	r1, #567	@ 0x237
1000a962:	4806      	ldr	r0, [pc, #24]	@ (1000a97c <__mdiff+0x184>)
1000a964:	f7f9 fd16 	bl	10004394 <__assert_func>
1000a968:	4602      	mov	r2, r0
1000a96a:	4b03      	ldr	r3, [pc, #12]	@ (1000a978 <__mdiff+0x180>)
1000a96c:	f240 2145 	movw	r1, #581	@ 0x245
1000a970:	4802      	ldr	r0, [pc, #8]	@ (1000a97c <__mdiff+0x184>)
1000a972:	f7f9 fd0f 	bl	10004394 <__assert_func>
1000a976:	bf00      	nop
1000a978:	1000b2e0 	.word	0x1000b2e0
1000a97c:	1000b360 	.word	0x1000b360

1000a980 <__ulp>:
1000a980:	4b11      	ldr	r3, [pc, #68]	@ (1000a9c8 <__ulp+0x48>)
1000a982:	400b      	ands	r3, r1
1000a984:	f1a3 7350 	sub.w	r3, r3, #54525952	@ 0x3400000
1000a988:	2b00      	cmp	r3, #0
1000a98a:	dd03      	ble.n	1000a994 <__ulp+0x14>
1000a98c:	2200      	movs	r2, #0
1000a98e:	4619      	mov	r1, r3
1000a990:	4610      	mov	r0, r2
1000a992:	4770      	bx	lr
1000a994:	425b      	negs	r3, r3
1000a996:	f1b3 7fa0 	cmp.w	r3, #20971520	@ 0x1400000
1000a99a:	ea4f 5123 	mov.w	r1, r3, asr #20
1000a99e:	da06      	bge.n	1000a9ae <__ulp+0x2e>
1000a9a0:	f44f 2300 	mov.w	r3, #524288	@ 0x80000
1000a9a4:	2200      	movs	r2, #0
1000a9a6:	410b      	asrs	r3, r1
1000a9a8:	4610      	mov	r0, r2
1000a9aa:	4619      	mov	r1, r3
1000a9ac:	4770      	bx	lr
1000a9ae:	3914      	subs	r1, #20
1000a9b0:	291e      	cmp	r1, #30
1000a9b2:	dd04      	ble.n	1000a9be <__ulp+0x3e>
1000a9b4:	2201      	movs	r2, #1
1000a9b6:	2300      	movs	r3, #0
1000a9b8:	4610      	mov	r0, r2
1000a9ba:	4619      	mov	r1, r3
1000a9bc:	4770      	bx	lr
1000a9be:	f04f 4200 	mov.w	r2, #2147483648	@ 0x80000000
1000a9c2:	40ca      	lsrs	r2, r1
1000a9c4:	e7f7      	b.n	1000a9b6 <__ulp+0x36>
1000a9c6:	bf00      	nop
1000a9c8:	7ff00000 	.word	0x7ff00000

1000a9cc <__b2d>:
1000a9cc:	b5f8      	push	{r3, r4, r5, r6, r7, lr}
1000a9ce:	6904      	ldr	r4, [r0, #16]
1000a9d0:	f100 0614 	add.w	r6, r0, #20
1000a9d4:	eb06 0484 	add.w	r4, r6, r4, lsl #2
1000a9d8:	f854 7c04 	ldr.w	r7, [r4, #-4]
1000a9dc:	1f25      	subs	r5, r4, #4
1000a9de:	4638      	mov	r0, r7
1000a9e0:	f7ff fcc0 	bl	1000a364 <__hi0bits>
1000a9e4:	f1c0 0320 	rsb	r3, r0, #32
1000a9e8:	280a      	cmp	r0, #10
1000a9ea:	600b      	str	r3, [r1, #0]
1000a9ec:	dd2c      	ble.n	1000aa48 <__b2d+0x7c>
1000a9ee:	42ae      	cmp	r6, r5
1000a9f0:	f1a0 020b 	sub.w	r2, r0, #11
1000a9f4:	d218      	bcs.n	1000aa28 <__b2d+0x5c>
1000a9f6:	f854 3c08 	ldr.w	r3, [r4, #-8]
1000a9fa:	b302      	cbz	r2, 1000aa3e <__b2d+0x72>
1000a9fc:	f1c2 0520 	rsb	r5, r2, #32
1000aa00:	4097      	lsls	r7, r2
1000aa02:	f1a4 0008 	sub.w	r0, r4, #8
1000aa06:	fa23 f105 	lsr.w	r1, r3, r5
1000aa0a:	4093      	lsls	r3, r2
1000aa0c:	4286      	cmp	r6, r0
1000aa0e:	4a19      	ldr	r2, [pc, #100]	@ (1000aa74 <__b2d+0xa8>)
1000aa10:	ea47 0701 	orr.w	r7, r7, r1
1000aa14:	ea47 0202 	orr.w	r2, r7, r2
1000aa18:	d213      	bcs.n	1000aa42 <__b2d+0x76>
1000aa1a:	f854 0c0c 	ldr.w	r0, [r4, #-12]
1000aa1e:	4611      	mov	r1, r2
1000aa20:	40e8      	lsrs	r0, r5
1000aa22:	4303      	orrs	r3, r0
1000aa24:	4618      	mov	r0, r3
1000aa26:	bdf8      	pop	{r3, r4, r5, r6, r7, pc}
1000aa28:	280b      	cmp	r0, #11
1000aa2a:	d007      	beq.n	1000aa3c <__b2d+0x70>
1000aa2c:	fa07 f002 	lsl.w	r0, r7, r2
1000aa30:	4a10      	ldr	r2, [pc, #64]	@ (1000aa74 <__b2d+0xa8>)
1000aa32:	2300      	movs	r3, #0
1000aa34:	4302      	orrs	r2, r0
1000aa36:	4618      	mov	r0, r3
1000aa38:	4611      	mov	r1, r2
1000aa3a:	bdf8      	pop	{r3, r4, r5, r6, r7, pc}
1000aa3c:	2300      	movs	r3, #0
1000aa3e:	4a0d      	ldr	r2, [pc, #52]	@ (1000aa74 <__b2d+0xa8>)
1000aa40:	433a      	orrs	r2, r7
1000aa42:	4618      	mov	r0, r3
1000aa44:	4611      	mov	r1, r2
1000aa46:	bdf8      	pop	{r3, r4, r5, r6, r7, pc}
1000aa48:	f1c0 030b 	rsb	r3, r0, #11
1000aa4c:	4a09      	ldr	r2, [pc, #36]	@ (1000aa74 <__b2d+0xa8>)
1000aa4e:	42ae      	cmp	r6, r5
1000aa50:	fa27 fc03 	lsr.w	ip, r7, r3
1000aa54:	ea4c 0202 	orr.w	r2, ip, r2
1000aa58:	d308      	bcc.n	1000aa6c <__b2d+0xa0>
1000aa5a:	2400      	movs	r4, #0
1000aa5c:	f100 0315 	add.w	r3, r0, #21
1000aa60:	4611      	mov	r1, r2
1000aa62:	fa07 f303 	lsl.w	r3, r7, r3
1000aa66:	4323      	orrs	r3, r4
1000aa68:	4618      	mov	r0, r3
1000aa6a:	bdf8      	pop	{r3, r4, r5, r6, r7, pc}
1000aa6c:	f854 4c08 	ldr.w	r4, [r4, #-8]
1000aa70:	40dc      	lsrs	r4, r3
1000aa72:	e7f3      	b.n	1000aa5c <__b2d+0x90>
1000aa74:	3ff00000 	.word	0x3ff00000

1000aa78 <__d2b>:
1000aa78:	b530      	push	{r4, r5, lr}
1000aa7a:	b085      	sub	sp, #20
1000aa7c:	2101      	movs	r1, #1
1000aa7e:	e9cd 2300 	strd	r2, r3, [sp]
1000aa82:	f7ff fb97 	bl	1000a1b4 <_Balloc>
1000aa86:	4605      	mov	r5, r0
1000aa88:	e9dd 2300 	ldrd	r2, r3, [sp]
1000aa8c:	2800      	cmp	r0, #0
1000aa8e:	d044      	beq.n	1000ab1a <__d2b+0xa2>
1000aa90:	f3c3 540a 	ubfx	r4, r3, #20, #11
1000aa94:	f3c3 0113 	ubfx	r1, r3, #0, #20
1000aa98:	b10c      	cbz	r4, 1000aa9e <__d2b+0x26>
1000aa9a:	f441 1180 	orr.w	r1, r1, #1048576	@ 0x100000
1000aa9e:	2a00      	cmp	r2, #0
1000aaa0:	9103      	str	r1, [sp, #12]
1000aaa2:	d114      	bne.n	1000aace <__d2b+0x56>
1000aaa4:	a803      	add	r0, sp, #12
1000aaa6:	f7ff fc87 	bl	1000a3b8 <__lo0bits>
1000aaaa:	9b03      	ldr	r3, [sp, #12]
1000aaac:	2101      	movs	r1, #1
1000aaae:	3020      	adds	r0, #32
1000aab0:	616b      	str	r3, [r5, #20]
1000aab2:	6129      	str	r1, [r5, #16]
1000aab4:	b30c      	cbz	r4, 1000aafa <__d2b+0x82>
1000aab6:	f2a4 4433 	subw	r4, r4, #1075	@ 0x433
1000aaba:	9b08      	ldr	r3, [sp, #32]
1000aabc:	f1c0 0135 	rsb	r1, r0, #53	@ 0x35
1000aac0:	4404      	add	r4, r0
1000aac2:	4628      	mov	r0, r5
1000aac4:	601c      	str	r4, [r3, #0]
1000aac6:	9b09      	ldr	r3, [sp, #36]	@ 0x24
1000aac8:	6019      	str	r1, [r3, #0]
1000aaca:	b005      	add	sp, #20
1000aacc:	bd30      	pop	{r4, r5, pc}
1000aace:	a802      	add	r0, sp, #8
1000aad0:	9202      	str	r2, [sp, #8]
1000aad2:	f7ff fc71 	bl	1000a3b8 <__lo0bits>
1000aad6:	e9dd 2302 	ldrd	r2, r3, [sp, #8]
1000aada:	b128      	cbz	r0, 1000aae8 <__d2b+0x70>
1000aadc:	f1c0 0120 	rsb	r1, r0, #32
1000aae0:	fa03 f101 	lsl.w	r1, r3, r1
1000aae4:	40c3      	lsrs	r3, r0
1000aae6:	430a      	orrs	r2, r1
1000aae8:	2b00      	cmp	r3, #0
1000aaea:	bf0c      	ite	eq
1000aaec:	2101      	moveq	r1, #1
1000aaee:	2102      	movne	r1, #2
1000aaf0:	e9c5 2305 	strd	r2, r3, [r5, #20]
1000aaf4:	6129      	str	r1, [r5, #16]
1000aaf6:	2c00      	cmp	r4, #0
1000aaf8:	d1dd      	bne.n	1000aab6 <__d2b+0x3e>
1000aafa:	eb05 0381 	add.w	r3, r5, r1, lsl #2
1000aafe:	9a08      	ldr	r2, [sp, #32]
1000ab00:	f2a0 4032 	subw	r0, r0, #1074	@ 0x432
1000ab04:	6010      	str	r0, [r2, #0]
1000ab06:	6918      	ldr	r0, [r3, #16]
1000ab08:	f7ff fc2c 	bl	1000a364 <__hi0bits>
1000ab0c:	9b09      	ldr	r3, [sp, #36]	@ 0x24
1000ab0e:	ebc0 1141 	rsb	r1, r0, r1, lsl #5
1000ab12:	4628      	mov	r0, r5
1000ab14:	6019      	str	r1, [r3, #0]
1000ab16:	b005      	add	sp, #20
1000ab18:	bd30      	pop	{r4, r5, pc}
1000ab1a:	4602      	mov	r2, r0
1000ab1c:	4b02      	ldr	r3, [pc, #8]	@ (1000ab28 <__d2b+0xb0>)
1000ab1e:	f240 310f 	movw	r1, #783	@ 0x30f
1000ab22:	4802      	ldr	r0, [pc, #8]	@ (1000ab2c <__d2b+0xb4>)
1000ab24:	f7f9 fc36 	bl	10004394 <__assert_func>
1000ab28:	1000b2e0 	.word	0x1000b2e0
1000ab2c:	1000b360 	.word	0x1000b360

1000ab30 <__ratio>:
1000ab30:	e92d 49f0 	stmdb	sp!, {r4, r5, r6, r7, r8, fp, lr}
1000ab34:	b083      	sub	sp, #12
1000ab36:	468b      	mov	fp, r1
1000ab38:	4680      	mov	r8, r0
1000ab3a:	4669      	mov	r1, sp
1000ab3c:	f7ff ff46 	bl	1000a9cc <__b2d>
1000ab40:	4604      	mov	r4, r0
1000ab42:	460d      	mov	r5, r1
1000ab44:	4658      	mov	r0, fp
1000ab46:	a901      	add	r1, sp, #4
1000ab48:	f7ff ff40 	bl	1000a9cc <__b2d>
1000ab4c:	f8d8 3010 	ldr.w	r3, [r8, #16]
1000ab50:	f8db 2010 	ldr.w	r2, [fp, #16]
1000ab54:	eba3 0c02 	sub.w	ip, r3, r2
1000ab58:	e9dd 3200 	ldrd	r3, r2, [sp]
1000ab5c:	1a9b      	subs	r3, r3, r2
1000ab5e:	eb03 134c 	add.w	r3, r3, ip, lsl #5
1000ab62:	2b00      	cmp	r3, #0
1000ab64:	dd0b      	ble.n	1000ab7e <__ratio+0x4e>
1000ab66:	eb05 5703 	add.w	r7, r5, r3, lsl #20
1000ab6a:	463d      	mov	r5, r7
1000ab6c:	4602      	mov	r2, r0
1000ab6e:	460b      	mov	r3, r1
1000ab70:	4620      	mov	r0, r4
1000ab72:	4629      	mov	r1, r5
1000ab74:	f7f7 fdca 	bl	1000270c <__wrap___aeabi_ddiv>
1000ab78:	b003      	add	sp, #12
1000ab7a:	e8bd 89f0 	ldmia.w	sp!, {r4, r5, r6, r7, r8, fp, pc}
1000ab7e:	ebc3 3303 	rsb	r3, r3, r3, lsl #12
1000ab82:	eb01 5c03 	add.w	ip, r1, r3, lsl #20
1000ab86:	4661      	mov	r1, ip
1000ab88:	e7f0      	b.n	1000ab6c <__ratio+0x3c>
1000ab8a:	bf00      	nop

1000ab8c <__copybits>:
1000ab8c:	f102 0314 	add.w	r3, r2, #20
1000ab90:	3901      	subs	r1, #1
1000ab92:	b510      	push	{r4, lr}
1000ab94:	4614      	mov	r4, r2
1000ab96:	6912      	ldr	r2, [r2, #16]
1000ab98:	1149      	asrs	r1, r1, #5
1000ab9a:	eb03 0c82 	add.w	ip, r3, r2, lsl #2
1000ab9e:	3101      	adds	r1, #1
1000aba0:	4563      	cmp	r3, ip
1000aba2:	eb00 0181 	add.w	r1, r0, r1, lsl #2
1000aba6:	d20f      	bcs.n	1000abc8 <__copybits+0x3c>
1000aba8:	f1a0 0e04 	sub.w	lr, r0, #4
1000abac:	f853 2b04 	ldr.w	r2, [r3], #4
1000abb0:	459c      	cmp	ip, r3
1000abb2:	f84e 2f04 	str.w	r2, [lr, #4]!
1000abb6:	d8f9      	bhi.n	1000abac <__copybits+0x20>
1000abb8:	ebac 0c04 	sub.w	ip, ip, r4
1000abbc:	3004      	adds	r0, #4
1000abbe:	f1ac 0c15 	sub.w	ip, ip, #21
1000abc2:	f02c 0c03 	bic.w	ip, ip, #3
1000abc6:	4460      	add	r0, ip
1000abc8:	4281      	cmp	r1, r0
1000abca:	d904      	bls.n	1000abd6 <__copybits+0x4a>
1000abcc:	2300      	movs	r3, #0
1000abce:	f840 3b04 	str.w	r3, [r0], #4
1000abd2:	4281      	cmp	r1, r0
1000abd4:	d8fb      	bhi.n	1000abce <__copybits+0x42>
1000abd6:	bd10      	pop	{r4, pc}

1000abd8 <__any_on>:
1000abd8:	6903      	ldr	r3, [r0, #16]
1000abda:	114a      	asrs	r2, r1, #5
1000abdc:	3014      	adds	r0, #20
1000abde:	4293      	cmp	r3, r2
1000abe0:	da09      	bge.n	1000abf6 <__any_on+0x1e>
1000abe2:	eb00 0383 	add.w	r3, r0, r3, lsl #2
1000abe6:	e002      	b.n	1000abee <__any_on+0x16>
1000abe8:	f853 2d04 	ldr.w	r2, [r3, #-4]!
1000abec:	b982      	cbnz	r2, 1000ac10 <__any_on+0x38>
1000abee:	4283      	cmp	r3, r0
1000abf0:	d8fa      	bhi.n	1000abe8 <__any_on+0x10>
1000abf2:	2000      	movs	r0, #0
1000abf4:	4770      	bx	lr
1000abf6:	eb00 0382 	add.w	r3, r0, r2, lsl #2
1000abfa:	ddf8      	ble.n	1000abee <__any_on+0x16>
1000abfc:	f011 011f 	ands.w	r1, r1, #31
1000ac00:	d0f5      	beq.n	1000abee <__any_on+0x16>
1000ac02:	f850 c022 	ldr.w	ip, [r0, r2, lsl #2]
1000ac06:	fa2c f201 	lsr.w	r2, ip, r1
1000ac0a:	408a      	lsls	r2, r1
1000ac0c:	4594      	cmp	ip, r2
1000ac0e:	d0ee      	beq.n	1000abee <__any_on+0x16>
1000ac10:	2001      	movs	r0, #1
1000ac12:	4770      	bx	lr

1000ac14 <_fwalk_sglue>:
1000ac14:	e92d 43f8 	stmdb	sp!, {r3, r4, r5, r6, r7, r8, r9, lr}
1000ac18:	4607      	mov	r7, r0
1000ac1a:	4688      	mov	r8, r1
1000ac1c:	f04f 0900 	mov.w	r9, #0
1000ac20:	4616      	mov	r6, r2
1000ac22:	6875      	ldr	r5, [r6, #4]
1000ac24:	3d01      	subs	r5, #1
1000ac26:	d410      	bmi.n	1000ac4a <_fwalk_sglue+0x36>
1000ac28:	68b4      	ldr	r4, [r6, #8]
1000ac2a:	89a3      	ldrh	r3, [r4, #12]
1000ac2c:	2b01      	cmp	r3, #1
1000ac2e:	d908      	bls.n	1000ac42 <_fwalk_sglue+0x2e>
1000ac30:	f9b4 300e 	ldrsh.w	r3, [r4, #14]
1000ac34:	4621      	mov	r1, r4
1000ac36:	4638      	mov	r0, r7
1000ac38:	3301      	adds	r3, #1
1000ac3a:	d002      	beq.n	1000ac42 <_fwalk_sglue+0x2e>
1000ac3c:	47c0      	blx	r8
1000ac3e:	ea49 0900 	orr.w	r9, r9, r0
1000ac42:	3d01      	subs	r5, #1
1000ac44:	3468      	adds	r4, #104	@ 0x68
1000ac46:	1c6b      	adds	r3, r5, #1
1000ac48:	d1ef      	bne.n	1000ac2a <_fwalk_sglue+0x16>
1000ac4a:	6836      	ldr	r6, [r6, #0]
1000ac4c:	2e00      	cmp	r6, #0
1000ac4e:	d1e8      	bne.n	1000ac22 <_fwalk_sglue+0xe>
1000ac50:	4648      	mov	r0, r9
1000ac52:	e8bd 83f8 	ldmia.w	sp!, {r3, r4, r5, r6, r7, r8, r9, pc}
1000ac56:	bf00      	nop

1000ac58 <__ascii_wctomb>:
1000ac58:	b159      	cbz	r1, 1000ac72 <__ascii_wctomb+0x1a>
1000ac5a:	2aff      	cmp	r2, #255	@ 0xff
1000ac5c:	d803      	bhi.n	1000ac66 <__ascii_wctomb+0xe>
1000ac5e:	2301      	movs	r3, #1
1000ac60:	700a      	strb	r2, [r1, #0]
1000ac62:	4618      	mov	r0, r3
1000ac64:	4770      	bx	lr
1000ac66:	228a      	movs	r2, #138	@ 0x8a
1000ac68:	f04f 33ff 	mov.w	r3, #4294967295	@ 0xffffffff
1000ac6c:	6002      	str	r2, [r0, #0]
1000ac6e:	4618      	mov	r0, r3
1000ac70:	4770      	bx	lr
1000ac72:	460b      	mov	r3, r1
1000ac74:	4618      	mov	r0, r3
1000ac76:	4770      	bx	lr

1000ac78 <_fclose_r>:
1000ac78:	b570      	push	{r4, r5, r6, lr}
1000ac7a:	2900      	cmp	r1, #0
1000ac7c:	d041      	beq.n	1000ad02 <_fclose_r+0x8a>
1000ac7e:	4606      	mov	r6, r0
1000ac80:	460c      	mov	r4, r1
1000ac82:	b110      	cbz	r0, 1000ac8a <_fclose_r+0x12>
1000ac84:	6b43      	ldr	r3, [r0, #52]	@ 0x34
1000ac86:	2b00      	cmp	r3, #0
1000ac88:	d03e      	beq.n	1000ad08 <_fclose_r+0x90>
1000ac8a:	f7fe f909 	bl	10008ea0 <__sfp_lock_acquire>
1000ac8e:	6e63      	ldr	r3, [r4, #100]	@ 0x64
1000ac90:	f9b4 200c 	ldrsh.w	r2, [r4, #12]
1000ac94:	07dd      	lsls	r5, r3, #31
1000ac96:	d430      	bmi.n	1000acfa <_fclose_r+0x82>
1000ac98:	0590      	lsls	r0, r2, #22
1000ac9a:	d538      	bpl.n	1000ad0e <_fclose_r+0x96>
1000ac9c:	4621      	mov	r1, r4
1000ac9e:	4630      	mov	r0, r6
1000aca0:	f7fd ff22 	bl	10008ae8 <__sflush_r>
1000aca4:	6ae3      	ldr	r3, [r4, #44]	@ 0x2c
1000aca6:	4605      	mov	r5, r0
1000aca8:	b133      	cbz	r3, 1000acb8 <_fclose_r+0x40>
1000acaa:	69e1      	ldr	r1, [r4, #28]
1000acac:	4630      	mov	r0, r6
1000acae:	4798      	blx	r3
1000acb0:	2800      	cmp	r0, #0
1000acb2:	bfb8      	it	lt
1000acb4:	f04f 35ff 	movlt.w	r5, #4294967295	@ 0xffffffff
1000acb8:	89a3      	ldrh	r3, [r4, #12]
1000acba:	061a      	lsls	r2, r3, #24
1000acbc:	d439      	bmi.n	1000ad32 <_fclose_r+0xba>
1000acbe:	6b21      	ldr	r1, [r4, #48]	@ 0x30
1000acc0:	b141      	cbz	r1, 1000acd4 <_fclose_r+0x5c>
1000acc2:	f104 0340 	add.w	r3, r4, #64	@ 0x40
1000acc6:	4299      	cmp	r1, r3
1000acc8:	d002      	beq.n	1000acd0 <_fclose_r+0x58>
1000acca:	4630      	mov	r0, r6
1000accc:	f7fe fd02 	bl	100096d4 <_free_r>
1000acd0:	2300      	movs	r3, #0
1000acd2:	6323      	str	r3, [r4, #48]	@ 0x30
1000acd4:	6c61      	ldr	r1, [r4, #68]	@ 0x44
1000acd6:	b121      	cbz	r1, 1000ace2 <_fclose_r+0x6a>
1000acd8:	4630      	mov	r0, r6
1000acda:	f7fe fcfb 	bl	100096d4 <_free_r>
1000acde:	2300      	movs	r3, #0
1000ace0:	6463      	str	r3, [r4, #68]	@ 0x44
1000ace2:	6e63      	ldr	r3, [r4, #100]	@ 0x64
1000ace4:	2200      	movs	r2, #0
1000ace6:	07db      	lsls	r3, r3, #31
1000ace8:	81a2      	strh	r2, [r4, #12]
1000acea:	d51e      	bpl.n	1000ad2a <_fclose_r+0xb2>
1000acec:	6da0      	ldr	r0, [r4, #88]	@ 0x58
1000acee:	f7fe fbeb 	bl	100094c8 <__retarget_lock_close_recursive>
1000acf2:	f7fe f8db 	bl	10008eac <__sfp_lock_release>
1000acf6:	4628      	mov	r0, r5
1000acf8:	bd70      	pop	{r4, r5, r6, pc}
1000acfa:	2a00      	cmp	r2, #0
1000acfc:	d1ce      	bne.n	1000ac9c <_fclose_r+0x24>
1000acfe:	f7fe f8d5 	bl	10008eac <__sfp_lock_release>
1000ad02:	2500      	movs	r5, #0
1000ad04:	4628      	mov	r0, r5
1000ad06:	bd70      	pop	{r4, r5, r6, pc}
1000ad08:	f7fe f8ac 	bl	10008e64 <__sinit>
1000ad0c:	e7bd      	b.n	1000ac8a <_fclose_r+0x12>
1000ad0e:	6da0      	ldr	r0, [r4, #88]	@ 0x58
1000ad10:	f7fe fbdc 	bl	100094cc <__retarget_lock_acquire_recursive>
1000ad14:	f9b4 300c 	ldrsh.w	r3, [r4, #12]
1000ad18:	2b00      	cmp	r3, #0
1000ad1a:	d1bf      	bne.n	1000ac9c <_fclose_r+0x24>
1000ad1c:	6e63      	ldr	r3, [r4, #100]	@ 0x64
1000ad1e:	07d9      	lsls	r1, r3, #31
1000ad20:	d4ed      	bmi.n	1000acfe <_fclose_r+0x86>
1000ad22:	6da0      	ldr	r0, [r4, #88]	@ 0x58
1000ad24:	f7fe fbd4 	bl	100094d0 <__retarget_lock_release_recursive>
1000ad28:	e7e9      	b.n	1000acfe <_fclose_r+0x86>
1000ad2a:	6da0      	ldr	r0, [r4, #88]	@ 0x58
1000ad2c:	f7fe fbd0 	bl	100094d0 <__retarget_lock_release_recursive>
1000ad30:	e7dc      	b.n	1000acec <_fclose_r+0x74>
1000ad32:	6921      	ldr	r1, [r4, #16]
1000ad34:	4630      	mov	r0, r6
1000ad36:	f7fe fccd 	bl	100096d4 <_free_r>
1000ad3a:	e7c0      	b.n	1000acbe <_fclose_r+0x46>

1000ad3c <__sread>:
1000ad3c:	b510      	push	{r4, lr}
1000ad3e:	460c      	mov	r4, r1
1000ad40:	f9b1 100e 	ldrsh.w	r1, [r1, #14]
1000ad44:	f000 f8e2 	bl	1000af0c <_read_r>
1000ad48:	2800      	cmp	r0, #0
1000ad4a:	db03      	blt.n	1000ad54 <__sread+0x18>
1000ad4c:	6d23      	ldr	r3, [r4, #80]	@ 0x50
1000ad4e:	4403      	add	r3, r0
1000ad50:	6523      	str	r3, [r4, #80]	@ 0x50
1000ad52:	bd10      	pop	{r4, pc}
1000ad54:	89a3      	ldrh	r3, [r4, #12]
1000ad56:	f423 5380 	bic.w	r3, r3, #4096	@ 0x1000
1000ad5a:	81a3      	strh	r3, [r4, #12]
1000ad5c:	bd10      	pop	{r4, pc}
1000ad5e:	bf00      	nop

1000ad60 <__swrite>:
1000ad60:	e92d 41f0 	stmdb	sp!, {r4, r5, r6, r7, r8, lr}
1000ad64:	461f      	mov	r7, r3
1000ad66:	f9b1 300c 	ldrsh.w	r3, [r1, #12]
1000ad6a:	4616      	mov	r6, r2
1000ad6c:	460c      	mov	r4, r1
1000ad6e:	05da      	lsls	r2, r3, #23
1000ad70:	4605      	mov	r5, r0
1000ad72:	d40b      	bmi.n	1000ad8c <__swrite+0x2c>
1000ad74:	f423 5180 	bic.w	r1, r3, #4096	@ 0x1000
1000ad78:	4632      	mov	r2, r6
1000ad7a:	463b      	mov	r3, r7
1000ad7c:	4628      	mov	r0, r5
1000ad7e:	81a1      	strh	r1, [r4, #12]
1000ad80:	f9b4 100e 	ldrsh.w	r1, [r4, #14]
1000ad84:	e8bd 41f0 	ldmia.w	sp!, {r4, r5, r6, r7, r8, lr}
1000ad88:	f000 b8d4 	b.w	1000af34 <_write_r>
1000ad8c:	2302      	movs	r3, #2
1000ad8e:	2200      	movs	r2, #0
1000ad90:	f9b1 100e 	ldrsh.w	r1, [r1, #14]
1000ad94:	f000 f8a6 	bl	1000aee4 <_lseek_r>
1000ad98:	f9b4 300c 	ldrsh.w	r3, [r4, #12]
1000ad9c:	e7ea      	b.n	1000ad74 <__swrite+0x14>
1000ad9e:	bf00      	nop

1000ada0 <__sseek>:
1000ada0:	b510      	push	{r4, lr}
1000ada2:	460c      	mov	r4, r1
1000ada4:	f9b1 100e 	ldrsh.w	r1, [r1, #14]
1000ada8:	f000 f89c 	bl	1000aee4 <_lseek_r>
1000adac:	1c42      	adds	r2, r0, #1
1000adae:	f9b4 300c 	ldrsh.w	r3, [r4, #12]
1000adb2:	d004      	beq.n	1000adbe <__sseek+0x1e>
1000adb4:	f443 5380 	orr.w	r3, r3, #4096	@ 0x1000
1000adb8:	6520      	str	r0, [r4, #80]	@ 0x50
1000adba:	81a3      	strh	r3, [r4, #12]
1000adbc:	bd10      	pop	{r4, pc}
1000adbe:	f423 5380 	bic.w	r3, r3, #4096	@ 0x1000
1000adc2:	81a3      	strh	r3, [r4, #12]
1000adc4:	bd10      	pop	{r4, pc}
1000adc6:	bf00      	nop

1000adc8 <__sclose>:
1000adc8:	f9b1 100e 	ldrsh.w	r1, [r1, #14]
1000adcc:	f000 b878 	b.w	1000aec0 <_close_r>

1000add0 <strchr>:
1000add0:	f011 01ff 	ands.w	r1, r1, #255	@ 0xff
1000add4:	4603      	mov	r3, r0
1000add6:	f000 0203 	and.w	r2, r0, #3
1000adda:	d03a      	beq.n	1000ae52 <strchr+0x82>
1000addc:	bb92      	cbnz	r2, 1000ae44 <strchr+0x74>
1000adde:	eb01 2301 	add.w	r3, r1, r1, lsl #8
1000ade2:	6802      	ldr	r2, [r0, #0]
1000ade4:	eb03 4303 	add.w	r3, r3, r3, lsl #16
1000ade8:	b510      	push	{r4, lr}
1000adea:	ea83 0c02 	eor.w	ip, r3, r2
1000adee:	461c      	mov	r4, r3
1000adf0:	f1a2 3301 	sub.w	r3, r2, #16843009	@ 0x1010101
1000adf4:	ea23 0302 	bic.w	r3, r3, r2
1000adf8:	f1ac 3201 	sub.w	r2, ip, #16843009	@ 0x1010101
1000adfc:	ea22 020c 	bic.w	r2, r2, ip
1000ae00:	4313      	orrs	r3, r2
1000ae02:	f013 3f80 	tst.w	r3, #2155905152	@ 0x80808080
1000ae06:	d10f      	bne.n	1000ae28 <strchr+0x58>
1000ae08:	f850 cf04 	ldr.w	ip, [r0, #4]!
1000ae0c:	ea8c 0e04 	eor.w	lr, ip, r4
1000ae10:	f1ac 3301 	sub.w	r3, ip, #16843009	@ 0x1010101
1000ae14:	f1ae 3201 	sub.w	r2, lr, #16843009	@ 0x1010101
1000ae18:	ea23 030c 	bic.w	r3, r3, ip
1000ae1c:	ea22 020e 	bic.w	r2, r2, lr
1000ae20:	4313      	orrs	r3, r2
1000ae22:	f013 3f80 	tst.w	r3, #2155905152	@ 0x80808080
1000ae26:	d0ef      	beq.n	1000ae08 <strchr+0x38>
1000ae28:	7803      	ldrb	r3, [r0, #0]
1000ae2a:	b923      	cbnz	r3, 1000ae36 <strchr+0x66>
1000ae2c:	e036      	b.n	1000ae9c <strchr+0xcc>
1000ae2e:	f810 3f01 	ldrb.w	r3, [r0, #1]!
1000ae32:	2b00      	cmp	r3, #0
1000ae34:	d032      	beq.n	1000ae9c <strchr+0xcc>
1000ae36:	4299      	cmp	r1, r3
1000ae38:	d1f9      	bne.n	1000ae2e <strchr+0x5e>
1000ae3a:	bd10      	pop	{r4, pc}
1000ae3c:	428a      	cmp	r2, r1
1000ae3e:	d028      	beq.n	1000ae92 <strchr+0xc2>
1000ae40:	079a      	lsls	r2, r3, #30
1000ae42:	d029      	beq.n	1000ae98 <strchr+0xc8>
1000ae44:	781a      	ldrb	r2, [r3, #0]
1000ae46:	4618      	mov	r0, r3
1000ae48:	3301      	adds	r3, #1
1000ae4a:	2a00      	cmp	r2, #0
1000ae4c:	d1f6      	bne.n	1000ae3c <strchr+0x6c>
1000ae4e:	4610      	mov	r0, r2
1000ae50:	4770      	bx	lr
1000ae52:	b9ca      	cbnz	r2, 1000ae88 <strchr+0xb8>
1000ae54:	6802      	ldr	r2, [r0, #0]
1000ae56:	f1a2 3301 	sub.w	r3, r2, #16843009	@ 0x1010101
1000ae5a:	ea23 0302 	bic.w	r3, r3, r2
1000ae5e:	f013 3f80 	tst.w	r3, #2155905152	@ 0x80808080
1000ae62:	d108      	bne.n	1000ae76 <strchr+0xa6>
1000ae64:	f850 2f04 	ldr.w	r2, [r0, #4]!
1000ae68:	f1a2 3301 	sub.w	r3, r2, #16843009	@ 0x1010101
1000ae6c:	ea23 0302 	bic.w	r3, r3, r2
1000ae70:	f013 3f80 	tst.w	r3, #2155905152	@ 0x80808080
1000ae74:	d0f6      	beq.n	1000ae64 <strchr+0x94>
1000ae76:	7803      	ldrb	r3, [r0, #0]
1000ae78:	b15b      	cbz	r3, 1000ae92 <strchr+0xc2>
1000ae7a:	f810 3f01 	ldrb.w	r3, [r0, #1]!
1000ae7e:	2b00      	cmp	r3, #0
1000ae80:	d1fb      	bne.n	1000ae7a <strchr+0xaa>
1000ae82:	4770      	bx	lr
1000ae84:	0799      	lsls	r1, r3, #30
1000ae86:	d005      	beq.n	1000ae94 <strchr+0xc4>
1000ae88:	781a      	ldrb	r2, [r3, #0]
1000ae8a:	4618      	mov	r0, r3
1000ae8c:	3301      	adds	r3, #1
1000ae8e:	2a00      	cmp	r2, #0
1000ae90:	d1f8      	bne.n	1000ae84 <strchr+0xb4>
1000ae92:	4770      	bx	lr
1000ae94:	4618      	mov	r0, r3
1000ae96:	e7dd      	b.n	1000ae54 <strchr+0x84>
1000ae98:	4618      	mov	r0, r3
1000ae9a:	e7a0      	b.n	1000adde <strchr+0xe>
1000ae9c:	4618      	mov	r0, r3
1000ae9e:	bd10      	pop	{r4, pc}

1000aea0 <strnlen>:
1000aea0:	b159      	cbz	r1, 1000aeba <strnlen+0x1a>
1000aea2:	4603      	mov	r3, r0
1000aea4:	eb00 0c01 	add.w	ip, r0, r1
1000aea8:	e002      	b.n	1000aeb0 <strnlen+0x10>
1000aeaa:	3301      	adds	r3, #1
1000aeac:	459c      	cmp	ip, r3
1000aeae:	d004      	beq.n	1000aeba <strnlen+0x1a>
1000aeb0:	781a      	ldrb	r2, [r3, #0]
1000aeb2:	2a00      	cmp	r2, #0
1000aeb4:	d1f9      	bne.n	1000aeaa <strnlen+0xa>
1000aeb6:	1a18      	subs	r0, r3, r0
1000aeb8:	4770      	bx	lr
1000aeba:	4608      	mov	r0, r1
1000aebc:	4770      	bx	lr
1000aebe:	bf00      	nop

1000aec0 <_close_r>:
1000aec0:	b538      	push	{r3, r4, r5, lr}
1000aec2:	2300      	movs	r3, #0
1000aec4:	4c06      	ldr	r4, [pc, #24]	@ (1000aee0 <_close_r+0x20>)
1000aec6:	4605      	mov	r5, r0
1000aec8:	4608      	mov	r0, r1
1000aeca:	6023      	str	r3, [r4, #0]
1000aecc:	f7f9 fa56 	bl	1000437c <_close>
1000aed0:	1c43      	adds	r3, r0, #1
1000aed2:	d000      	beq.n	1000aed6 <_close_r+0x16>
1000aed4:	bd38      	pop	{r3, r4, r5, pc}
1000aed6:	6823      	ldr	r3, [r4, #0]
1000aed8:	2b00      	cmp	r3, #0
1000aeda:	d0fb      	beq.n	1000aed4 <_close_r+0x14>
1000aedc:	602b      	str	r3, [r5, #0]
1000aede:	bd38      	pop	{r3, r4, r5, pc}
1000aee0:	2000273c 	.word	0x2000273c

1000aee4 <_lseek_r>:
1000aee4:	b538      	push	{r3, r4, r5, lr}
1000aee6:	4c08      	ldr	r4, [pc, #32]	@ (1000af08 <_lseek_r+0x24>)
1000aee8:	4605      	mov	r5, r0
1000aeea:	4608      	mov	r0, r1
1000aeec:	4611      	mov	r1, r2
1000aeee:	461a      	mov	r2, r3
1000aef0:	2300      	movs	r3, #0
1000aef2:	6023      	str	r3, [r4, #0]
1000aef4:	f7f9 fa46 	bl	10004384 <_lseek>
1000aef8:	1c43      	adds	r3, r0, #1
1000aefa:	d000      	beq.n	1000aefe <_lseek_r+0x1a>
1000aefc:	bd38      	pop	{r3, r4, r5, pc}
1000aefe:	6823      	ldr	r3, [r4, #0]
1000af00:	2b00      	cmp	r3, #0
1000af02:	d0fb      	beq.n	1000aefc <_lseek_r+0x18>
1000af04:	602b      	str	r3, [r5, #0]
1000af06:	bd38      	pop	{r3, r4, r5, pc}
1000af08:	2000273c 	.word	0x2000273c

1000af0c <_read_r>:
1000af0c:	b538      	push	{r3, r4, r5, lr}
1000af0e:	4c08      	ldr	r4, [pc, #32]	@ (1000af30 <_read_r+0x24>)
1000af10:	4605      	mov	r5, r0
1000af12:	4608      	mov	r0, r1
1000af14:	4611      	mov	r1, r2
1000af16:	461a      	mov	r2, r3
1000af18:	2300      	movs	r3, #0
1000af1a:	6023      	str	r3, [r4, #0]
1000af1c:	f7f9 fa10 	bl	10004340 <_read>
1000af20:	1c43      	adds	r3, r0, #1
1000af22:	d000      	beq.n	1000af26 <_read_r+0x1a>
1000af24:	bd38      	pop	{r3, r4, r5, pc}
1000af26:	6823      	ldr	r3, [r4, #0]
1000af28:	2b00      	cmp	r3, #0
1000af2a:	d0fb      	beq.n	1000af24 <_read_r+0x18>
1000af2c:	602b      	str	r3, [r5, #0]
1000af2e:	bd38      	pop	{r3, r4, r5, pc}
1000af30:	2000273c 	.word	0x2000273c

1000af34 <_write_r>:
1000af34:	b538      	push	{r3, r4, r5, lr}
1000af36:	4c08      	ldr	r4, [pc, #32]	@ (1000af58 <_write_r+0x24>)
1000af38:	4605      	mov	r5, r0
1000af3a:	4608      	mov	r0, r1
1000af3c:	4611      	mov	r1, r2
1000af3e:	461a      	mov	r2, r3
1000af40:	2300      	movs	r3, #0
1000af42:	6023      	str	r3, [r4, #0]
1000af44:	f7f9 fa0a 	bl	1000435c <_write>
1000af48:	1c43      	adds	r3, r0, #1
1000af4a:	d000      	beq.n	1000af4e <_write_r+0x1a>
1000af4c:	bd38      	pop	{r3, r4, r5, pc}
1000af4e:	6823      	ldr	r3, [r4, #0]
1000af50:	2b00      	cmp	r3, #0
1000af52:	d0fb      	beq.n	1000af4c <_write_r+0x18>
1000af54:	602b      	str	r3, [r5, #0]
1000af56:	bd38      	pop	{r3, r4, r5, pc}
1000af58:	2000273c 	.word	0x2000273c

1000af5c <_fini>:
1000af5c:	b5f8      	push	{r3, r4, r5, r6, r7, lr}
1000af5e:	bf00      	nop

1000af60 <__mutex_enter_timeout_ms_veneer>:
1000af60:	f85f f000 	ldr.w	pc, [pc]	@ 1000af64 <__mutex_enter_timeout_ms_veneer+0x4>
1000af64:	20000235 	.word	0x20000235

1000af68 <__hw_endpoint_start_next_buffer_veneer>:
1000af68:	f85f f000 	ldr.w	pc, [pc]	@ 1000af6c <__hw_endpoint_start_next_buffer_veneer+0x4>
1000af6c:	20000af9 	.word	0x20000af9

1000af70 <____aeabi_f2d_veneer>:
1000af70:	f85f f000 	ldr.w	pc, [pc]	@ 1000af74 <____aeabi_f2d_veneer+0x4>
1000af74:	20001079 	.word	0x20001079

1000af78 <__e15_is_critical_frame_period_veneer>:
1000af78:	f85f f000 	ldr.w	pc, [pc]	@ 1000af7c <__e15_is_critical_frame_period_veneer+0x4>
1000af7c:	20000a7d 	.word	0x20000a7d

1000af80 <____aeabi_uldivmod_veneer>:
1000af80:	f85f f000 	ldr.w	pc, [pc]	@ 1000af84 <____aeabi_uldivmod_veneer+0x4>
1000af84:	20001129 	.word	0x20001129

1000af88 <__mutex_exit_veneer>:
1000af88:	f85f f000 	ldr.w	pc, [pc]	@ 1000af8c <__mutex_exit_veneer+0x4>
1000af8c:	2000026d 	.word	0x2000026d

1000af90 <__reset_non_control_endpoints_veneer>:
1000af90:	f85f f000 	ldr.w	pc, [pc]	@ 1000af94 <__reset_non_control_endpoints_veneer+0x4>
1000af94:	200002a9 	.word	0x200002a9

1000af98 <___hw_endpoint_buffer_control_update32_veneer>:
1000af98:	f85f f000 	ldr.w	pc, [pc]	@ 1000af9c <___hw_endpoint_buffer_control_update32_veneer+0x4>
1000af9c:	20000ab1 	.word	0x20000ab1

1000afa0 <__mutex_try_enter_block_until_veneer>:
1000afa0:	f85f f000 	ldr.w	pc, [pc]	@ 1000afa4 <__mutex_try_enter_block_until_veneer+0x4>
1000afa4:	200001cd 	.word	0x200001cd

1000afa8 <__mutex_try_enter_veneer>:
1000afa8:	f85f f000 	ldr.w	pc, [pc]	@ 1000afac <__mutex_try_enter_veneer+0x4>
1000afac:	20000111 	.word	0x20000111

1000afb0 <__e15_is_bulkin_ep_veneer>:
1000afb0:	f85f f000 	ldr.w	pc, [pc]	@ 1000afb4 <__e15_is_bulkin_ep_veneer+0x4>
1000afb4:	20000a55 	.word	0x20000a55

1000afb8 <__pre_init_runtime_init_bootrom_reset>:
1000afb8:	100024bd                                .$..

1000afbc <__pre_init_runtime_init_early_resets>:
1000afbc:	10002435                                5$..

1000afc0 <__pre_init_runtime_init_usb_power_down>:
1000afc0:	10002465                                e$..

1000afc4 <__pre_init_runtime_init_clocks>:
1000afc4:	10002551                                Q%..

1000afc8 <__pre_init_runtime_init_post_clock_resets>:
1000afc8:	1000249d                                .$..

1000afcc <__pre_init_runtime_init_boot_locks_reset>:
1000afcc:	100023bd                                .#..

1000afd0 <__pre_init_runtime_init_spin_locks_reset>:
1000afd0:	100024e5                                .$..

1000afd4 <__pre_init_runtime_init_bootrom_locking_enable>:
1000afd4:	100023a9                                .#..

1000afd8 <__pre_init_runtime_init_mutex>:
1000afd8:	10001651                                Q...

1000afdc <__pre_init_runtime_init_install_ram_vector_table>:
1000afdc:	100024e9                                .$..

1000afe0 <__pre_init_runtime_init_default_alarm_pool>:
1000afe0:	10001a0d                                ....

1000afe4 <__pre_init_first_per_core_initializer>:
1000afe4:	10002405                                .$..

1000afe8 <__pre_init_runtime_init_per_core_bootrom_reset>:
1000afe8:	100024d1                                .$..

1000afec <__pre_init_runtime_init_per_core_enable_coprocessors>:
1000afec:	10002481                                .$..

1000aff0 <__pre_init_spinlock_set_extexclall>:
1000aff0:	100011fd                                ....

1000aff4 <__pre_init_runtime_init_per_core_irq_priorities>:
1000aff4:	10001225                                %...

1000aff8 <__init_array_start>:
1000aff8:	10004de5 	.word	0x10004de5

1000affc <__frame_dummy_init_array_entry>:
1000affc:	10000211                                ....

Disassembly of section .data:

20000110 <mutex_try_enter>:
20000110:	4603      	mov	r3, r0
20000112:	b500      	push	{lr}
20000114:	6802      	ldr	r2, [r0, #0]
20000116:	f3ef 8c10 	mrs	ip, PRIMASK
2000011a:	b672      	cpsid	i
2000011c:	e8d2 efcf 	ldaexb	lr, [r2]
20000120:	2001      	movs	r0, #1
20000122:	f1be 0f00 	cmp.w	lr, #0
20000126:	d1f9      	bne.n	2000011c <mutex_try_enter+0xc>
20000128:	e8c2 0f4e 	strexb	lr, r0, [r2]
2000012c:	f1be 0f00 	cmp.w	lr, #0
20000130:	d1f4      	bne.n	2000011c <mutex_try_enter+0xc>
20000132:	f3bf 8f5f 	dmb	sy
20000136:	f993 2004 	ldrsb.w	r2, [r3, #4]
2000013a:	2a00      	cmp	r2, #0
2000013c:	db09      	blt.n	20000152 <mutex_try_enter+0x42>
2000013e:	b101      	cbz	r1, 20000142 <mutex_try_enter+0x32>
20000140:	600a      	str	r2, [r1, #0]
20000142:	2000      	movs	r0, #0
20000144:	2200      	movs	r2, #0
20000146:	681b      	ldr	r3, [r3, #0]
20000148:	e8c3 2f8f 	stlb	r2, [r3]
2000014c:	f38c 8810 	msr	PRIMASK, ip
20000150:	bd00      	pop	{pc}
20000152:	f04f 4250 	mov.w	r2, #3489660928	@ 0xd0000000
20000156:	6812      	ldr	r2, [r2, #0]
20000158:	2001      	movs	r0, #1
2000015a:	711a      	strb	r2, [r3, #4]
2000015c:	e7f2      	b.n	20000144 <mutex_try_enter+0x34>
2000015e:	bf00      	nop

20000160 <mutex_enter_block_until>:
20000160:	f04f 4150 	mov.w	r1, #3489660928	@ 0xd0000000
20000164:	e92d 41f0 	stmdb	sp!, {r4, r5, r6, r7, r8, lr}
20000168:	461f      	mov	r7, r3
2000016a:	680b      	ldr	r3, [r1, #0]
2000016c:	4604      	mov	r4, r0
2000016e:	4616      	mov	r6, r2
20000170:	2500      	movs	r5, #0
20000172:	4698      	mov	r8, r3
20000174:	e008      	b.n	20000188 <mutex_enter_block_until+0x28>
20000176:	e8c3 5f8f 	stlb	r5, [r3]
2000017a:	f382 8810 	msr	PRIMASK, r2
2000017e:	4630      	mov	r0, r6
20000180:	4639      	mov	r1, r7
20000182:	f001 f9a1 	bl	200014c8 <__best_effort_wfe_or_timeout_veneer>
20000186:	b9e8      	cbnz	r0, 200001c4 <mutex_enter_block_until+0x64>
20000188:	6823      	ldr	r3, [r4, #0]
2000018a:	f3ef 8210 	mrs	r2, PRIMASK
2000018e:	b672      	cpsid	i
20000190:	e8d3 0fcf 	ldaexb	r0, [r3]
20000194:	2101      	movs	r1, #1
20000196:	2800      	cmp	r0, #0
20000198:	d1fa      	bne.n	20000190 <mutex_enter_block_until+0x30>
2000019a:	e8c3 1f40 	strexb	r0, r1, [r3]
2000019e:	2800      	cmp	r0, #0
200001a0:	d1f6      	bne.n	20000190 <mutex_enter_block_until+0x30>
200001a2:	f3bf 8f5f 	dmb	sy
200001a6:	f994 1004 	ldrsb.w	r1, [r4, #4]
200001aa:	6823      	ldr	r3, [r4, #0]
200001ac:	2900      	cmp	r1, #0
200001ae:	dae2      	bge.n	20000176 <mutex_enter_block_until+0x16>
200001b0:	2100      	movs	r1, #0
200001b2:	f884 8004 	strb.w	r8, [r4, #4]
200001b6:	e8c3 1f8f 	stlb	r1, [r3]
200001ba:	f382 8810 	msr	PRIMASK, r2
200001be:	2001      	movs	r0, #1
200001c0:	e8bd 81f0 	ldmia.w	sp!, {r4, r5, r6, r7, r8, pc}
200001c4:	2000      	movs	r0, #0
200001c6:	e8bd 81f0 	ldmia.w	sp!, {r4, r5, r6, r7, r8, pc}
200001ca:	bf00      	nop

200001cc <mutex_try_enter_block_until>:
200001cc:	b510      	push	{r4, lr}
200001ce:	6801      	ldr	r1, [r0, #0]
200001d0:	f3ef 8e10 	mrs	lr, PRIMASK
200001d4:	b672      	cpsid	i
200001d6:	e8d1 cfcf 	ldaexb	ip, [r1]
200001da:	2401      	movs	r4, #1
200001dc:	f1bc 0f00 	cmp.w	ip, #0
200001e0:	d1f9      	bne.n	200001d6 <mutex_try_enter_block_until+0xa>
200001e2:	e8c1 4f4c 	strexb	ip, r4, [r1]
200001e6:	f1bc 0f00 	cmp.w	ip, #0
200001ea:	d1f4      	bne.n	200001d6 <mutex_try_enter_block_until+0xa>
200001ec:	f3bf 8f5f 	dmb	sy
200001f0:	f990 c004 	ldrsb.w	ip, [r0, #4]
200001f4:	6804      	ldr	r4, [r0, #0]
200001f6:	f1bc 0f00 	cmp.w	ip, #0
200001fa:	db10      	blt.n	2000021e <mutex_try_enter_block_until+0x52>
200001fc:	2100      	movs	r1, #0
200001fe:	e8c4 1f8f 	stlb	r1, [r4]
20000202:	f38e 8810 	msr	PRIMASK, lr
20000206:	f04f 4450 	mov.w	r4, #3489660928	@ 0xd0000000
2000020a:	f994 4000 	ldrsb.w	r4, [r4]
2000020e:	4564      	cmp	r4, ip
20000210:	d101      	bne.n	20000216 <mutex_try_enter_block_until+0x4a>
20000212:	4608      	mov	r0, r1
20000214:	bd10      	pop	{r4, pc}
20000216:	e8bd 4010 	ldmia.w	sp!, {r4, lr}
2000021a:	f7ff bfa1 	b.w	20000160 <mutex_enter_block_until>
2000021e:	f04f 4250 	mov.w	r2, #3489660928	@ 0xd0000000
20000222:	6812      	ldr	r2, [r2, #0]
20000224:	2300      	movs	r3, #0
20000226:	7102      	strb	r2, [r0, #4]
20000228:	e8c4 3f8f 	stlb	r3, [r4]
2000022c:	f38e 8810 	msr	PRIMASK, lr
20000230:	2001      	movs	r0, #1
20000232:	bd10      	pop	{r4, pc}

20000234 <mutex_enter_timeout_ms>:
20000234:	b570      	push	{r4, r5, r6, lr}
20000236:	4605      	mov	r5, r0
20000238:	460c      	mov	r4, r1
2000023a:	f001 f931 	bl	200014a0 <__time_us_64_veneer>
2000023e:	4602      	mov	r2, r0
20000240:	460b      	mov	r3, r1
20000242:	f44f 707a 	mov.w	r0, #1000	@ 0x3e8
20000246:	f04f 3eff 	mov.w	lr, #4294967295	@ 0xffffffff
2000024a:	f06f 4c00 	mvn.w	ip, #2147483648	@ 0x80000000
2000024e:	fbe4 2300 	umlal	r2, r3, r4, r0
20000252:	4596      	cmp	lr, r2
20000254:	eb7c 0103 	sbcs.w	r1, ip, r3
20000258:	bf38      	it	cc
2000025a:	4672      	movcc	r2, lr
2000025c:	4628      	mov	r0, r5
2000025e:	e8bd 4070 	ldmia.w	sp!, {r4, r5, r6, lr}
20000262:	bf38      	it	cc
20000264:	4663      	movcc	r3, ip
20000266:	f7ff bf7b 	b.w	20000160 <mutex_enter_block_until>
2000026a:	bf00      	nop

2000026c <mutex_exit>:
2000026c:	6803      	ldr	r3, [r0, #0]
2000026e:	f3ef 8210 	mrs	r2, PRIMASK
20000272:	b672      	cpsid	i
20000274:	e8d3 cfcf 	ldaexb	ip, [r3]
20000278:	2101      	movs	r1, #1
2000027a:	f1bc 0f00 	cmp.w	ip, #0
2000027e:	d1f9      	bne.n	20000274 <mutex_exit+0x8>
20000280:	e8c3 1f4c 	strexb	ip, r1, [r3]
20000284:	f1bc 0f00 	cmp.w	ip, #0
20000288:	d1f4      	bne.n	20000274 <mutex_exit+0x8>
2000028a:	f3bf 8f5f 	dmb	sy
2000028e:	f04f 0cff 	mov.w	ip, #255	@ 0xff
20000292:	2300      	movs	r3, #0
20000294:	6801      	ldr	r1, [r0, #0]
20000296:	f880 c004 	strb.w	ip, [r0, #4]
2000029a:	e8c1 3f8f 	stlb	r3, [r1]
2000029e:	f382 8810 	msr	PRIMASK, r2
200002a2:	bf40      	sev
200002a4:	4770      	bx	lr
200002a6:	bf00      	nop

200002a8 <reset_non_control_endpoints>:
200002a8:	2100      	movs	r1, #0
200002aa:	b508      	push	{r3, lr}
200002ac:	4b13      	ldr	r3, [pc, #76]	@ (200002fc <reset_non_control_endpoints+0x54>)
200002ae:	f44f 7270 	mov.w	r2, #960	@ 0x3c0
200002b2:	6099      	str	r1, [r3, #8]
200002b4:	4812      	ldr	r0, [pc, #72]	@ (20000300 <reset_non_control_endpoints+0x58>)
200002b6:	60d9      	str	r1, [r3, #12]
200002b8:	6119      	str	r1, [r3, #16]
200002ba:	6159      	str	r1, [r3, #20]
200002bc:	6199      	str	r1, [r3, #24]
200002be:	61d9      	str	r1, [r3, #28]
200002c0:	6219      	str	r1, [r3, #32]
200002c2:	6259      	str	r1, [r3, #36]	@ 0x24
200002c4:	6299      	str	r1, [r3, #40]	@ 0x28
200002c6:	62d9      	str	r1, [r3, #44]	@ 0x2c
200002c8:	6319      	str	r1, [r3, #48]	@ 0x30
200002ca:	6359      	str	r1, [r3, #52]	@ 0x34
200002cc:	6399      	str	r1, [r3, #56]	@ 0x38
200002ce:	63d9      	str	r1, [r3, #60]	@ 0x3c
200002d0:	6419      	str	r1, [r3, #64]	@ 0x40
200002d2:	6459      	str	r1, [r3, #68]	@ 0x44
200002d4:	6499      	str	r1, [r3, #72]	@ 0x48
200002d6:	64d9      	str	r1, [r3, #76]	@ 0x4c
200002d8:	6519      	str	r1, [r3, #80]	@ 0x50
200002da:	6559      	str	r1, [r3, #84]	@ 0x54
200002dc:	6599      	str	r1, [r3, #88]	@ 0x58
200002de:	65d9      	str	r1, [r3, #92]	@ 0x5c
200002e0:	6619      	str	r1, [r3, #96]	@ 0x60
200002e2:	6659      	str	r1, [r3, #100]	@ 0x64
200002e4:	6699      	str	r1, [r3, #104]	@ 0x68
200002e6:	66d9      	str	r1, [r3, #108]	@ 0x6c
200002e8:	6719      	str	r1, [r3, #112]	@ 0x70
200002ea:	6759      	str	r1, [r3, #116]	@ 0x74
200002ec:	6799      	str	r1, [r3, #120]	@ 0x78
200002ee:	67d9      	str	r1, [r3, #124]	@ 0x7c
200002f0:	f001 f8e6 	bl	200014c0 <__memset_veneer>
200002f4:	4b03      	ldr	r3, [pc, #12]	@ (20000304 <reset_non_control_endpoints+0x5c>)
200002f6:	4a04      	ldr	r2, [pc, #16]	@ (20000308 <reset_non_control_endpoints+0x60>)
200002f8:	601a      	str	r2, [r3, #0]
200002fa:	bd08      	pop	{r3, pc}
200002fc:	50100000 	.word	0x50100000
20000300:	2000280c 	.word	0x2000280c
20000304:	20002bd4 	.word	0x20002bd4
20000308:	50100180 	.word	0x50100180

2000030c <hw_handle_buff_status>:
2000030c:	e92d 47f0 	stmdb	sp!, {r4, r5, r6, r7, r8, r9, sl, lr}
20000310:	4b1e      	ldr	r3, [pc, #120]	@ (2000038c <hw_handle_buff_status+0x80>)
20000312:	b084      	sub	sp, #16
20000314:	f8d3 a058 	ldr.w	sl, [r3, #88]	@ 0x58
20000318:	f1ba 0f00 	cmp.w	sl, #0
2000031c:	d021      	beq.n	20000362 <hw_handle_buff_status+0x56>
2000031e:	2400      	movs	r4, #0
20000320:	2501      	movs	r5, #1
20000322:	f44f 69e0 	mov.w	r9, #1792	@ 0x700
20000326:	f8df 806c 	ldr.w	r8, [pc, #108]	@ 20000394 <hw_handle_buff_status+0x88>
2000032a:	4f19      	ldr	r7, [pc, #100]	@ (20000390 <hw_handle_buff_status+0x84>)
2000032c:	e005      	b.n	2000033a <hw_handle_buff_status+0x2e>
2000032e:	3401      	adds	r4, #1
20000330:	b2e4      	uxtb	r4, r4
20000332:	2c20      	cmp	r4, #32
20000334:	ea4f 0545 	mov.w	r5, r5, lsl #1
20000338:	d013      	beq.n	20000362 <hw_handle_buff_status+0x56>
2000033a:	ea1a 0f05 	tst.w	sl, r5
2000033e:	d0f6      	beq.n	2000032e <hw_handle_buff_status+0x22>
20000340:	43e3      	mvns	r3, r4
20000342:	f004 06fe 	and.w	r6, r4, #254	@ 0xfe
20000346:	f003 0301 	and.w	r3, r3, #1
2000034a:	441e      	add	r6, r3
2000034c:	eb07 1646 	add.w	r6, r7, r6, lsl #5
20000350:	4630      	mov	r0, r6
20000352:	f8c8 5058 	str.w	r5, [r8, #88]	@ 0x58
20000356:	f000 fc01 	bl	20000b5c <hw_endpoint_xfer_continue>
2000035a:	b928      	cbnz	r0, 20000368 <hw_handle_buff_status+0x5c>
2000035c:	ea3a 0a05 	bics.w	sl, sl, r5
20000360:	d1e5      	bne.n	2000032e <hw_handle_buff_status+0x22>
20000362:	b004      	add	sp, #16
20000364:	e8bd 87f0 	ldmia.w	sp!, {r4, r5, r6, r7, r8, r9, sl, pc}
20000368:	78b3      	ldrb	r3, [r6, #2]
2000036a:	8af2      	ldrh	r2, [r6, #22]
2000036c:	f88d 3008 	strb.w	r3, [sp, #8]
20000370:	2300      	movs	r3, #0
20000372:	a801      	add	r0, sp, #4
20000374:	2101      	movs	r1, #1
20000376:	f8ad 9004 	strh.w	r9, [sp, #4]
2000037a:	9203      	str	r2, [sp, #12]
2000037c:	f88d 3009 	strb.w	r3, [sp, #9]
20000380:	f000 fc0a 	bl	20000b98 <dcd_event_handler>
20000384:	4630      	mov	r0, r6
20000386:	f000 fb8d 	bl	20000aa4 <hw_endpoint_reset_transfer>
2000038a:	e7e7      	b.n	2000035c <hw_handle_buff_status+0x50>
2000038c:	50110000 	.word	0x50110000
20000390:	200027cc 	.word	0x200027cc
20000394:	50113000 	.word	0x50113000

20000398 <dcd_rp2040_irq>:
20000398:	b570      	push	{r4, r5, r6, lr}
2000039a:	4bb2      	ldr	r3, [pc, #712]	@ (20000664 <dcd_rp2040_irq+0x2cc>)
2000039c:	b086      	sub	sp, #24
2000039e:	f8d3 4098 	ldr.w	r4, [r3, #152]	@ 0x98
200003a2:	f414 3500 	ands.w	r5, r4, #131072	@ 0x20000
200003a6:	d074      	beq.n	20000492 <dcd_rp2040_irq+0xfa>
200003a8:	4aaf      	ldr	r2, [pc, #700]	@ (20000668 <dcd_rp2040_irq+0x2d0>)
200003aa:	4bb0      	ldr	r3, [pc, #704]	@ (2000066c <dcd_rp2040_irq+0x2d4>)
200003ac:	6a90      	ldr	r0, [r2, #40]	@ 0x28
200003ae:	f893 203b 	ldrb.w	r2, [r3, #59]	@ 0x3b
200003b2:	49af      	ldr	r1, [pc, #700]	@ (20000670 <dcd_rp2040_irq+0x2d8>)
200003b4:	2a02      	cmp	r2, #2
200003b6:	6008      	str	r0, [r1, #0]
200003b8:	f000 80e6 	beq.w	20000588 <dcd_rp2040_irq+0x1f0>
200003bc:	2500      	movs	r5, #0
200003be:	f893 207b 	ldrb.w	r2, [r3, #123]	@ 0x7b
200003c2:	2a02      	cmp	r2, #2
200003c4:	f000 81b2 	beq.w	2000072c <dcd_rp2040_irq+0x394>
200003c8:	f893 20bb 	ldrb.w	r2, [r3, #187]	@ 0xbb
200003cc:	2a02      	cmp	r2, #2
200003ce:	f000 81a2 	beq.w	20000716 <dcd_rp2040_irq+0x37e>
200003d2:	f893 20fb 	ldrb.w	r2, [r3, #251]	@ 0xfb
200003d6:	2a02      	cmp	r2, #2
200003d8:	f000 8192 	beq.w	20000700 <dcd_rp2040_irq+0x368>
200003dc:	f893 213b 	ldrb.w	r2, [r3, #315]	@ 0x13b
200003e0:	2a02      	cmp	r2, #2
200003e2:	f000 8181 	beq.w	200006e8 <dcd_rp2040_irq+0x350>
200003e6:	f893 217b 	ldrb.w	r2, [r3, #379]	@ 0x17b
200003ea:	2a02      	cmp	r2, #2
200003ec:	f000 8171 	beq.w	200006d2 <dcd_rp2040_irq+0x33a>
200003f0:	f893 21bb 	ldrb.w	r2, [r3, #443]	@ 0x1bb
200003f4:	2a02      	cmp	r2, #2
200003f6:	f000 8161 	beq.w	200006bc <dcd_rp2040_irq+0x324>
200003fa:	f893 21fb 	ldrb.w	r2, [r3, #507]	@ 0x1fb
200003fe:	2a02      	cmp	r2, #2
20000400:	f000 8150 	beq.w	200006a4 <dcd_rp2040_irq+0x30c>
20000404:	f893 223b 	ldrb.w	r2, [r3, #571]	@ 0x23b
20000408:	2a02      	cmp	r2, #2
2000040a:	f000 813f 	beq.w	2000068c <dcd_rp2040_irq+0x2f4>
2000040e:	f893 227b 	ldrb.w	r2, [r3, #635]	@ 0x27b
20000412:	2a02      	cmp	r2, #2
20000414:	f000 811a 	beq.w	2000064c <dcd_rp2040_irq+0x2b4>
20000418:	f893 22bb 	ldrb.w	r2, [r3, #699]	@ 0x2bb
2000041c:	2a02      	cmp	r2, #2
2000041e:	f000 8109 	beq.w	20000634 <dcd_rp2040_irq+0x29c>
20000422:	f893 22fb 	ldrb.w	r2, [r3, #763]	@ 0x2fb
20000426:	2a02      	cmp	r2, #2
20000428:	f000 80f8 	beq.w	2000061c <dcd_rp2040_irq+0x284>
2000042c:	f893 233b 	ldrb.w	r2, [r3, #827]	@ 0x33b
20000430:	2a02      	cmp	r2, #2
20000432:	f000 80e7 	beq.w	20000604 <dcd_rp2040_irq+0x26c>
20000436:	f893 237b 	ldrb.w	r2, [r3, #891]	@ 0x37b
2000043a:	2a02      	cmp	r2, #2
2000043c:	f000 80b7 	beq.w	200005ae <dcd_rp2040_irq+0x216>
20000440:	f893 23bb 	ldrb.w	r2, [r3, #955]	@ 0x3bb
20000444:	2a02      	cmp	r2, #2
20000446:	f000 817c 	beq.w	20000742 <dcd_rp2040_irq+0x3aa>
2000044a:	f893 23fb 	ldrb.w	r2, [r3, #1019]	@ 0x3fb
2000044e:	2a02      	cmp	r2, #2
20000450:	f000 80c7 	beq.w	200005e2 <dcd_rp2040_irq+0x24a>
20000454:	b93d      	cbnz	r5, 20000466 <dcd_rp2040_irq+0xce>
20000456:	4b87      	ldr	r3, [pc, #540]	@ (20000674 <dcd_rp2040_irq+0x2dc>)
20000458:	781b      	ldrb	r3, [r3, #0]
2000045a:	b923      	cbnz	r3, 20000466 <dcd_rp2040_irq+0xce>
2000045c:	f44f 3200 	mov.w	r2, #131072	@ 0x20000
20000460:	4b85      	ldr	r3, [pc, #532]	@ (20000678 <dcd_rp2040_irq+0x2e0>)
20000462:	f8c3 2090 	str.w	r2, [r3, #144]	@ 0x90
20000466:	f44f 7240 	mov.w	r2, #768	@ 0x300
2000046a:	4b7e      	ldr	r3, [pc, #504]	@ (20000664 <dcd_rp2040_irq+0x2cc>)
2000046c:	2101      	movs	r1, #1
2000046e:	6c9b      	ldr	r3, [r3, #72]	@ 0x48
20000470:	a803      	add	r0, sp, #12
20000472:	f3c3 030a 	ubfx	r3, r3, #0, #11
20000476:	9304      	str	r3, [sp, #16]
20000478:	f8ad 200c 	strh.w	r2, [sp, #12]
2000047c:	f000 fb8c 	bl	20000b98 <dcd_event_handler>
20000480:	06e3      	lsls	r3, r4, #27
20000482:	f44f 3500 	mov.w	r5, #131072	@ 0x20000
20000486:	4e7d      	ldr	r6, [pc, #500]	@ (2000067c <dcd_rp2040_irq+0x2e4>)
20000488:	d507      	bpl.n	2000049a <dcd_rp2040_irq+0x102>
2000048a:	f7ff ff3f 	bl	2000030c <hw_handle_buff_status>
2000048e:	4635      	mov	r5, r6
20000490:	e003      	b.n	2000049a <dcd_rp2040_irq+0x102>
20000492:	06e3      	lsls	r3, r4, #27
20000494:	f04f 0610 	mov.w	r6, #16
20000498:	d4f7      	bmi.n	2000048a <dcd_rp2040_irq+0xf2>
2000049a:	03e0      	lsls	r0, r4, #15
2000049c:	d51d      	bpl.n	200004da <dcd_rp2040_irq+0x142>
2000049e:	4873      	ldr	r0, [pc, #460]	@ (2000066c <dcd_rp2040_irq+0x2d4>)
200004a0:	2602      	movs	r6, #2
200004a2:	7e83      	ldrb	r3, [r0, #26]
200004a4:	f445 3580 	orr.w	r5, r5, #65536	@ 0x10000
200004a8:	bb33      	cbnz	r3, 200004f8 <dcd_rp2040_irq+0x160>
200004aa:	f04f 0301 	mov.w	r3, #1
200004ae:	2e01      	cmp	r6, #1
200004b0:	70c3      	strb	r3, [r0, #3]
200004b2:	f100 0020 	add.w	r0, r0, #32
200004b6:	d11b      	bne.n	200004f0 <dcd_rp2040_irq+0x158>
200004b8:	f44f 62c0 	mov.w	r2, #1536	@ 0x600
200004bc:	4b70      	ldr	r3, [pc, #448]	@ (20000680 <dcd_rp2040_irq+0x2e8>)
200004be:	f8ad 200c 	strh.w	r2, [sp, #12]
200004c2:	e893 0003 	ldmia.w	r3, {r0, r1}
200004c6:	e9cd 0104 	strd	r0, r1, [sp, #16]
200004ca:	4631      	mov	r1, r6
200004cc:	a803      	add	r0, sp, #12
200004ce:	f000 fb63 	bl	20000b98 <dcd_event_handler>
200004d2:	f44f 3200 	mov.w	r2, #131072	@ 0x20000
200004d6:	4b68      	ldr	r3, [pc, #416]	@ (20000678 <dcd_rp2040_irq+0x2e0>)
200004d8:	651a      	str	r2, [r3, #80]	@ 0x50
200004da:	04e1      	lsls	r1, r4, #19
200004dc:	d43e      	bmi.n	2000055c <dcd_rp2040_irq+0x1c4>
200004de:	0462      	lsls	r2, r4, #17
200004e0:	d42e      	bmi.n	20000540 <dcd_rp2040_irq+0x1a8>
200004e2:	0423      	lsls	r3, r4, #16
200004e4:	d41d      	bmi.n	20000522 <dcd_rp2040_irq+0x18a>
200004e6:	42a5      	cmp	r5, r4
200004e8:	f040 81bb 	bne.w	20000862 <dcd_rp2040_irq+0x4ca>
200004ec:	b006      	add	sp, #24
200004ee:	bd70      	pop	{r4, r5, r6, pc}
200004f0:	7e83      	ldrb	r3, [r0, #26]
200004f2:	2601      	movs	r6, #1
200004f4:	2b00      	cmp	r3, #0
200004f6:	d0d8      	beq.n	200004aa <dcd_rp2040_irq+0x112>
200004f8:	4b62      	ldr	r3, [pc, #392]	@ (20000684 <dcd_rp2040_irq+0x2ec>)
200004fa:	4a5a      	ldr	r2, [pc, #360]	@ (20000664 <dcd_rp2040_irq+0x2cc>)
200004fc:	661e      	str	r6, [r3, #96]	@ 0x60
200004fe:	6e53      	ldr	r3, [r2, #100]	@ 0x64
20000500:	ea36 0303 	bics.w	r3, r6, r3
20000504:	d1fb      	bne.n	200004fe <dcd_rp2040_irq+0x166>
20000506:	f44f 5240 	mov.w	r2, #12288	@ 0x3000
2000050a:	2100      	movs	r1, #0
2000050c:	9001      	str	r0, [sp, #4]
2000050e:	f000 facf 	bl	20000ab0 <_hw_endpoint_buffer_control_update32>
20000512:	9801      	ldr	r0, [sp, #4]
20000514:	f000 fac6 	bl	20000aa4 <hw_endpoint_reset_transfer>
20000518:	4b57      	ldr	r3, [pc, #348]	@ (20000678 <dcd_rp2040_irq+0x2e0>)
2000051a:	9801      	ldr	r0, [sp, #4]
2000051c:	665e      	str	r6, [r3, #100]	@ 0x64
2000051e:	661e      	str	r6, [r3, #96]	@ 0x60
20000520:	e7c3      	b.n	200004aa <dcd_rp2040_irq+0x112>
20000522:	f44f 63a0 	mov.w	r3, #1280	@ 0x500
20000526:	2101      	movs	r1, #1
20000528:	a803      	add	r0, sp, #12
2000052a:	f8ad 300c 	strh.w	r3, [sp, #12]
2000052e:	f000 fb33 	bl	20000b98 <dcd_event_handler>
20000532:	f44f 6200 	mov.w	r2, #2048	@ 0x800
20000536:	4b50      	ldr	r3, [pc, #320]	@ (20000678 <dcd_rp2040_irq+0x2e0>)
20000538:	f445 4500 	orr.w	r5, r5, #32768	@ 0x8000
2000053c:	651a      	str	r2, [r3, #80]	@ 0x50
2000053e:	e7d2      	b.n	200004e6 <dcd_rp2040_irq+0x14e>
20000540:	f44f 6380 	mov.w	r3, #1024	@ 0x400
20000544:	2101      	movs	r1, #1
20000546:	a803      	add	r0, sp, #12
20000548:	f8ad 300c 	strh.w	r3, [sp, #12]
2000054c:	f000 fb24 	bl	20000b98 <dcd_event_handler>
20000550:	2210      	movs	r2, #16
20000552:	4b49      	ldr	r3, [pc, #292]	@ (20000678 <dcd_rp2040_irq+0x2e0>)
20000554:	f445 4580 	orr.w	r5, r5, #16384	@ 0x4000
20000558:	651a      	str	r2, [r3, #80]	@ 0x50
2000055a:	e7c2      	b.n	200004e2 <dcd_rp2040_irq+0x14a>
2000055c:	2600      	movs	r6, #0
2000055e:	4b41      	ldr	r3, [pc, #260]	@ (20000664 <dcd_rp2040_irq+0x2cc>)
20000560:	f445 5580 	orr.w	r5, r5, #4096	@ 0x1000
20000564:	601e      	str	r6, [r3, #0]
20000566:	f7ff fe9f 	bl	200002a8 <reset_non_control_endpoints>
2000056a:	f44f 7380 	mov.w	r3, #256	@ 0x100
2000056e:	2101      	movs	r1, #1
20000570:	a803      	add	r0, sp, #12
20000572:	f8ad 300c 	strh.w	r3, [sp, #12]
20000576:	f88d 6010 	strb.w	r6, [sp, #16]
2000057a:	f000 fb0d 	bl	20000b98 <dcd_event_handler>
2000057e:	f44f 2200 	mov.w	r2, #524288	@ 0x80000
20000582:	4b3d      	ldr	r3, [pc, #244]	@ (20000678 <dcd_rp2040_irq+0x2e0>)
20000584:	651a      	str	r2, [r3, #80]	@ 0x50
20000586:	e7aa      	b.n	200004de <dcd_rp2040_irq+0x146>
20000588:	f893 503a 	ldrb.w	r5, [r3, #58]	@ 0x3a
2000058c:	2d00      	cmp	r5, #0
2000058e:	f43f af16 	beq.w	200003be <dcd_rp2040_irq+0x26>
20000592:	f893 203c 	ldrb.w	r2, [r3, #60]	@ 0x3c
20000596:	2a00      	cmp	r2, #0
20000598:	f43f af11 	beq.w	200003be <dcd_rp2040_irq+0x26>
2000059c:	2200      	movs	r2, #0
2000059e:	f103 0020 	add.w	r0, r3, #32
200005a2:	f883 203c 	strb.w	r2, [r3, #60]	@ 0x3c
200005a6:	f000 faa7 	bl	20000af8 <hw_endpoint_start_next_buffer>
200005aa:	4b30      	ldr	r3, [pc, #192]	@ (2000066c <dcd_rp2040_irq+0x2d4>)
200005ac:	e707      	b.n	200003be <dcd_rp2040_irq+0x26>
200005ae:	f893 637a 	ldrb.w	r6, [r3, #890]	@ 0x37a
200005b2:	2e00      	cmp	r6, #0
200005b4:	f43f af44 	beq.w	20000440 <dcd_rp2040_irq+0xa8>
200005b8:	f893 237c 	ldrb.w	r2, [r3, #892]	@ 0x37c
200005bc:	2a00      	cmp	r2, #0
200005be:	f040 8140 	bne.w	20000842 <dcd_rp2040_irq+0x4aa>
200005c2:	f893 23bb 	ldrb.w	r2, [r3, #955]	@ 0x3bb
200005c6:	2a02      	cmp	r2, #2
200005c8:	f040 80c4 	bne.w	20000754 <dcd_rp2040_irq+0x3bc>
200005cc:	f893 23ba 	ldrb.w	r2, [r3, #954]	@ 0x3ba
200005d0:	2a00      	cmp	r2, #0
200005d2:	f040 80bb 	bne.w	2000074c <dcd_rp2040_irq+0x3b4>
200005d6:	f893 23fb 	ldrb.w	r2, [r3, #1019]	@ 0x3fb
200005da:	2a02      	cmp	r2, #2
200005dc:	f47f af43 	bne.w	20000466 <dcd_rp2040_irq+0xce>
200005e0:	4635      	mov	r5, r6
200005e2:	f893 23fa 	ldrb.w	r2, [r3, #1018]	@ 0x3fa
200005e6:	2a00      	cmp	r2, #0
200005e8:	f43f af34 	beq.w	20000454 <dcd_rp2040_irq+0xbc>
200005ec:	f893 23fc 	ldrb.w	r2, [r3, #1020]	@ 0x3fc
200005f0:	2a00      	cmp	r2, #0
200005f2:	f43f af38 	beq.w	20000466 <dcd_rp2040_irq+0xce>
200005f6:	2200      	movs	r2, #0
200005f8:	4823      	ldr	r0, [pc, #140]	@ (20000688 <dcd_rp2040_irq+0x2f0>)
200005fa:	f883 23fc 	strb.w	r2, [r3, #1020]	@ 0x3fc
200005fe:	f000 fa7b 	bl	20000af8 <hw_endpoint_start_next_buffer>
20000602:	e730      	b.n	20000466 <dcd_rp2040_irq+0xce>
20000604:	f893 633a 	ldrb.w	r6, [r3, #826]	@ 0x33a
20000608:	2e00      	cmp	r6, #0
2000060a:	f43f af14 	beq.w	20000436 <dcd_rp2040_irq+0x9e>
2000060e:	f893 233c 	ldrb.w	r2, [r3, #828]	@ 0x33c
20000612:	2a00      	cmp	r2, #0
20000614:	f040 80a9 	bne.w	2000076a <dcd_rp2040_irq+0x3d2>
20000618:	4635      	mov	r5, r6
2000061a:	e70c      	b.n	20000436 <dcd_rp2040_irq+0x9e>
2000061c:	f893 62fa 	ldrb.w	r6, [r3, #762]	@ 0x2fa
20000620:	2e00      	cmp	r6, #0
20000622:	f43f af03 	beq.w	2000042c <dcd_rp2040_irq+0x94>
20000626:	f893 22fc 	ldrb.w	r2, [r3, #764]	@ 0x2fc
2000062a:	2a00      	cmp	r2, #0
2000062c:	f040 80af 	bne.w	2000078e <dcd_rp2040_irq+0x3f6>
20000630:	4635      	mov	r5, r6
20000632:	e6fb      	b.n	2000042c <dcd_rp2040_irq+0x94>
20000634:	f893 62ba 	ldrb.w	r6, [r3, #698]	@ 0x2ba
20000638:	2e00      	cmp	r6, #0
2000063a:	f43f aef2 	beq.w	20000422 <dcd_rp2040_irq+0x8a>
2000063e:	f893 22bc 	ldrb.w	r2, [r3, #700]	@ 0x2bc
20000642:	2a00      	cmp	r2, #0
20000644:	f040 809a 	bne.w	2000077c <dcd_rp2040_irq+0x3e4>
20000648:	4635      	mov	r5, r6
2000064a:	e6ea      	b.n	20000422 <dcd_rp2040_irq+0x8a>
2000064c:	f893 627a 	ldrb.w	r6, [r3, #634]	@ 0x27a
20000650:	2e00      	cmp	r6, #0
20000652:	f43f aee1 	beq.w	20000418 <dcd_rp2040_irq+0x80>
20000656:	f893 227c 	ldrb.w	r2, [r3, #636]	@ 0x27c
2000065a:	2a00      	cmp	r2, #0
2000065c:	f040 80cd 	bne.w	200007fa <dcd_rp2040_irq+0x462>
20000660:	4635      	mov	r5, r6
20000662:	e6d9      	b.n	20000418 <dcd_rp2040_irq+0x80>
20000664:	50110000 	.word	0x50110000
20000668:	400b0000 	.word	0x400b0000
2000066c:	200027cc 	.word	0x200027cc
20000670:	20002738 	.word	0x20002738
20000674:	20002cad 	.word	0x20002cad
20000678:	50113000 	.word	0x50113000
2000067c:	00020010 	.word	0x00020010
20000680:	50100000 	.word	0x50100000
20000684:	50112000 	.word	0x50112000
20000688:	20002bac 	.word	0x20002bac
2000068c:	f893 623a 	ldrb.w	r6, [r3, #570]	@ 0x23a
20000690:	2e00      	cmp	r6, #0
20000692:	f43f aebc 	beq.w	2000040e <dcd_rp2040_irq+0x76>
20000696:	f893 223c 	ldrb.w	r2, [r3, #572]	@ 0x23c
2000069a:	2a00      	cmp	r2, #0
2000069c:	f040 80a4 	bne.w	200007e8 <dcd_rp2040_irq+0x450>
200006a0:	4635      	mov	r5, r6
200006a2:	e6b4      	b.n	2000040e <dcd_rp2040_irq+0x76>
200006a4:	f893 61fa 	ldrb.w	r6, [r3, #506]	@ 0x1fa
200006a8:	2e00      	cmp	r6, #0
200006aa:	f43f aeab 	beq.w	20000404 <dcd_rp2040_irq+0x6c>
200006ae:	f893 21fc 	ldrb.w	r2, [r3, #508]	@ 0x1fc
200006b2:	2a00      	cmp	r2, #0
200006b4:	f040 808f 	bne.w	200007d6 <dcd_rp2040_irq+0x43e>
200006b8:	4635      	mov	r5, r6
200006ba:	e6a3      	b.n	20000404 <dcd_rp2040_irq+0x6c>
200006bc:	f893 61ba 	ldrb.w	r6, [r3, #442]	@ 0x1ba
200006c0:	2e00      	cmp	r6, #0
200006c2:	f43f ae9a 	beq.w	200003fa <dcd_rp2040_irq+0x62>
200006c6:	f893 21bc 	ldrb.w	r2, [r3, #444]	@ 0x1bc
200006ca:	2a00      	cmp	r2, #0
200006cc:	d17a      	bne.n	200007c4 <dcd_rp2040_irq+0x42c>
200006ce:	4635      	mov	r5, r6
200006d0:	e693      	b.n	200003fa <dcd_rp2040_irq+0x62>
200006d2:	f893 617a 	ldrb.w	r6, [r3, #378]	@ 0x17a
200006d6:	2e00      	cmp	r6, #0
200006d8:	f43f ae8a 	beq.w	200003f0 <dcd_rp2040_irq+0x58>
200006dc:	f893 217c 	ldrb.w	r2, [r3, #380]	@ 0x17c
200006e0:	2a00      	cmp	r2, #0
200006e2:	d166      	bne.n	200007b2 <dcd_rp2040_irq+0x41a>
200006e4:	4635      	mov	r5, r6
200006e6:	e683      	b.n	200003f0 <dcd_rp2040_irq+0x58>
200006e8:	f893 613a 	ldrb.w	r6, [r3, #314]	@ 0x13a
200006ec:	2e00      	cmp	r6, #0
200006ee:	f43f ae7a 	beq.w	200003e6 <dcd_rp2040_irq+0x4e>
200006f2:	f893 213c 	ldrb.w	r2, [r3, #316]	@ 0x13c
200006f6:	2a00      	cmp	r2, #0
200006f8:	f040 8091 	bne.w	2000081e <dcd_rp2040_irq+0x486>
200006fc:	4635      	mov	r5, r6
200006fe:	e672      	b.n	200003e6 <dcd_rp2040_irq+0x4e>
20000700:	f893 60fa 	ldrb.w	r6, [r3, #250]	@ 0xfa
20000704:	2e00      	cmp	r6, #0
20000706:	f43f ae69 	beq.w	200003dc <dcd_rp2040_irq+0x44>
2000070a:	f893 20fc 	ldrb.w	r2, [r3, #252]	@ 0xfc
2000070e:	2a00      	cmp	r2, #0
20000710:	d17c      	bne.n	2000080c <dcd_rp2040_irq+0x474>
20000712:	4635      	mov	r5, r6
20000714:	e662      	b.n	200003dc <dcd_rp2040_irq+0x44>
20000716:	f893 60ba 	ldrb.w	r6, [r3, #186]	@ 0xba
2000071a:	2e00      	cmp	r6, #0
2000071c:	f43f ae59 	beq.w	200003d2 <dcd_rp2040_irq+0x3a>
20000720:	f893 20bc 	ldrb.w	r2, [r3, #188]	@ 0xbc
20000724:	2a00      	cmp	r2, #0
20000726:	d13b      	bne.n	200007a0 <dcd_rp2040_irq+0x408>
20000728:	4635      	mov	r5, r6
2000072a:	e652      	b.n	200003d2 <dcd_rp2040_irq+0x3a>
2000072c:	f893 607a 	ldrb.w	r6, [r3, #122]	@ 0x7a
20000730:	2e00      	cmp	r6, #0
20000732:	f43f ae49 	beq.w	200003c8 <dcd_rp2040_irq+0x30>
20000736:	f893 207c 	ldrb.w	r2, [r3, #124]	@ 0x7c
2000073a:	2a00      	cmp	r2, #0
2000073c:	d178      	bne.n	20000830 <dcd_rp2040_irq+0x498>
2000073e:	4635      	mov	r5, r6
20000740:	e642      	b.n	200003c8 <dcd_rp2040_irq+0x30>
20000742:	f893 23ba 	ldrb.w	r2, [r3, #954]	@ 0x3ba
20000746:	2a00      	cmp	r2, #0
20000748:	f43f ae7f 	beq.w	2000044a <dcd_rp2040_irq+0xb2>
2000074c:	f893 23bc 	ldrb.w	r2, [r3, #956]	@ 0x3bc
20000750:	2a00      	cmp	r2, #0
20000752:	d17e      	bne.n	20000852 <dcd_rp2040_irq+0x4ba>
20000754:	f893 23fb 	ldrb.w	r2, [r3, #1019]	@ 0x3fb
20000758:	2a02      	cmp	r2, #2
2000075a:	f47f ae84 	bne.w	20000466 <dcd_rp2040_irq+0xce>
2000075e:	f893 23fa 	ldrb.w	r2, [r3, #1018]	@ 0x3fa
20000762:	2a00      	cmp	r2, #0
20000764:	f43f ae7f 	beq.w	20000466 <dcd_rp2040_irq+0xce>
20000768:	e740      	b.n	200005ec <dcd_rp2040_irq+0x254>
2000076a:	2200      	movs	r2, #0
2000076c:	483f      	ldr	r0, [pc, #252]	@ (2000086c <dcd_rp2040_irq+0x4d4>)
2000076e:	f883 233c 	strb.w	r2, [r3, #828]	@ 0x33c
20000772:	4635      	mov	r5, r6
20000774:	f000 f9c0 	bl	20000af8 <hw_endpoint_start_next_buffer>
20000778:	4b3d      	ldr	r3, [pc, #244]	@ (20000870 <dcd_rp2040_irq+0x4d8>)
2000077a:	e65c      	b.n	20000436 <dcd_rp2040_irq+0x9e>
2000077c:	2200      	movs	r2, #0
2000077e:	483d      	ldr	r0, [pc, #244]	@ (20000874 <dcd_rp2040_irq+0x4dc>)
20000780:	f883 22bc 	strb.w	r2, [r3, #700]	@ 0x2bc
20000784:	4635      	mov	r5, r6
20000786:	f000 f9b7 	bl	20000af8 <hw_endpoint_start_next_buffer>
2000078a:	4b39      	ldr	r3, [pc, #228]	@ (20000870 <dcd_rp2040_irq+0x4d8>)
2000078c:	e649      	b.n	20000422 <dcd_rp2040_irq+0x8a>
2000078e:	2200      	movs	r2, #0
20000790:	4839      	ldr	r0, [pc, #228]	@ (20000878 <dcd_rp2040_irq+0x4e0>)
20000792:	f883 22fc 	strb.w	r2, [r3, #764]	@ 0x2fc
20000796:	4635      	mov	r5, r6
20000798:	f000 f9ae 	bl	20000af8 <hw_endpoint_start_next_buffer>
2000079c:	4b34      	ldr	r3, [pc, #208]	@ (20000870 <dcd_rp2040_irq+0x4d8>)
2000079e:	e645      	b.n	2000042c <dcd_rp2040_irq+0x94>
200007a0:	2200      	movs	r2, #0
200007a2:	4836      	ldr	r0, [pc, #216]	@ (2000087c <dcd_rp2040_irq+0x4e4>)
200007a4:	f883 20bc 	strb.w	r2, [r3, #188]	@ 0xbc
200007a8:	4635      	mov	r5, r6
200007aa:	f000 f9a5 	bl	20000af8 <hw_endpoint_start_next_buffer>
200007ae:	4b30      	ldr	r3, [pc, #192]	@ (20000870 <dcd_rp2040_irq+0x4d8>)
200007b0:	e60f      	b.n	200003d2 <dcd_rp2040_irq+0x3a>
200007b2:	2200      	movs	r2, #0
200007b4:	4832      	ldr	r0, [pc, #200]	@ (20000880 <dcd_rp2040_irq+0x4e8>)
200007b6:	f883 217c 	strb.w	r2, [r3, #380]	@ 0x17c
200007ba:	4635      	mov	r5, r6
200007bc:	f000 f99c 	bl	20000af8 <hw_endpoint_start_next_buffer>
200007c0:	4b2b      	ldr	r3, [pc, #172]	@ (20000870 <dcd_rp2040_irq+0x4d8>)
200007c2:	e615      	b.n	200003f0 <dcd_rp2040_irq+0x58>
200007c4:	2200      	movs	r2, #0
200007c6:	482f      	ldr	r0, [pc, #188]	@ (20000884 <dcd_rp2040_irq+0x4ec>)
200007c8:	f883 21bc 	strb.w	r2, [r3, #444]	@ 0x1bc
200007cc:	4635      	mov	r5, r6
200007ce:	f000 f993 	bl	20000af8 <hw_endpoint_start_next_buffer>
200007d2:	4b27      	ldr	r3, [pc, #156]	@ (20000870 <dcd_rp2040_irq+0x4d8>)
200007d4:	e611      	b.n	200003fa <dcd_rp2040_irq+0x62>
200007d6:	2200      	movs	r2, #0
200007d8:	482b      	ldr	r0, [pc, #172]	@ (20000888 <dcd_rp2040_irq+0x4f0>)
200007da:	f883 21fc 	strb.w	r2, [r3, #508]	@ 0x1fc
200007de:	4635      	mov	r5, r6
200007e0:	f000 f98a 	bl	20000af8 <hw_endpoint_start_next_buffer>
200007e4:	4b22      	ldr	r3, [pc, #136]	@ (20000870 <dcd_rp2040_irq+0x4d8>)
200007e6:	e60d      	b.n	20000404 <dcd_rp2040_irq+0x6c>
200007e8:	2200      	movs	r2, #0
200007ea:	4828      	ldr	r0, [pc, #160]	@ (2000088c <dcd_rp2040_irq+0x4f4>)
200007ec:	f883 223c 	strb.w	r2, [r3, #572]	@ 0x23c
200007f0:	4635      	mov	r5, r6
200007f2:	f000 f981 	bl	20000af8 <hw_endpoint_start_next_buffer>
200007f6:	4b1e      	ldr	r3, [pc, #120]	@ (20000870 <dcd_rp2040_irq+0x4d8>)
200007f8:	e609      	b.n	2000040e <dcd_rp2040_irq+0x76>
200007fa:	2200      	movs	r2, #0
200007fc:	4824      	ldr	r0, [pc, #144]	@ (20000890 <dcd_rp2040_irq+0x4f8>)
200007fe:	f883 227c 	strb.w	r2, [r3, #636]	@ 0x27c
20000802:	4635      	mov	r5, r6
20000804:	f000 f978 	bl	20000af8 <hw_endpoint_start_next_buffer>
20000808:	4b19      	ldr	r3, [pc, #100]	@ (20000870 <dcd_rp2040_irq+0x4d8>)
2000080a:	e605      	b.n	20000418 <dcd_rp2040_irq+0x80>
2000080c:	2200      	movs	r2, #0
2000080e:	4821      	ldr	r0, [pc, #132]	@ (20000894 <dcd_rp2040_irq+0x4fc>)
20000810:	f883 20fc 	strb.w	r2, [r3, #252]	@ 0xfc
20000814:	4635      	mov	r5, r6
20000816:	f000 f96f 	bl	20000af8 <hw_endpoint_start_next_buffer>
2000081a:	4b15      	ldr	r3, [pc, #84]	@ (20000870 <dcd_rp2040_irq+0x4d8>)
2000081c:	e5de      	b.n	200003dc <dcd_rp2040_irq+0x44>
2000081e:	2200      	movs	r2, #0
20000820:	481d      	ldr	r0, [pc, #116]	@ (20000898 <dcd_rp2040_irq+0x500>)
20000822:	f883 213c 	strb.w	r2, [r3, #316]	@ 0x13c
20000826:	4635      	mov	r5, r6
20000828:	f000 f966 	bl	20000af8 <hw_endpoint_start_next_buffer>
2000082c:	4b10      	ldr	r3, [pc, #64]	@ (20000870 <dcd_rp2040_irq+0x4d8>)
2000082e:	e5da      	b.n	200003e6 <dcd_rp2040_irq+0x4e>
20000830:	2200      	movs	r2, #0
20000832:	481a      	ldr	r0, [pc, #104]	@ (2000089c <dcd_rp2040_irq+0x504>)
20000834:	f883 207c 	strb.w	r2, [r3, #124]	@ 0x7c
20000838:	4635      	mov	r5, r6
2000083a:	f000 f95d 	bl	20000af8 <hw_endpoint_start_next_buffer>
2000083e:	4b0c      	ldr	r3, [pc, #48]	@ (20000870 <dcd_rp2040_irq+0x4d8>)
20000840:	e5c2      	b.n	200003c8 <dcd_rp2040_irq+0x30>
20000842:	2200      	movs	r2, #0
20000844:	4816      	ldr	r0, [pc, #88]	@ (200008a0 <dcd_rp2040_irq+0x508>)
20000846:	f883 237c 	strb.w	r2, [r3, #892]	@ 0x37c
2000084a:	f000 f955 	bl	20000af8 <hw_endpoint_start_next_buffer>
2000084e:	4b08      	ldr	r3, [pc, #32]	@ (20000870 <dcd_rp2040_irq+0x4d8>)
20000850:	e6b7      	b.n	200005c2 <dcd_rp2040_irq+0x22a>
20000852:	2200      	movs	r2, #0
20000854:	4813      	ldr	r0, [pc, #76]	@ (200008a4 <dcd_rp2040_irq+0x50c>)
20000856:	f883 23bc 	strb.w	r2, [r3, #956]	@ 0x3bc
2000085a:	f000 f94d 	bl	20000af8 <hw_endpoint_start_next_buffer>
2000085e:	4b04      	ldr	r3, [pc, #16]	@ (20000870 <dcd_rp2040_irq+0x4d8>)
20000860:	e778      	b.n	20000754 <dcd_rp2040_irq+0x3bc>
20000862:	4811      	ldr	r0, [pc, #68]	@ (200008a8 <dcd_rp2040_irq+0x510>)
20000864:	ea85 0104 	eor.w	r1, r5, r4
20000868:	f000 fe26 	bl	200014b8 <__panic_veneer>
2000086c:	20002aec 	.word	0x20002aec
20000870:	200027cc 	.word	0x200027cc
20000874:	20002a6c 	.word	0x20002a6c
20000878:	20002aac 	.word	0x20002aac
2000087c:	2000286c 	.word	0x2000286c
20000880:	2000292c 	.word	0x2000292c
20000884:	2000296c 	.word	0x2000296c
20000888:	200029ac 	.word	0x200029ac
2000088c:	200029ec 	.word	0x200029ec
20000890:	20002a2c 	.word	0x20002a2c
20000894:	200028ac 	.word	0x200028ac
20000898:	200028ec 	.word	0x200028ec
2000089c:	2000282c 	.word	0x2000282c
200008a0:	20002b2c 	.word	0x20002b2c
200008a4:	20002b6c 	.word	0x20002b6c
200008a8:	1000b22c 	.word	0x1000b22c

200008ac <prepare_ep_buffer>:
200008ac:	e92d 43f0 	stmdb	sp!, {r4, r5, r6, r7, r8, r9, lr}
200008b0:	8a82      	ldrh	r2, [r0, #20]
200008b2:	f8b0 e018 	ldrh.w	lr, [r0, #24]
200008b6:	4603      	mov	r3, r0
200008b8:	4596      	cmp	lr, r2
200008ba:	78c0      	ldrb	r0, [r0, #3]
200008bc:	bf28      	it	cs
200008be:	4696      	movcs	lr, r2
200008c0:	1e04      	subs	r4, r0, #0
200008c2:	bf18      	it	ne
200008c4:	2401      	movne	r4, #1
200008c6:	f080 0001 	eor.w	r0, r0, #1
200008ca:	460d      	mov	r5, r1
200008cc:	eba2 020e 	sub.w	r2, r2, lr
200008d0:	7859      	ldrb	r1, [r3, #1]
200008d2:	70d8      	strb	r0, [r3, #3]
200008d4:	b292      	uxth	r2, r2
200008d6:	f44e 6080 	orr.w	r0, lr, #1024	@ 0x400
200008da:	829a      	strh	r2, [r3, #20]
200008dc:	ea40 3044 	orr.w	r0, r0, r4, lsl #13
200008e0:	bba1      	cbnz	r1, 2000094c <prepare_ep_buffer+0xa0>
200008e2:	6919      	ldr	r1, [r3, #16]
200008e4:	f1be 0f00 	cmp.w	lr, #0
200008e8:	d02c      	beq.n	20000944 <prepare_ep_buffer+0x98>
200008ea:	f10e 34ff 	add.w	r4, lr, #4294967295	@ 0xffffffff
200008ee:	68da      	ldr	r2, [r3, #12]
200008f0:	2c05      	cmp	r4, #5
200008f2:	46a1      	mov	r9, r4
200008f4:	eb02 1885 	add.w	r8, r2, r5, lsl #6
200008f8:	d92f      	bls.n	2000095a <prepare_ep_buffer+0xae>
200008fa:	eba8 0401 	sub.w	r4, r8, r1
200008fe:	3c01      	subs	r4, #1
20000900:	2c02      	cmp	r4, #2
20000902:	46c4      	mov	ip, r8
20000904:	460a      	mov	r2, r1
20000906:	d928      	bls.n	2000095a <prepare_ep_buffer+0xae>
20000908:	ea4f 079e 	mov.w	r7, lr, lsr #2
2000090c:	eb01 0687 	add.w	r6, r1, r7, lsl #2
20000910:	f852 4b04 	ldr.w	r4, [r2], #4
20000914:	4296      	cmp	r6, r2
20000916:	f84c 4b04 	str.w	r4, [ip], #4
2000091a:	d1f9      	bne.n	20000910 <prepare_ep_buffer+0x64>
2000091c:	ebbe 0f87 	cmp.w	lr, r7, lsl #2
20000920:	d00e      	beq.n	20000940 <prepare_ep_buffer+0x94>
20000922:	f811 2027 	ldrb.w	r2, [r1, r7, lsl #2]
20000926:	ebb9 0187 	subs.w	r1, r9, r7, lsl #2
2000092a:	f808 2027 	strb.w	r2, [r8, r7, lsl #2]
2000092e:	eb08 0287 	add.w	r2, r8, r7, lsl #2
20000932:	d005      	beq.n	20000940 <prepare_ep_buffer+0x94>
20000934:	7874      	ldrb	r4, [r6, #1]
20000936:	2901      	cmp	r1, #1
20000938:	7054      	strb	r4, [r2, #1]
2000093a:	d001      	beq.n	20000940 <prepare_ep_buffer+0x94>
2000093c:	78b1      	ldrb	r1, [r6, #2]
2000093e:	7091      	strb	r1, [r2, #2]
20000940:	6919      	ldr	r1, [r3, #16]
20000942:	8a9a      	ldrh	r2, [r3, #20]
20000944:	4471      	add	r1, lr
20000946:	6119      	str	r1, [r3, #16]
20000948:	f440 4000 	orr.w	r0, r0, #32768	@ 0x8000
2000094c:	b90a      	cbnz	r2, 20000952 <prepare_ep_buffer+0xa6>
2000094e:	f440 4080 	orr.w	r0, r0, #16384	@ 0x4000
20000952:	b105      	cbz	r5, 20000956 <prepare_ep_buffer+0xaa>
20000954:	0400      	lsls	r0, r0, #16
20000956:	e8bd 83f0 	ldmia.w	sp!, {r4, r5, r6, r7, r8, r9, pc}
2000095a:	f108 32ff 	add.w	r2, r8, #4294967295	@ 0xffffffff
2000095e:	eb01 060e 	add.w	r6, r1, lr
20000962:	f811 4b01 	ldrb.w	r4, [r1], #1
20000966:	42b1      	cmp	r1, r6
20000968:	f802 4f01 	strb.w	r4, [r2, #1]!
2000096c:	d1f9      	bne.n	20000962 <prepare_ep_buffer+0xb6>
2000096e:	e7e7      	b.n	20000940 <prepare_ep_buffer+0x94>

20000970 <sync_ep_buffer>:
20000970:	6883      	ldr	r3, [r0, #8]
20000972:	e92d 41f0 	stmdb	sp!, {r4, r5, r6, r7, r8, lr}
20000976:	4605      	mov	r5, r0
20000978:	6818      	ldr	r0, [r3, #0]
2000097a:	b101      	cbz	r1, 2000097e <sync_ep_buffer+0xe>
2000097c:	0c00      	lsrs	r0, r0, #16
2000097e:	786a      	ldrb	r2, [r5, #1]
20000980:	f3c0 0009 	ubfx	r0, r0, #0, #10
20000984:	b94a      	cbnz	r2, 2000099a <sync_ep_buffer+0x2a>
20000986:	8aeb      	ldrh	r3, [r5, #22]
20000988:	4403      	add	r3, r0
2000098a:	82eb      	strh	r3, [r5, #22]
2000098c:	8b2b      	ldrh	r3, [r5, #24]
2000098e:	4283      	cmp	r3, r0
20000990:	bf84      	itt	hi
20000992:	2300      	movhi	r3, #0
20000994:	82ab      	strhhi	r3, [r5, #20]
20000996:	e8bd 81f0 	ldmia.w	sp!, {r4, r5, r6, r7, r8, pc}
2000099a:	f8d5 c010 	ldr.w	ip, [r5, #16]
2000099e:	b388      	cbz	r0, 20000a04 <sync_ep_buffer+0x94>
200009a0:	1e42      	subs	r2, r0, #1
200009a2:	68eb      	ldr	r3, [r5, #12]
200009a4:	2a05      	cmp	r2, #5
200009a6:	4616      	mov	r6, r2
200009a8:	eb03 1e81 	add.w	lr, r3, r1, lsl #6
200009ac:	d931      	bls.n	20000a12 <sync_ep_buffer+0xa2>
200009ae:	0189      	lsls	r1, r1, #6
200009b0:	1c4c      	adds	r4, r1, #1
200009b2:	441c      	add	r4, r3
200009b4:	ebac 0404 	sub.w	r4, ip, r4
200009b8:	2c02      	cmp	r4, #2
200009ba:	4662      	mov	r2, ip
200009bc:	d929      	bls.n	20000a12 <sync_ep_buffer+0xa2>
200009be:	f400 717f 	and.w	r1, r0, #1020	@ 0x3fc
200009c2:	4673      	mov	r3, lr
200009c4:	460f      	mov	r7, r1
200009c6:	ea4f 0890 	mov.w	r8, r0, lsr #2
200009ca:	185c      	adds	r4, r3, r1
200009cc:	f853 1b04 	ldr.w	r1, [r3], #4
200009d0:	42a3      	cmp	r3, r4
200009d2:	f842 1b04 	str.w	r1, [r2], #4
200009d6:	d1f9      	bne.n	200009cc <sync_ep_buffer+0x5c>
200009d8:	42b8      	cmp	r0, r7
200009da:	d011      	beq.n	20000a00 <sync_ep_buffer+0x90>
200009dc:	f81e 3028 	ldrb.w	r3, [lr, r8, lsl #2]
200009e0:	44be      	add	lr, r7
200009e2:	f80c 3028 	strb.w	r3, [ip, r8, lsl #2]
200009e6:	1bf3      	subs	r3, r6, r7
200009e8:	44bc      	add	ip, r7
200009ea:	d009      	beq.n	20000a00 <sync_ep_buffer+0x90>
200009ec:	f89e 2001 	ldrb.w	r2, [lr, #1]
200009f0:	2b01      	cmp	r3, #1
200009f2:	f88c 2001 	strb.w	r2, [ip, #1]
200009f6:	d003      	beq.n	20000a00 <sync_ep_buffer+0x90>
200009f8:	f89e 3002 	ldrb.w	r3, [lr, #2]
200009fc:	f88c 3002 	strb.w	r3, [ip, #2]
20000a00:	f8d5 c010 	ldr.w	ip, [r5, #16]
20000a04:	8aea      	ldrh	r2, [r5, #22]
20000a06:	eb0c 0300 	add.w	r3, ip, r0
20000a0a:	4402      	add	r2, r0
20000a0c:	82ea      	strh	r2, [r5, #22]
20000a0e:	612b      	str	r3, [r5, #16]
20000a10:	e7bc      	b.n	2000098c <sync_ep_buffer+0x1c>
20000a12:	f10c 3cff 	add.w	ip, ip, #4294967295	@ 0xffffffff
20000a16:	eb0e 0200 	add.w	r2, lr, r0
20000a1a:	f81e 3b01 	ldrb.w	r3, [lr], #1
20000a1e:	4572      	cmp	r2, lr
20000a20:	f80c 3f01 	strb.w	r3, [ip, #1]!
20000a24:	d1f9      	bne.n	20000a1a <sync_ep_buffer+0xaa>
20000a26:	e7eb      	b.n	20000a00 <sync_ep_buffer+0x90>

20000a28 <_hw_endpoint_xfer_sync>:
20000a28:	b510      	push	{r4, lr}
20000a2a:	4604      	mov	r4, r0
20000a2c:	6883      	ldr	r3, [r0, #8]
20000a2e:	2100      	movs	r1, #0
20000a30:	681b      	ldr	r3, [r3, #0]
20000a32:	f7ff ff9d 	bl	20000970 <sync_ep_buffer>
20000a36:	6863      	ldr	r3, [r4, #4]
20000a38:	681b      	ldr	r3, [r3, #0]
20000a3a:	005b      	lsls	r3, r3, #1
20000a3c:	d502      	bpl.n	20000a44 <_hw_endpoint_xfer_sync+0x1c>
20000a3e:	8b23      	ldrh	r3, [r4, #24]
20000a40:	4283      	cmp	r3, r0
20000a42:	d000      	beq.n	20000a46 <_hw_endpoint_xfer_sync+0x1e>
20000a44:	bd10      	pop	{r4, pc}
20000a46:	4620      	mov	r0, r4
20000a48:	e8bd 4010 	ldmia.w	sp!, {r4, lr}
20000a4c:	2101      	movs	r1, #1
20000a4e:	f7ff bf8f 	b.w	20000970 <sync_ep_buffer>
20000a52:	bf00      	nop

20000a54 <e15_is_bulkin_ep>:
20000a54:	4b08      	ldr	r3, [pc, #32]	@ (20000a78 <e15_is_bulkin_ep+0x24>)
20000a56:	6c1b      	ldr	r3, [r3, #64]	@ 0x40
20000a58:	f013 0302 	ands.w	r3, r3, #2
20000a5c:	d102      	bne.n	20000a64 <e15_is_bulkin_ep+0x10>
20000a5e:	7882      	ldrb	r2, [r0, #2]
20000a60:	09d2      	lsrs	r2, r2, #7
20000a62:	d101      	bne.n	20000a68 <e15_is_bulkin_ep+0x14>
20000a64:	2000      	movs	r0, #0
20000a66:	4770      	bx	lr
20000a68:	7ec0      	ldrb	r0, [r0, #27]
20000a6a:	f1a0 0002 	sub.w	r0, r0, #2
20000a6e:	fab0 f080 	clz	r0, r0
20000a72:	0940      	lsrs	r0, r0, #5
20000a74:	4770      	bx	lr
20000a76:	bf00      	nop
20000a78:	50110000 	.word	0x50110000

20000a7c <e15_is_critical_frame_period>:
20000a7c:	b508      	push	{r3, lr}
20000a7e:	f7ff ffe9 	bl	20000a54 <e15_is_bulkin_ep>
20000a82:	b150      	cbz	r0, 20000a9a <e15_is_critical_frame_period+0x1e>
20000a84:	4a05      	ldr	r2, [pc, #20]	@ (20000a9c <e15_is_critical_frame_period+0x20>)
20000a86:	4b06      	ldr	r3, [pc, #24]	@ (20000aa0 <e15_is_critical_frame_period+0x24>)
20000a88:	6a90      	ldr	r0, [r2, #40]	@ 0x28
20000a8a:	681b      	ldr	r3, [r3, #0]
20000a8c:	f5a0 7048 	sub.w	r0, r0, #800	@ 0x320
20000a90:	1ac0      	subs	r0, r0, r3
20000a92:	28c6      	cmp	r0, #198	@ 0xc6
20000a94:	bf8c      	ite	hi
20000a96:	2000      	movhi	r0, #0
20000a98:	2001      	movls	r0, #1
20000a9a:	bd08      	pop	{r3, pc}
20000a9c:	400b0000 	.word	0x400b0000
20000aa0:	20002738 	.word	0x20002738

20000aa4 <hw_endpoint_reset_transfer>:
20000aa4:	2300      	movs	r3, #0
20000aa6:	e9c0 3304 	strd	r3, r3, [r0, #16]
20000aaa:	7683      	strb	r3, [r0, #26]
20000aac:	4770      	bx	lr
20000aae:	bf00      	nop

20000ab0 <_hw_endpoint_buffer_control_update32>:
20000ab0:	b508      	push	{r3, lr}
20000ab2:	6883      	ldr	r3, [r0, #8]
20000ab4:	b119      	cbz	r1, 20000abe <_hw_endpoint_buffer_control_update32+0xe>
20000ab6:	f8d3 c000 	ldr.w	ip, [r3]
20000aba:	ea01 010c 	and.w	r1, r1, ip
20000abe:	b18a      	cbz	r2, 20000ae4 <_hw_endpoint_buffer_control_update32+0x34>
20000ac0:	4311      	orrs	r1, r2
20000ac2:	0552      	lsls	r2, r2, #21
20000ac4:	d50e      	bpl.n	20000ae4 <_hw_endpoint_buffer_control_update32+0x34>
20000ac6:	681a      	ldr	r2, [r3, #0]
20000ac8:	0552      	lsls	r2, r2, #21
20000aca:	d40d      	bmi.n	20000ae8 <_hw_endpoint_buffer_control_update32+0x38>
20000acc:	4a08      	ldr	r2, [pc, #32]	@ (20000af0 <_hw_endpoint_buffer_control_update32+0x40>)
20000ace:	f421 6c80 	bic.w	ip, r1, #1024	@ 0x400
20000ad2:	f8c3 c000 	str.w	ip, [r3]
20000ad6:	6c12      	ldr	r2, [r2, #64]	@ 0x40
20000ad8:	0792      	lsls	r2, r2, #30
20000ada:	d403      	bmi.n	20000ae4 <_hw_endpoint_buffer_control_update32+0x34>
20000adc:	230c      	movs	r3, #12
20000ade:	3b03      	subs	r3, #3
20000ae0:	d2fd      	bcs.n	20000ade <_hw_endpoint_buffer_control_update32+0x2e>
20000ae2:	6883      	ldr	r3, [r0, #8]
20000ae4:	6019      	str	r1, [r3, #0]
20000ae6:	bd08      	pop	{r3, pc}
20000ae8:	7881      	ldrb	r1, [r0, #2]
20000aea:	4802      	ldr	r0, [pc, #8]	@ (20000af4 <_hw_endpoint_buffer_control_update32+0x44>)
20000aec:	f000 fce4 	bl	200014b8 <__panic_veneer>
20000af0:	50110000 	.word	0x50110000
20000af4:	1000b240 	.word	0x1000b240

20000af8 <hw_endpoint_start_next_buffer>:
20000af8:	b530      	push	{r4, r5, lr}
20000afa:	6843      	ldr	r3, [r0, #4]
20000afc:	2100      	movs	r1, #0
20000afe:	b083      	sub	sp, #12
20000b00:	4605      	mov	r5, r0
20000b02:	681c      	ldr	r4, [r3, #0]
20000b04:	f7ff fed2 	bl	200008ac <prepare_ep_buffer>
20000b08:	4b13      	ldr	r3, [pc, #76]	@ (20000b58 <hw_endpoint_start_next_buffer+0x60>)
20000b0a:	f440 5280 	orr.w	r2, r0, #4096	@ 0x1000
20000b0e:	6c19      	ldr	r1, [r3, #64]	@ 0x40
20000b10:	78ab      	ldrb	r3, [r5, #2]
20000b12:	0789      	lsls	r1, r1, #30
20000b14:	d50e      	bpl.n	20000b34 <hw_endpoint_start_next_buffer+0x3c>
20000b16:	065b      	lsls	r3, r3, #25
20000b18:	d00e      	beq.n	20000b38 <hw_endpoint_start_next_buffer+0x40>
20000b1a:	f024 44a0 	bic.w	r4, r4, #1342177280	@ 0x50000000
20000b1e:	f044 5400 	orr.w	r4, r4, #536870912	@ 0x20000000
20000b22:	2100      	movs	r1, #0
20000b24:	4628      	mov	r0, r5
20000b26:	686b      	ldr	r3, [r5, #4]
20000b28:	601c      	str	r4, [r3, #0]
20000b2a:	b003      	add	sp, #12
20000b2c:	e8bd 4030 	ldmia.w	sp!, {r4, r5, lr}
20000b30:	f7ff bfbe 	b.w	20000ab0 <_hw_endpoint_buffer_control_update32>
20000b34:	09db      	lsrs	r3, r3, #7
20000b36:	d0f0      	beq.n	20000b1a <hw_endpoint_start_next_buffer+0x22>
20000b38:	8aab      	ldrh	r3, [r5, #20]
20000b3a:	2b00      	cmp	r3, #0
20000b3c:	d0ed      	beq.n	20000b1a <hw_endpoint_start_next_buffer+0x22>
20000b3e:	2101      	movs	r1, #1
20000b40:	4628      	mov	r0, r5
20000b42:	9201      	str	r2, [sp, #4]
20000b44:	f7ff feb2 	bl	200008ac <prepare_ep_buffer>
20000b48:	9a01      	ldr	r2, [sp, #4]
20000b4a:	f024 5400 	bic.w	r4, r4, #536870912	@ 0x20000000
20000b4e:	4302      	orrs	r2, r0
20000b50:	f044 44a0 	orr.w	r4, r4, #1342177280	@ 0x50000000
20000b54:	e7e5      	b.n	20000b22 <hw_endpoint_start_next_buffer+0x2a>
20000b56:	bf00      	nop
20000b58:	50110000 	.word	0x50110000

20000b5c <hw_endpoint_xfer_continue>:
20000b5c:	b538      	push	{r3, r4, r5, lr}
20000b5e:	7e85      	ldrb	r5, [r0, #26]
20000b60:	4604      	mov	r4, r0
20000b62:	b195      	cbz	r5, 20000b8a <hw_endpoint_xfer_continue+0x2e>
20000b64:	f7ff ff60 	bl	20000a28 <_hw_endpoint_xfer_sync>
20000b68:	8aa3      	ldrh	r3, [r4, #20]
20000b6a:	b90b      	cbnz	r3, 20000b70 <hw_endpoint_xfer_continue+0x14>
20000b6c:	4628      	mov	r0, r5
20000b6e:	bd38      	pop	{r3, r4, r5, pc}
20000b70:	4620      	mov	r0, r4
20000b72:	f7ff ff83 	bl	20000a7c <e15_is_critical_frame_period>
20000b76:	b120      	cbz	r0, 20000b82 <hw_endpoint_xfer_continue+0x26>
20000b78:	2301      	movs	r3, #1
20000b7a:	7723      	strb	r3, [r4, #28]
20000b7c:	2500      	movs	r5, #0
20000b7e:	4628      	mov	r0, r5
20000b80:	bd38      	pop	{r3, r4, r5, pc}
20000b82:	4620      	mov	r0, r4
20000b84:	f7ff ffb8 	bl	20000af8 <hw_endpoint_start_next_buffer>
20000b88:	e7f8      	b.n	20000b7c <hw_endpoint_xfer_continue+0x20>
20000b8a:	7881      	ldrb	r1, [r0, #2]
20000b8c:	4801      	ldr	r0, [pc, #4]	@ (20000b94 <hw_endpoint_xfer_continue+0x38>)
20000b8e:	f000 fc93 	bl	200014b8 <__panic_veneer>
20000b92:	bf00      	nop
20000b94:	1000b260 	.word	0x1000b260

20000b98 <dcd_event_handler>:
20000b98:	b570      	push	{r4, r5, r6, lr}
20000b9a:	7843      	ldrb	r3, [r0, #1]
20000b9c:	4604      	mov	r4, r0
20000b9e:	3b02      	subs	r3, #2
20000ba0:	460e      	mov	r6, r1
20000ba2:	b086      	sub	sp, #24
20000ba4:	2b04      	cmp	r3, #4
20000ba6:	d813      	bhi.n	20000bd0 <dcd_event_handler+0x38>
20000ba8:	e8df f003 	tbb	[pc, r3]
20000bac:	72694903 	.word	0x72694903
20000bb0:	44          	.byte	0x44
20000bb1:	00          	.byte	0x00
20000bb2:	2100      	movs	r1, #0
20000bb4:	4b78      	ldr	r3, [pc, #480]	@ (20000d98 <dcd_event_handler+0x200>)
20000bb6:	781a      	ldrb	r2, [r3, #0]
20000bb8:	f022 0201 	bic.w	r2, r2, #1
20000bbc:	701a      	strb	r2, [r3, #0]
20000bbe:	781a      	ldrb	r2, [r3, #0]
20000bc0:	f022 0202 	bic.w	r2, r2, #2
20000bc4:	701a      	strb	r2, [r3, #0]
20000bc6:	7059      	strb	r1, [r3, #1]
20000bc8:	781a      	ldrb	r2, [r3, #0]
20000bca:	f361 0282 	bfi	r2, r1, #2, #1
20000bce:	701a      	strb	r2, [r3, #0]
20000bd0:	4b72      	ldr	r3, [pc, #456]	@ (20000d9c <dcd_event_handler+0x204>)
20000bd2:	681b      	ldr	r3, [r3, #0]
20000bd4:	695a      	ldr	r2, [r3, #20]
20000bd6:	f3ef 8010 	mrs	r0, PRIMASK
20000bda:	b672      	cpsid	i
20000bdc:	e8d2 cfcf 	ldaexb	ip, [r2]
20000be0:	2101      	movs	r1, #1
20000be2:	f1bc 0f00 	cmp.w	ip, #0
20000be6:	d1f9      	bne.n	20000bdc <dcd_event_handler+0x44>
20000be8:	e8c2 1f4c 	strexb	ip, r1, [r2]
20000bec:	f1bc 0f00 	cmp.w	ip, #0
20000bf0:	d1f4      	bne.n	20000bdc <dcd_event_handler+0x44>
20000bf2:	f3bf 8f5f 	dmb	sy
20000bf6:	4621      	mov	r1, r4
20000bf8:	6198      	str	r0, [r3, #24]
20000bfa:	4618      	mov	r0, r3
20000bfc:	9301      	str	r3, [sp, #4]
20000bfe:	f000 fc57 	bl	200014b0 <__tu_fifo_write_veneer>
20000c02:	9b01      	ldr	r3, [sp, #4]
20000c04:	2200      	movs	r2, #0
20000c06:	6959      	ldr	r1, [r3, #20]
20000c08:	e8c1 2f8f 	stlb	r2, [r1]
20000c0c:	699b      	ldr	r3, [r3, #24]
20000c0e:	f383 8810 	msr	PRIMASK, r3
20000c12:	b940      	cbnz	r0, 20000c26 <dcd_event_handler+0x8e>
20000c14:	f04f 23e0 	mov.w	r3, #3758153728	@ 0xe000e000
20000c18:	f8d3 3df0 	ldr.w	r3, [r3, #3568]	@ 0xdf0
20000c1c:	07db      	lsls	r3, r3, #31
20000c1e:	d507      	bpl.n	20000c30 <dcd_event_handler+0x98>
20000c20:	be00      	bkpt	0x0000
20000c22:	b006      	add	sp, #24
20000c24:	bd70      	pop	{r4, r5, r6, pc}
20000c26:	4632      	mov	r2, r6
20000c28:	7861      	ldrb	r1, [r4, #1]
20000c2a:	7820      	ldrb	r0, [r4, #0]
20000c2c:	f000 fc3c 	bl	200014a8 <__tud_event_hook_cb_veneer>
20000c30:	b006      	add	sp, #24
20000c32:	bd70      	pop	{r4, r5, r6, pc}
20000c34:	4a5a      	ldr	r2, [pc, #360]	@ (20000da0 <dcd_event_handler+0x208>)
20000c36:	7813      	ldrb	r3, [r2, #0]
20000c38:	3301      	adds	r3, #1
20000c3a:	7013      	strb	r3, [r2, #0]
20000c3c:	e7c8      	b.n	20000bd0 <dcd_event_handler+0x38>
20000c3e:	2300      	movs	r3, #0
20000c40:	4a58      	ldr	r2, [pc, #352]	@ (20000da4 <dcd_event_handler+0x20c>)
20000c42:	7810      	ldrb	r0, [r2, #0]
20000c44:	461a      	mov	r2, r3
20000c46:	e013      	b.n	20000c70 <dcd_event_handler+0xd8>
20000c48:	4a57      	ldr	r2, [pc, #348]	@ (20000da8 <dcd_event_handler+0x210>)
20000c4a:	6812      	ldr	r2, [r2, #0]
20000c4c:	eb12 1243 	adds.w	r2, r2, r3, lsl #5
20000c50:	d008      	beq.n	20000c64 <dcd_event_handler+0xcc>
20000c52:	69d2      	ldr	r2, [r2, #28]
20000c54:	b132      	cbz	r2, 20000c64 <dcd_event_handler+0xcc>
20000c56:	7820      	ldrb	r0, [r4, #0]
20000c58:	6861      	ldr	r1, [r4, #4]
20000c5a:	9301      	str	r3, [sp, #4]
20000c5c:	4790      	blx	r2
20000c5e:	4b51      	ldr	r3, [pc, #324]	@ (20000da4 <dcd_event_handler+0x20c>)
20000c60:	7818      	ldrb	r0, [r3, #0]
20000c62:	9b01      	ldr	r3, [sp, #4]
20000c64:	3301      	adds	r3, #1
20000c66:	b2db      	uxtb	r3, r3
20000c68:	1c41      	adds	r1, r0, #1
20000c6a:	4299      	cmp	r1, r3
20000c6c:	461a      	mov	r2, r3
20000c6e:	db18      	blt.n	20000ca2 <dcd_event_handler+0x10a>
20000c70:	4298      	cmp	r0, r3
20000c72:	d8e9      	bhi.n	20000c48 <dcd_event_handler+0xb0>
20000c74:	494d      	ldr	r1, [pc, #308]	@ (20000dac <dcd_event_handler+0x214>)
20000c76:	1a12      	subs	r2, r2, r0
20000c78:	eb01 1242 	add.w	r2, r1, r2, lsl #5
20000c7c:	e7e9      	b.n	20000c52 <dcd_event_handler+0xba>
20000c7e:	4b46      	ldr	r3, [pc, #280]	@ (20000d98 <dcd_event_handler+0x200>)
20000c80:	781a      	ldrb	r2, [r3, #0]
20000c82:	07d2      	lsls	r2, r2, #31
20000c84:	d5d4      	bpl.n	20000c30 <dcd_event_handler+0x98>
20000c86:	781a      	ldrb	r2, [r3, #0]
20000c88:	f042 0204 	orr.w	r2, r2, #4
20000c8c:	701a      	strb	r2, [r3, #0]
20000c8e:	e79f      	b.n	20000bd0 <dcd_event_handler+0x38>
20000c90:	4b41      	ldr	r3, [pc, #260]	@ (20000d98 <dcd_event_handler+0x200>)
20000c92:	781a      	ldrb	r2, [r3, #0]
20000c94:	07d5      	lsls	r5, r2, #31
20000c96:	d5cb      	bpl.n	20000c30 <dcd_event_handler+0x98>
20000c98:	781a      	ldrb	r2, [r3, #0]
20000c9a:	f022 0204 	bic.w	r2, r2, #4
20000c9e:	701a      	strb	r2, [r3, #0]
20000ca0:	e796      	b.n	20000bd0 <dcd_event_handler+0x38>
20000ca2:	4b3d      	ldr	r3, [pc, #244]	@ (20000d98 <dcd_event_handler+0x200>)
20000ca4:	781a      	ldrb	r2, [r3, #0]
20000ca6:	0750      	lsls	r0, r2, #29
20000ca8:	d433      	bmi.n	20000d12 <dcd_event_handler+0x17a>
20000caa:	78db      	ldrb	r3, [r3, #3]
20000cac:	07da      	lsls	r2, r3, #31
20000cae:	d5bf      	bpl.n	20000c30 <dcd_event_handler+0x98>
20000cb0:	2203      	movs	r2, #3
20000cb2:	4b3a      	ldr	r3, [pc, #232]	@ (20000d9c <dcd_event_handler+0x204>)
20000cb4:	7820      	ldrb	r0, [r4, #0]
20000cb6:	6861      	ldr	r1, [r4, #4]
20000cb8:	681b      	ldr	r3, [r3, #0]
20000cba:	f88d 000c 	strb.w	r0, [sp, #12]
20000cbe:	f88d 200d 	strb.w	r2, [sp, #13]
20000cc2:	695a      	ldr	r2, [r3, #20]
20000cc4:	9104      	str	r1, [sp, #16]
20000cc6:	f3ef 8110 	mrs	r1, PRIMASK
20000cca:	b672      	cpsid	i
20000ccc:	e8d2 4fcf 	ldaexb	r4, [r2]
20000cd0:	2001      	movs	r0, #1
20000cd2:	2c00      	cmp	r4, #0
20000cd4:	d1fa      	bne.n	20000ccc <dcd_event_handler+0x134>
20000cd6:	e8c2 0f44 	strexb	r4, r0, [r2]
20000cda:	2c00      	cmp	r4, #0
20000cdc:	d1f6      	bne.n	20000ccc <dcd_event_handler+0x134>
20000cde:	f3bf 8f5f 	dmb	sy
20000ce2:	6199      	str	r1, [r3, #24]
20000ce4:	4618      	mov	r0, r3
20000ce6:	a903      	add	r1, sp, #12
20000ce8:	9301      	str	r3, [sp, #4]
20000cea:	f000 fbe1 	bl	200014b0 <__tu_fifo_write_veneer>
20000cee:	9b01      	ldr	r3, [sp, #4]
20000cf0:	2200      	movs	r2, #0
20000cf2:	6959      	ldr	r1, [r3, #20]
20000cf4:	e8c1 2f8f 	stlb	r2, [r1]
20000cf8:	699b      	ldr	r3, [r3, #24]
20000cfa:	f383 8810 	msr	PRIMASK, r3
20000cfe:	2800      	cmp	r0, #0
20000d00:	d088      	beq.n	20000c14 <dcd_event_handler+0x7c>
20000d02:	4632      	mov	r2, r6
20000d04:	f89d 100d 	ldrb.w	r1, [sp, #13]
20000d08:	f89d 000c 	ldrb.w	r0, [sp, #12]
20000d0c:	f000 fbcc 	bl	200014a8 <__tud_event_hook_cb_veneer>
20000d10:	e78e      	b.n	20000c30 <dcd_event_handler+0x98>
20000d12:	2500      	movs	r5, #0
20000d14:	2005      	movs	r0, #5
20000d16:	7819      	ldrb	r1, [r3, #0]
20000d18:	e9cd 5504 	strd	r5, r5, [sp, #16]
20000d1c:	f021 0104 	bic.w	r1, r1, #4
20000d20:	9503      	str	r5, [sp, #12]
20000d22:	7019      	strb	r1, [r3, #0]
20000d24:	f88d 000d 	strb.w	r0, [sp, #13]
20000d28:	4a1c      	ldr	r2, [pc, #112]	@ (20000d9c <dcd_event_handler+0x204>)
20000d2a:	7821      	ldrb	r1, [r4, #0]
20000d2c:	6812      	ldr	r2, [r2, #0]
20000d2e:	f88d 100c 	strb.w	r1, [sp, #12]
20000d32:	6951      	ldr	r1, [r2, #20]
20000d34:	f3ef 8010 	mrs	r0, PRIMASK
20000d38:	b672      	cpsid	i
20000d3a:	e8d1 efcf 	ldaexb	lr, [r1]
20000d3e:	f05f 0c01 	movs.w	ip, #1
20000d42:	f1be 0f00 	cmp.w	lr, #0
20000d46:	d1f8      	bne.n	20000d3a <dcd_event_handler+0x1a2>
20000d48:	e8c1 cf4e 	strexb	lr, ip, [r1]
20000d4c:	f1be 0f00 	cmp.w	lr, #0
20000d50:	d1f3      	bne.n	20000d3a <dcd_event_handler+0x1a2>
20000d52:	f3bf 8f5f 	dmb	sy
20000d56:	6190      	str	r0, [r2, #24]
20000d58:	a903      	add	r1, sp, #12
20000d5a:	4610      	mov	r0, r2
20000d5c:	9201      	str	r2, [sp, #4]
20000d5e:	f000 fba7 	bl	200014b0 <__tu_fifo_write_veneer>
20000d62:	9a01      	ldr	r2, [sp, #4]
20000d64:	6951      	ldr	r1, [r2, #20]
20000d66:	e8c1 5f8f 	stlb	r5, [r1]
20000d6a:	6992      	ldr	r2, [r2, #24]
20000d6c:	f382 8810 	msr	PRIMASK, r2
20000d70:	4b09      	ldr	r3, [pc, #36]	@ (20000d98 <dcd_event_handler+0x200>)
20000d72:	b938      	cbnz	r0, 20000d84 <dcd_event_handler+0x1ec>
20000d74:	f04f 22e0 	mov.w	r2, #3758153728	@ 0xe000e000
20000d78:	f8d2 2df0 	ldr.w	r2, [r2, #3568]	@ 0xdf0
20000d7c:	07d1      	lsls	r1, r2, #31
20000d7e:	d594      	bpl.n	20000caa <dcd_event_handler+0x112>
20000d80:	be00      	bkpt	0x0000
20000d82:	e792      	b.n	20000caa <dcd_event_handler+0x112>
20000d84:	4632      	mov	r2, r6
20000d86:	f89d 100d 	ldrb.w	r1, [sp, #13]
20000d8a:	f89d 000c 	ldrb.w	r0, [sp, #12]
20000d8e:	f000 fb8b 	bl	200014a8 <__tud_event_hook_cb_veneer>
20000d92:	4b01      	ldr	r3, [pc, #4]	@ (20000d98 <dcd_event_handler+0x200>)
20000d94:	e789      	b.n	20000caa <dcd_event_handler+0x112>
20000d96:	bf00      	nop
20000d98:	200022e8 	.word	0x200022e8
20000d9c:	20002340 	.word	0x20002340
20000da0:	20002cae 	.word	0x20002cae
20000da4:	20002cac 	.word	0x20002cac
20000da8:	200021e0 	.word	0x200021e0
20000dac:	1000b5fc 	.word	0x1000b5fc

20000db0 <__aeabi_drsub>:
20000db0:	f081 4100 	eor.w	r1, r1, #2147483648	@ 0x80000000
20000db4:	e002      	b.n	20000dbc <__adddf3>
20000db6:	bf00      	nop

20000db8 <__aeabi_dsub>:
20000db8:	f083 4300 	eor.w	r3, r3, #2147483648	@ 0x80000000

20000dbc <__adddf3>:
20000dbc:	b530      	push	{r4, r5, lr}
20000dbe:	ea4f 0441 	mov.w	r4, r1, lsl #1
20000dc2:	ea4f 0543 	mov.w	r5, r3, lsl #1
20000dc6:	ea94 0f05 	teq	r4, r5
20000dca:	bf08      	it	eq
20000dcc:	ea90 0f02 	teqeq	r0, r2
20000dd0:	bf1f      	itttt	ne
20000dd2:	ea54 0c00 	orrsne.w	ip, r4, r0
20000dd6:	ea55 0c02 	orrsne.w	ip, r5, r2
20000dda:	ea7f 5c64 	mvnsne.w	ip, r4, asr #21
20000dde:	ea7f 5c65 	mvnsne.w	ip, r5, asr #21
20000de2:	f000 80e2 	beq.w	20000faa <__adddf3+0x1ee>
20000de6:	ea4f 5454 	mov.w	r4, r4, lsr #21
20000dea:	ebd4 5555 	rsbs	r5, r4, r5, lsr #21
20000dee:	bfb8      	it	lt
20000df0:	426d      	neglt	r5, r5
20000df2:	dd0c      	ble.n	20000e0e <__adddf3+0x52>
20000df4:	442c      	add	r4, r5
20000df6:	ea80 0202 	eor.w	r2, r0, r2
20000dfa:	ea81 0303 	eor.w	r3, r1, r3
20000dfe:	ea82 0000 	eor.w	r0, r2, r0
20000e02:	ea83 0101 	eor.w	r1, r3, r1
20000e06:	ea80 0202 	eor.w	r2, r0, r2
20000e0a:	ea81 0303 	eor.w	r3, r1, r3
20000e0e:	2d36      	cmp	r5, #54	@ 0x36
20000e10:	bf88      	it	hi
20000e12:	bd30      	pophi	{r4, r5, pc}
20000e14:	f011 4f00 	tst.w	r1, #2147483648	@ 0x80000000
20000e18:	ea4f 3101 	mov.w	r1, r1, lsl #12
20000e1c:	f44f 1c80 	mov.w	ip, #1048576	@ 0x100000
20000e20:	ea4c 3111 	orr.w	r1, ip, r1, lsr #12
20000e24:	d002      	beq.n	20000e2c <__adddf3+0x70>
20000e26:	4240      	negs	r0, r0
20000e28:	eb61 0141 	sbc.w	r1, r1, r1, lsl #1
20000e2c:	f013 4f00 	tst.w	r3, #2147483648	@ 0x80000000
20000e30:	ea4f 3303 	mov.w	r3, r3, lsl #12
20000e34:	ea4c 3313 	orr.w	r3, ip, r3, lsr #12
20000e38:	d002      	beq.n	20000e40 <__adddf3+0x84>
20000e3a:	4252      	negs	r2, r2
20000e3c:	eb63 0343 	sbc.w	r3, r3, r3, lsl #1
20000e40:	ea94 0f05 	teq	r4, r5
20000e44:	f000 80a7 	beq.w	20000f96 <__adddf3+0x1da>
20000e48:	f1a4 0401 	sub.w	r4, r4, #1
20000e4c:	f1d5 0e20 	rsbs	lr, r5, #32
20000e50:	db0d      	blt.n	20000e6e <__adddf3+0xb2>
20000e52:	fa02 fc0e 	lsl.w	ip, r2, lr
20000e56:	fa22 f205 	lsr.w	r2, r2, r5
20000e5a:	1880      	adds	r0, r0, r2
20000e5c:	f141 0100 	adc.w	r1, r1, #0
20000e60:	fa03 f20e 	lsl.w	r2, r3, lr
20000e64:	1880      	adds	r0, r0, r2
20000e66:	fa43 f305 	asr.w	r3, r3, r5
20000e6a:	4159      	adcs	r1, r3
20000e6c:	e00e      	b.n	20000e8c <__adddf3+0xd0>
20000e6e:	f1a5 0520 	sub.w	r5, r5, #32
20000e72:	f10e 0e20 	add.w	lr, lr, #32
20000e76:	2a01      	cmp	r2, #1
20000e78:	fa03 fc0e 	lsl.w	ip, r3, lr
20000e7c:	bf28      	it	cs
20000e7e:	f04c 0c02 	orrcs.w	ip, ip, #2
20000e82:	fa43 f305 	asr.w	r3, r3, r5
20000e86:	18c0      	adds	r0, r0, r3
20000e88:	eb51 71e3 	adcs.w	r1, r1, r3, asr #31
20000e8c:	f001 4500 	and.w	r5, r1, #2147483648	@ 0x80000000
20000e90:	d507      	bpl.n	20000ea2 <__adddf3+0xe6>
20000e92:	f04f 0e00 	mov.w	lr, #0
20000e96:	f1dc 0c00 	rsbs	ip, ip, #0
20000e9a:	eb7e 0000 	sbcs.w	r0, lr, r0
20000e9e:	eb6e 0101 	sbc.w	r1, lr, r1
20000ea2:	f5b1 1f80 	cmp.w	r1, #1048576	@ 0x100000
20000ea6:	d31b      	bcc.n	20000ee0 <__adddf3+0x124>
20000ea8:	f5b1 1f00 	cmp.w	r1, #2097152	@ 0x200000
20000eac:	d30c      	bcc.n	20000ec8 <__adddf3+0x10c>
20000eae:	0849      	lsrs	r1, r1, #1
20000eb0:	ea5f 0030 	movs.w	r0, r0, rrx
20000eb4:	ea4f 0c3c 	mov.w	ip, ip, rrx
20000eb8:	f104 0401 	add.w	r4, r4, #1
20000ebc:	ea4f 5244 	mov.w	r2, r4, lsl #21
20000ec0:	f512 0f80 	cmn.w	r2, #4194304	@ 0x400000
20000ec4:	f080 809a 	bcs.w	20000ffc <__adddf3+0x240>
20000ec8:	f1bc 4f00 	cmp.w	ip, #2147483648	@ 0x80000000
20000ecc:	bf08      	it	eq
20000ece:	ea5f 0c50 	movseq.w	ip, r0, lsr #1
20000ed2:	f150 0000 	adcs.w	r0, r0, #0
20000ed6:	eb41 5104 	adc.w	r1, r1, r4, lsl #20
20000eda:	ea41 0105 	orr.w	r1, r1, r5
20000ede:	bd30      	pop	{r4, r5, pc}
20000ee0:	ea5f 0c4c 	movs.w	ip, ip, lsl #1
20000ee4:	4140      	adcs	r0, r0
20000ee6:	eb41 0101 	adc.w	r1, r1, r1
20000eea:	3c01      	subs	r4, #1
20000eec:	bf28      	it	cs
20000eee:	f5b1 1f80 	cmpcs.w	r1, #1048576	@ 0x100000
20000ef2:	d2e9      	bcs.n	20000ec8 <__adddf3+0x10c>
20000ef4:	f091 0f00 	teq	r1, #0
20000ef8:	bf04      	itt	eq
20000efa:	4601      	moveq	r1, r0
20000efc:	2000      	moveq	r0, #0
20000efe:	fab1 f381 	clz	r3, r1
20000f02:	bf08      	it	eq
20000f04:	3320      	addeq	r3, #32
20000f06:	f1a3 030b 	sub.w	r3, r3, #11
20000f0a:	f1b3 0220 	subs.w	r2, r3, #32
20000f0e:	da0c      	bge.n	20000f2a <__adddf3+0x16e>
20000f10:	320c      	adds	r2, #12
20000f12:	dd08      	ble.n	20000f26 <__adddf3+0x16a>
20000f14:	f102 0c14 	add.w	ip, r2, #20
20000f18:	f1c2 020c 	rsb	r2, r2, #12
20000f1c:	fa01 f00c 	lsl.w	r0, r1, ip
20000f20:	fa21 f102 	lsr.w	r1, r1, r2
20000f24:	e00c      	b.n	20000f40 <__adddf3+0x184>
20000f26:	f102 0214 	add.w	r2, r2, #20
20000f2a:	bfd8      	it	le
20000f2c:	f1c2 0c20 	rsble	ip, r2, #32
20000f30:	fa01 f102 	lsl.w	r1, r1, r2
20000f34:	fa20 fc0c 	lsr.w	ip, r0, ip
20000f38:	bfdc      	itt	le
20000f3a:	ea41 010c 	orrle.w	r1, r1, ip
20000f3e:	4090      	lslle	r0, r2
20000f40:	1ae4      	subs	r4, r4, r3
20000f42:	bfa2      	ittt	ge
20000f44:	eb01 5104 	addge.w	r1, r1, r4, lsl #20
20000f48:	4329      	orrge	r1, r5
20000f4a:	bd30      	popge	{r4, r5, pc}
20000f4c:	ea6f 0404 	mvn.w	r4, r4
20000f50:	3c1f      	subs	r4, #31
20000f52:	da1c      	bge.n	20000f8e <__adddf3+0x1d2>
20000f54:	340c      	adds	r4, #12
20000f56:	dc0e      	bgt.n	20000f76 <__adddf3+0x1ba>
20000f58:	f104 0414 	add.w	r4, r4, #20
20000f5c:	f1c4 0220 	rsb	r2, r4, #32
20000f60:	fa20 f004 	lsr.w	r0, r0, r4
20000f64:	fa01 f302 	lsl.w	r3, r1, r2
20000f68:	ea40 0003 	orr.w	r0, r0, r3
20000f6c:	fa21 f304 	lsr.w	r3, r1, r4
20000f70:	ea45 0103 	orr.w	r1, r5, r3
20000f74:	bd30      	pop	{r4, r5, pc}
20000f76:	f1c4 040c 	rsb	r4, r4, #12
20000f7a:	f1c4 0220 	rsb	r2, r4, #32
20000f7e:	fa20 f002 	lsr.w	r0, r0, r2
20000f82:	fa01 f304 	lsl.w	r3, r1, r4
20000f86:	ea40 0003 	orr.w	r0, r0, r3
20000f8a:	4629      	mov	r1, r5
20000f8c:	bd30      	pop	{r4, r5, pc}
20000f8e:	fa21 f004 	lsr.w	r0, r1, r4
20000f92:	4629      	mov	r1, r5
20000f94:	bd30      	pop	{r4, r5, pc}
20000f96:	f094 0f00 	teq	r4, #0
20000f9a:	f483 1380 	eor.w	r3, r3, #1048576	@ 0x100000
20000f9e:	bf06      	itte	eq
20000fa0:	f481 1180 	eoreq.w	r1, r1, #1048576	@ 0x100000
20000fa4:	3401      	addeq	r4, #1
20000fa6:	3d01      	subne	r5, #1
20000fa8:	e74e      	b.n	20000e48 <__adddf3+0x8c>
20000faa:	ea7f 5c64 	mvns.w	ip, r4, asr #21
20000fae:	bf18      	it	ne
20000fb0:	ea7f 5c65 	mvnsne.w	ip, r5, asr #21
20000fb4:	d029      	beq.n	2000100a <__adddf3+0x24e>
20000fb6:	ea94 0f05 	teq	r4, r5
20000fba:	bf08      	it	eq
20000fbc:	ea90 0f02 	teqeq	r0, r2
20000fc0:	d005      	beq.n	20000fce <__adddf3+0x212>
20000fc2:	ea54 0c00 	orrs.w	ip, r4, r0
20000fc6:	bf04      	itt	eq
20000fc8:	4619      	moveq	r1, r3
20000fca:	4610      	moveq	r0, r2
20000fcc:	bd30      	pop	{r4, r5, pc}
20000fce:	ea91 0f03 	teq	r1, r3
20000fd2:	bf1e      	ittt	ne
20000fd4:	2100      	movne	r1, #0
20000fd6:	2000      	movne	r0, #0
20000fd8:	bd30      	popne	{r4, r5, pc}
20000fda:	ea5f 5c54 	movs.w	ip, r4, lsr #21
20000fde:	d105      	bne.n	20000fec <__adddf3+0x230>
20000fe0:	0040      	lsls	r0, r0, #1
20000fe2:	4149      	adcs	r1, r1
20000fe4:	bf28      	it	cs
20000fe6:	f041 4100 	orrcs.w	r1, r1, #2147483648	@ 0x80000000
20000fea:	bd30      	pop	{r4, r5, pc}
20000fec:	f514 0480 	adds.w	r4, r4, #4194304	@ 0x400000
20000ff0:	bf3c      	itt	cc
20000ff2:	f501 1180 	addcc.w	r1, r1, #1048576	@ 0x100000
20000ff6:	bd30      	popcc	{r4, r5, pc}
20000ff8:	f001 4500 	and.w	r5, r1, #2147483648	@ 0x80000000
20000ffc:	f045 41fe 	orr.w	r1, r5, #2130706432	@ 0x7f000000
20001000:	f441 0170 	orr.w	r1, r1, #15728640	@ 0xf00000
20001004:	f04f 0000 	mov.w	r0, #0
20001008:	bd30      	pop	{r4, r5, pc}
2000100a:	ea7f 5c64 	mvns.w	ip, r4, asr #21
2000100e:	bf1a      	itte	ne
20001010:	4619      	movne	r1, r3
20001012:	4610      	movne	r0, r2
20001014:	ea7f 5c65 	mvnseq.w	ip, r5, asr #21
20001018:	bf1c      	itt	ne
2000101a:	460b      	movne	r3, r1
2000101c:	4602      	movne	r2, r0
2000101e:	ea50 3401 	orrs.w	r4, r0, r1, lsl #12
20001022:	bf06      	itte	eq
20001024:	ea52 3503 	orrseq.w	r5, r2, r3, lsl #12
20001028:	ea91 0f03 	teqeq	r1, r3
2000102c:	f441 2100 	orrne.w	r1, r1, #524288	@ 0x80000
20001030:	bd30      	pop	{r4, r5, pc}
20001032:	bf00      	nop

20001034 <__aeabi_ui2d>:
20001034:	f090 0f00 	teq	r0, #0
20001038:	bf04      	itt	eq
2000103a:	2100      	moveq	r1, #0
2000103c:	4770      	bxeq	lr
2000103e:	b530      	push	{r4, r5, lr}
20001040:	f44f 6480 	mov.w	r4, #1024	@ 0x400
20001044:	f104 0432 	add.w	r4, r4, #50	@ 0x32
20001048:	f04f 0500 	mov.w	r5, #0
2000104c:	f04f 0100 	mov.w	r1, #0
20001050:	e750      	b.n	20000ef4 <__adddf3+0x138>
20001052:	bf00      	nop

20001054 <__aeabi_i2d>:
20001054:	f090 0f00 	teq	r0, #0
20001058:	bf04      	itt	eq
2000105a:	2100      	moveq	r1, #0
2000105c:	4770      	bxeq	lr
2000105e:	b530      	push	{r4, r5, lr}
20001060:	f44f 6480 	mov.w	r4, #1024	@ 0x400
20001064:	f104 0432 	add.w	r4, r4, #50	@ 0x32
20001068:	f010 4500 	ands.w	r5, r0, #2147483648	@ 0x80000000
2000106c:	bf48      	it	mi
2000106e:	4240      	negmi	r0, r0
20001070:	f04f 0100 	mov.w	r1, #0
20001074:	e73e      	b.n	20000ef4 <__adddf3+0x138>
20001076:	bf00      	nop

20001078 <__aeabi_f2d>:
20001078:	0042      	lsls	r2, r0, #1
2000107a:	ea4f 01e2 	mov.w	r1, r2, asr #3
2000107e:	ea4f 0131 	mov.w	r1, r1, rrx
20001082:	ea4f 7002 	mov.w	r0, r2, lsl #28
20001086:	bf1f      	itttt	ne
20001088:	f012 437f 	andsne.w	r3, r2, #4278190080	@ 0xff000000
2000108c:	f093 4f7f 	teqne	r3, #4278190080	@ 0xff000000
20001090:	f081 5160 	eorne.w	r1, r1, #939524096	@ 0x38000000
20001094:	4770      	bxne	lr
20001096:	f032 427f 	bics.w	r2, r2, #4278190080	@ 0xff000000
2000109a:	bf08      	it	eq
2000109c:	4770      	bxeq	lr
2000109e:	f093 4f7f 	teq	r3, #4278190080	@ 0xff000000
200010a2:	bf04      	itt	eq
200010a4:	f441 2100 	orreq.w	r1, r1, #524288	@ 0x80000
200010a8:	4770      	bxeq	lr
200010aa:	b530      	push	{r4, r5, lr}
200010ac:	f44f 7460 	mov.w	r4, #896	@ 0x380
200010b0:	f001 4500 	and.w	r5, r1, #2147483648	@ 0x80000000
200010b4:	f021 4100 	bic.w	r1, r1, #2147483648	@ 0x80000000
200010b8:	e71c      	b.n	20000ef4 <__adddf3+0x138>
200010ba:	bf00      	nop

200010bc <__aeabi_ul2d>:
200010bc:	ea50 0201 	orrs.w	r2, r0, r1
200010c0:	bf08      	it	eq
200010c2:	4770      	bxeq	lr
200010c4:	b530      	push	{r4, r5, lr}
200010c6:	f04f 0500 	mov.w	r5, #0
200010ca:	e00a      	b.n	200010e2 <__aeabi_l2d+0x16>

200010cc <__aeabi_l2d>:
200010cc:	ea50 0201 	orrs.w	r2, r0, r1
200010d0:	bf08      	it	eq
200010d2:	4770      	bxeq	lr
200010d4:	b530      	push	{r4, r5, lr}
200010d6:	f011 4500 	ands.w	r5, r1, #2147483648	@ 0x80000000
200010da:	d502      	bpl.n	200010e2 <__aeabi_l2d+0x16>
200010dc:	4240      	negs	r0, r0
200010de:	eb61 0141 	sbc.w	r1, r1, r1, lsl #1
200010e2:	f44f 6480 	mov.w	r4, #1024	@ 0x400
200010e6:	f104 0432 	add.w	r4, r4, #50	@ 0x32
200010ea:	ea5f 5c91 	movs.w	ip, r1, lsr #22
200010ee:	f43f aed8 	beq.w	20000ea2 <__adddf3+0xe6>
200010f2:	f04f 0203 	mov.w	r2, #3
200010f6:	ea5f 0cdc 	movs.w	ip, ip, lsr #3
200010fa:	bf18      	it	ne
200010fc:	3203      	addne	r2, #3
200010fe:	ea5f 0cdc 	movs.w	ip, ip, lsr #3
20001102:	bf18      	it	ne
20001104:	3203      	addne	r2, #3
20001106:	eb02 02dc 	add.w	r2, r2, ip, lsr #3
2000110a:	f1c2 0320 	rsb	r3, r2, #32
2000110e:	fa00 fc03 	lsl.w	ip, r0, r3
20001112:	fa20 f002 	lsr.w	r0, r0, r2
20001116:	fa01 fe03 	lsl.w	lr, r1, r3
2000111a:	ea40 000e 	orr.w	r0, r0, lr
2000111e:	fa21 f102 	lsr.w	r1, r1, r2
20001122:	4414      	add	r4, r2
20001124:	e6bd      	b.n	20000ea2 <__adddf3+0xe6>
20001126:	bf00      	nop

20001128 <__aeabi_uldivmod>:
20001128:	b953      	cbnz	r3, 20001140 <__aeabi_uldivmod+0x18>
2000112a:	b94a      	cbnz	r2, 20001140 <__aeabi_uldivmod+0x18>
2000112c:	2900      	cmp	r1, #0
2000112e:	bf08      	it	eq
20001130:	2800      	cmpeq	r0, #0
20001132:	bf1c      	itt	ne
20001134:	f04f 31ff 	movne.w	r1, #4294967295	@ 0xffffffff
20001138:	f04f 30ff 	movne.w	r0, #4294967295	@ 0xffffffff
2000113c:	f000 b9ac 	b.w	20001498 <__aeabi_idiv0>
20001140:	f1ad 0c08 	sub.w	ip, sp, #8
20001144:	e96d ce04 	strd	ip, lr, [sp, #-16]!
20001148:	f000 f806 	bl	20001158 <__udivmoddi4>
2000114c:	f8dd e004 	ldr.w	lr, [sp, #4]
20001150:	e9dd 2302 	ldrd	r2, r3, [sp, #8]
20001154:	b004      	add	sp, #16
20001156:	4770      	bx	lr

20001158 <__udivmoddi4>:
20001158:	e92d 47f0 	stmdb	sp!, {r4, r5, r6, r7, r8, r9, sl, lr}
2000115c:	4606      	mov	r6, r0
2000115e:	b082      	sub	sp, #8
20001160:	4617      	mov	r7, r2
20001162:	4608      	mov	r0, r1
20001164:	9a0a      	ldr	r2, [sp, #40]	@ 0x28
20001166:	46b4      	mov	ip, r6
20001168:	460d      	mov	r5, r1
2000116a:	2b00      	cmp	r3, #0
2000116c:	d14d      	bne.n	2000120a <__udivmoddi4+0xb2>
2000116e:	428f      	cmp	r7, r1
20001170:	46be      	mov	lr, r7
20001172:	d965      	bls.n	20001240 <__udivmoddi4+0xe8>
20001174:	fab7 f187 	clz	r1, r7
20001178:	b149      	cbz	r1, 2000118e <__udivmoddi4+0x36>
2000117a:	f1c1 0320 	rsb	r3, r1, #32
2000117e:	408d      	lsls	r5, r1
20001180:	fa07 fe01 	lsl.w	lr, r7, r1
20001184:	fa06 fc01 	lsl.w	ip, r6, r1
20001188:	fa26 f303 	lsr.w	r3, r6, r3
2000118c:	431d      	orrs	r5, r3
2000118e:	ea4f 461e 	mov.w	r6, lr, lsr #16
20001192:	fa1f f08e 	uxth.w	r0, lr
20001196:	ea4f 431c 	mov.w	r3, ip, lsr #16
2000119a:	fbb5 f4f6 	udiv	r4, r5, r6
2000119e:	fb06 5514 	mls	r5, r6, r4, r5
200011a2:	ea43 4305 	orr.w	r3, r3, r5, lsl #16
200011a6:	fb04 f500 	mul.w	r5, r4, r0
200011aa:	429d      	cmp	r5, r3
200011ac:	d906      	bls.n	200011bc <__udivmoddi4+0x64>
200011ae:	eb1e 0303 	adds.w	r3, lr, r3
200011b2:	d202      	bcs.n	200011ba <__udivmoddi4+0x62>
200011b4:	429d      	cmp	r5, r3
200011b6:	f200 814c 	bhi.w	20001452 <__udivmoddi4+0x2fa>
200011ba:	3c01      	subs	r4, #1
200011bc:	1b5b      	subs	r3, r3, r5
200011be:	fa1f fc8c 	uxth.w	ip, ip
200011c2:	fbb3 f5f6 	udiv	r5, r3, r6
200011c6:	fb06 3315 	mls	r3, r6, r5, r3
200011ca:	fb05 f000 	mul.w	r0, r5, r0
200011ce:	ea4c 4c03 	orr.w	ip, ip, r3, lsl #16
200011d2:	4560      	cmp	r0, ip
200011d4:	d90a      	bls.n	200011ec <__udivmoddi4+0x94>
200011d6:	eb1e 0c0c 	adds.w	ip, lr, ip
200011da:	bf2c      	ite	cs
200011dc:	2301      	movcs	r3, #1
200011de:	2300      	movcc	r3, #0
200011e0:	4560      	cmp	r0, ip
200011e2:	d902      	bls.n	200011ea <__udivmoddi4+0x92>
200011e4:	2b00      	cmp	r3, #0
200011e6:	f000 8137 	beq.w	20001458 <__udivmoddi4+0x300>
200011ea:	3d01      	subs	r5, #1
200011ec:	ebac 0c00 	sub.w	ip, ip, r0
200011f0:	ea45 4004 	orr.w	r0, r5, r4, lsl #16
200011f4:	2400      	movs	r4, #0
200011f6:	b122      	cbz	r2, 20001202 <__udivmoddi4+0xaa>
200011f8:	fa2c f301 	lsr.w	r3, ip, r1
200011fc:	2100      	movs	r1, #0
200011fe:	e9c2 3100 	strd	r3, r1, [r2]
20001202:	4621      	mov	r1, r4
20001204:	b002      	add	sp, #8
20001206:	e8bd 87f0 	ldmia.w	sp!, {r4, r5, r6, r7, r8, r9, sl, pc}
2000120a:	428b      	cmp	r3, r1
2000120c:	d908      	bls.n	20001220 <__udivmoddi4+0xc8>
2000120e:	b10a      	cbz	r2, 20001214 <__udivmoddi4+0xbc>
20001210:	e9c2 6100 	strd	r6, r1, [r2]
20001214:	2400      	movs	r4, #0
20001216:	4620      	mov	r0, r4
20001218:	4621      	mov	r1, r4
2000121a:	b002      	add	sp, #8
2000121c:	e8bd 87f0 	ldmia.w	sp!, {r4, r5, r6, r7, r8, r9, sl, pc}
20001220:	fab3 f483 	clz	r4, r3
20001224:	2c00      	cmp	r4, #0
20001226:	d14d      	bne.n	200012c4 <__udivmoddi4+0x16c>
20001228:	428b      	cmp	r3, r1
2000122a:	f0c0 8105 	bcc.w	20001438 <__udivmoddi4+0x2e0>
2000122e:	42b7      	cmp	r7, r6
20001230:	f240 8102 	bls.w	20001438 <__udivmoddi4+0x2e0>
20001234:	4620      	mov	r0, r4
20001236:	2a00      	cmp	r2, #0
20001238:	d0e3      	beq.n	20001202 <__udivmoddi4+0xaa>
2000123a:	e9c2 c500 	strd	ip, r5, [r2]
2000123e:	e7e0      	b.n	20001202 <__udivmoddi4+0xaa>
20001240:	2f00      	cmp	r7, #0
20001242:	f000 80a2 	beq.w	2000138a <__udivmoddi4+0x232>
20001246:	4619      	mov	r1, r3
20001248:	fab7 f387 	clz	r3, r7
2000124c:	2b00      	cmp	r3, #0
2000124e:	f040 80b4 	bne.w	200013ba <__udivmoddi4+0x262>
20001252:	1bc3      	subs	r3, r0, r7
20001254:	fa1f f88e 	uxth.w	r8, lr
20001258:	0c3f      	lsrs	r7, r7, #16
2000125a:	2401      	movs	r4, #1
2000125c:	ea4f 401c 	mov.w	r0, ip, lsr #16
20001260:	fbb3 f5f7 	udiv	r5, r3, r7
20001264:	fb07 3315 	mls	r3, r7, r5, r3
20001268:	ea40 4303 	orr.w	r3, r0, r3, lsl #16
2000126c:	fb08 f005 	mul.w	r0, r8, r5
20001270:	4298      	cmp	r0, r3
20001272:	d90a      	bls.n	2000128a <__udivmoddi4+0x132>
20001274:	eb1e 0303 	adds.w	r3, lr, r3
20001278:	bf2c      	ite	cs
2000127a:	2601      	movcs	r6, #1
2000127c:	2600      	movcc	r6, #0
2000127e:	4298      	cmp	r0, r3
20001280:	d902      	bls.n	20001288 <__udivmoddi4+0x130>
20001282:	2e00      	cmp	r6, #0
20001284:	f000 80e2 	beq.w	2000144c <__udivmoddi4+0x2f4>
20001288:	3d01      	subs	r5, #1
2000128a:	1a1b      	subs	r3, r3, r0
2000128c:	fa1f fc8c 	uxth.w	ip, ip
20001290:	fbb3 f0f7 	udiv	r0, r3, r7
20001294:	fb07 3310 	mls	r3, r7, r0, r3
20001298:	ea4c 4c03 	orr.w	ip, ip, r3, lsl #16
2000129c:	fb08 f300 	mul.w	r3, r8, r0
200012a0:	4563      	cmp	r3, ip
200012a2:	d90a      	bls.n	200012ba <__udivmoddi4+0x162>
200012a4:	eb1e 0c0c 	adds.w	ip, lr, ip
200012a8:	bf2c      	ite	cs
200012aa:	2601      	movcs	r6, #1
200012ac:	2600      	movcc	r6, #0
200012ae:	4563      	cmp	r3, ip
200012b0:	d902      	bls.n	200012b8 <__udivmoddi4+0x160>
200012b2:	2e00      	cmp	r6, #0
200012b4:	f000 80c7 	beq.w	20001446 <__udivmoddi4+0x2ee>
200012b8:	3801      	subs	r0, #1
200012ba:	ebac 0c03 	sub.w	ip, ip, r3
200012be:	ea40 4005 	orr.w	r0, r0, r5, lsl #16
200012c2:	e798      	b.n	200011f6 <__udivmoddi4+0x9e>
200012c4:	f1c4 0820 	rsb	r8, r4, #32
200012c8:	40a3      	lsls	r3, r4
200012ca:	fa06 fa04 	lsl.w	sl, r6, r4
200012ce:	40a1      	lsls	r1, r4
200012d0:	fa27 fc08 	lsr.w	ip, r7, r8
200012d4:	fa20 f008 	lsr.w	r0, r0, r8
200012d8:	fa07 f904 	lsl.w	r9, r7, r4
200012dc:	ea4c 0c03 	orr.w	ip, ip, r3
200012e0:	fa26 f308 	lsr.w	r3, r6, r8
200012e4:	ea4f 461c 	mov.w	r6, ip, lsr #16
200012e8:	430b      	orrs	r3, r1
200012ea:	fa1f fe8c 	uxth.w	lr, ip
200012ee:	0c19      	lsrs	r1, r3, #16
200012f0:	fbb0 f7f6 	udiv	r7, r0, r6
200012f4:	fb06 0017 	mls	r0, r6, r7, r0
200012f8:	ea41 4100 	orr.w	r1, r1, r0, lsl #16
200012fc:	fb07 f00e 	mul.w	r0, r7, lr
20001300:	4288      	cmp	r0, r1
20001302:	d90a      	bls.n	2000131a <__udivmoddi4+0x1c2>
20001304:	eb1c 0101 	adds.w	r1, ip, r1
20001308:	bf2c      	ite	cs
2000130a:	2501      	movcs	r5, #1
2000130c:	2500      	movcc	r5, #0
2000130e:	4288      	cmp	r0, r1
20001310:	d902      	bls.n	20001318 <__udivmoddi4+0x1c0>
20001312:	2d00      	cmp	r5, #0
20001314:	f000 80b2 	beq.w	2000147c <__udivmoddi4+0x324>
20001318:	3f01      	subs	r7, #1
2000131a:	1a09      	subs	r1, r1, r0
2000131c:	b29b      	uxth	r3, r3
2000131e:	fbb1 f0f6 	udiv	r0, r1, r6
20001322:	fb06 1110 	mls	r1, r6, r0, r1
20001326:	fb00 fe0e 	mul.w	lr, r0, lr
2000132a:	ea43 4301 	orr.w	r3, r3, r1, lsl #16
2000132e:	459e      	cmp	lr, r3
20001330:	d90a      	bls.n	20001348 <__udivmoddi4+0x1f0>
20001332:	eb1c 0303 	adds.w	r3, ip, r3
20001336:	bf2c      	ite	cs
20001338:	2101      	movcs	r1, #1
2000133a:	2100      	movcc	r1, #0
2000133c:	459e      	cmp	lr, r3
2000133e:	d902      	bls.n	20001346 <__udivmoddi4+0x1ee>
20001340:	2900      	cmp	r1, #0
20001342:	f000 809e 	beq.w	20001482 <__udivmoddi4+0x32a>
20001346:	3801      	subs	r0, #1
20001348:	ea40 4007 	orr.w	r0, r0, r7, lsl #16
2000134c:	eba3 030e 	sub.w	r3, r3, lr
20001350:	fba0 e109 	umull	lr, r1, r0, r9
20001354:	428b      	cmp	r3, r1
20001356:	4676      	mov	r6, lr
20001358:	460f      	mov	r7, r1
2000135a:	d302      	bcc.n	20001362 <__udivmoddi4+0x20a>
2000135c:	d107      	bne.n	2000136e <__udivmoddi4+0x216>
2000135e:	45f2      	cmp	sl, lr
20001360:	d205      	bcs.n	2000136e <__udivmoddi4+0x216>
20001362:	ebbe 0609 	subs.w	r6, lr, r9
20001366:	eb61 010c 	sbc.w	r1, r1, ip
2000136a:	3801      	subs	r0, #1
2000136c:	460f      	mov	r7, r1
2000136e:	b152      	cbz	r2, 20001386 <__udivmoddi4+0x22e>
20001370:	ebba 0106 	subs.w	r1, sl, r6
20001374:	eb63 0307 	sbc.w	r3, r3, r7
20001378:	fa03 f508 	lsl.w	r5, r3, r8
2000137c:	40e1      	lsrs	r1, r4
2000137e:	40e3      	lsrs	r3, r4
20001380:	430d      	orrs	r5, r1
20001382:	e9c2 5300 	strd	r5, r3, [r2]
20001386:	2400      	movs	r4, #0
20001388:	e73b      	b.n	20001202 <__udivmoddi4+0xaa>
2000138a:	0873      	lsrs	r3, r6, #1
2000138c:	46b8      	mov	r8, r7
2000138e:	0849      	lsrs	r1, r1, #1
20001390:	9701      	str	r7, [sp, #4]
20001392:	ea43 73c0 	orr.w	r3, r3, r0, lsl #31
20001396:	ea4f 7cc6 	mov.w	ip, r6, lsl #31
2000139a:	0c1c      	lsrs	r4, r3, #16
2000139c:	b29b      	uxth	r3, r3
2000139e:	ea44 4401 	orr.w	r4, r4, r1, lsl #16
200013a2:	ea43 4304 	orr.w	r3, r3, r4, lsl #16
200013a6:	fbb4 f4f7 	udiv	r4, r4, r7
200013aa:	fbb1 f5f7 	udiv	r5, r1, r7
200013ae:	211f      	movs	r1, #31
200013b0:	9801      	ldr	r0, [sp, #4]
200013b2:	ea44 4405 	orr.w	r4, r4, r5, lsl #16
200013b6:	1a1b      	subs	r3, r3, r0
200013b8:	e750      	b.n	2000125c <__udivmoddi4+0x104>
200013ba:	4619      	mov	r1, r3
200013bc:	fa07 fe03 	lsl.w	lr, r7, r3
200013c0:	f1c3 0320 	rsb	r3, r3, #32
200013c4:	fa00 f401 	lsl.w	r4, r0, r1
200013c8:	ea4f 471e 	mov.w	r7, lr, lsr #16
200013cc:	40d8      	lsrs	r0, r3
200013ce:	fa26 f303 	lsr.w	r3, r6, r3
200013d2:	fa1f f88e 	uxth.w	r8, lr
200013d6:	fa06 fc01 	lsl.w	ip, r6, r1
200013da:	4323      	orrs	r3, r4
200013dc:	fbb0 f5f7 	udiv	r5, r0, r7
200013e0:	0c1c      	lsrs	r4, r3, #16
200013e2:	fb07 0015 	mls	r0, r7, r5, r0
200013e6:	ea44 4000 	orr.w	r0, r4, r0, lsl #16
200013ea:	fb05 f408 	mul.w	r4, r5, r8
200013ee:	4284      	cmp	r4, r0
200013f0:	d94a      	bls.n	20001488 <__udivmoddi4+0x330>
200013f2:	eb1e 0000 	adds.w	r0, lr, r0
200013f6:	bf2c      	ite	cs
200013f8:	2601      	movcs	r6, #1
200013fa:	2600      	movcc	r6, #0
200013fc:	4284      	cmp	r4, r0
200013fe:	d900      	bls.n	20001402 <__udivmoddi4+0x2aa>
20001400:	b38e      	cbz	r6, 20001466 <__udivmoddi4+0x30e>
20001402:	1b00      	subs	r0, r0, r4
20001404:	3d01      	subs	r5, #1
20001406:	fbb0 f4f7 	udiv	r4, r0, r7
2000140a:	fb04 f608 	mul.w	r6, r4, r8
2000140e:	46a1      	mov	r9, r4
20001410:	9601      	str	r6, [sp, #4]
20001412:	fb07 0019 	mls	r0, r7, r9, r0
20001416:	b29b      	uxth	r3, r3
20001418:	9e01      	ldr	r6, [sp, #4]
2000141a:	ea43 4300 	orr.w	r3, r3, r0, lsl #16
2000141e:	42b3      	cmp	r3, r6
20001420:	d2c6      	bcs.n	200013b0 <__udivmoddi4+0x258>
20001422:	eb1e 0303 	adds.w	r3, lr, r3
20001426:	bf2c      	ite	cs
20001428:	2001      	movcs	r0, #1
2000142a:	2000      	movcc	r0, #0
2000142c:	42b3      	cmp	r3, r6
2000142e:	d200      	bcs.n	20001432 <__udivmoddi4+0x2da>
20001430:	b1a8      	cbz	r0, 2000145e <__udivmoddi4+0x306>
20001432:	f109 34ff 	add.w	r4, r9, #4294967295	@ 0xffffffff
20001436:	e7bb      	b.n	200013b0 <__udivmoddi4+0x258>
20001438:	ebb6 0c07 	subs.w	ip, r6, r7
2000143c:	eb60 0303 	sbc.w	r3, r0, r3
20001440:	2001      	movs	r0, #1
20001442:	461d      	mov	r5, r3
20001444:	e6f7      	b.n	20001236 <__udivmoddi4+0xde>
20001446:	44f4      	add	ip, lr
20001448:	3802      	subs	r0, #2
2000144a:	e736      	b.n	200012ba <__udivmoddi4+0x162>
2000144c:	3d02      	subs	r5, #2
2000144e:	4473      	add	r3, lr
20001450:	e71b      	b.n	2000128a <__udivmoddi4+0x132>
20001452:	3c02      	subs	r4, #2
20001454:	4473      	add	r3, lr
20001456:	e6b1      	b.n	200011bc <__udivmoddi4+0x64>
20001458:	44f4      	add	ip, lr
2000145a:	3d02      	subs	r5, #2
2000145c:	e6c6      	b.n	200011ec <__udivmoddi4+0x94>
2000145e:	f1a9 0402 	sub.w	r4, r9, #2
20001462:	4473      	add	r3, lr
20001464:	e7a4      	b.n	200013b0 <__udivmoddi4+0x258>
20001466:	ebae 0404 	sub.w	r4, lr, r4
2000146a:	3d02      	subs	r5, #2
2000146c:	4420      	add	r0, r4
2000146e:	fbb0 f4f7 	udiv	r4, r0, r7
20001472:	fb04 f608 	mul.w	r6, r4, r8
20001476:	46a1      	mov	r9, r4
20001478:	9601      	str	r6, [sp, #4]
2000147a:	e7ca      	b.n	20001412 <__udivmoddi4+0x2ba>
2000147c:	3f02      	subs	r7, #2
2000147e:	4461      	add	r1, ip
20001480:	e74b      	b.n	2000131a <__udivmoddi4+0x1c2>
20001482:	3802      	subs	r0, #2
20001484:	4463      	add	r3, ip
20001486:	e75f      	b.n	20001348 <__udivmoddi4+0x1f0>
20001488:	1b00      	subs	r0, r0, r4
2000148a:	fbb0 f4f7 	udiv	r4, r0, r7
2000148e:	fb04 f608 	mul.w	r6, r4, r8
20001492:	46a1      	mov	r9, r4
20001494:	9601      	str	r6, [sp, #4]
20001496:	e7bc      	b.n	20001412 <__udivmoddi4+0x2ba>

20001498 <__aeabi_idiv0>:
20001498:	4770      	bx	lr
2000149a:	bf00      	nop
2000149c:	0000      	movs	r0, r0
	...

200014a0 <__time_us_64_veneer>:
200014a0:	f85f f000 	ldr.w	pc, [pc]	@ 200014a4 <__time_us_64_veneer+0x4>
200014a4:	10001f59 	.word	0x10001f59

200014a8 <__tud_event_hook_cb_veneer>:
200014a8:	f85f f000 	ldr.w	pc, [pc]	@ 200014ac <__tud_event_hook_cb_veneer+0x4>
200014ac:	10005325 	.word	0x10005325

200014b0 <__tu_fifo_write_veneer>:
200014b0:	f85f f000 	ldr.w	pc, [pc]	@ 200014b4 <__tu_fifo_write_veneer+0x4>
200014b4:	10006ddd 	.word	0x10006ddd

200014b8 <__panic_veneer>:
200014b8:	f85f f000 	ldr.w	pc, [pc]	@ 200014bc <__panic_veneer+0x4>
200014bc:	100010b5 	.word	0x100010b5

200014c0 <__memset_veneer>:
200014c0:	f85f f000 	ldr.w	pc, [pc]	@ 200014c4 <__memset_veneer+0x4>
200014c4:	10008f39 	.word	0x10008f39

200014c8 <__best_effort_wfe_or_timeout_veneer>:
200014c8:	f85f f000 	ldr.w	pc, [pc]	@ 200014cc <__best_effort_wfe_or_timeout_veneer+0x4>
200014cc:	10001e2d 	.word	0x10001e2d

200014d0 <striped_spin_lock_num>:
200014d0:	00000010                                ....

200014d4 <irq_handler_chain_slots>:
200014d4:	00000000 	.word	0x00000000
200014d8:	00010000 	.word	0x00010000
	...
200014e4:	00020000 	.word	0x00020000
	...
200014f0:	00030000 	.word	0x00030000
	...
200014fc:	00ff0000 	.word	0x00ff0000
20001500:	00000000 	.word	0x00000000

20001504 <irq_handler_chain_first_slot>:
20001504:	b501      	push	{r0, lr}
20001506:	6848      	ldr	r0, [r1, #4]
20001508:	3101      	adds	r1, #1
2000150a:	468e      	mov	lr, r1
2000150c:	4700      	bx	r0

2000150e <irq_handler_chain_remove_tail>:
2000150e:	4670      	mov	r0, lr
20001510:	3809      	subs	r0, #9
20001512:	4901      	ldr	r1, [pc, #4]	@ (20001518 <irq_handler_chain_remove_tail+0xa>)
20001514:	4788      	blx	r1
20001516:	bd01      	pop	{r0, pc}
20001518:	1000154d 	.word	0x1000154d

2000151c <default_alarm_pool>:
	...
20001530:	20001eb8                                ... 

20001534 <stdio_usb>:
20001534:	10004a8d 10004a39 100049b1 10004921     .J..9J...I..!I..
20001544:	00000000 00000100                       ........

2000154c <_usbd_qdef>:
2000154c:	20002344 000c0010 00000000 00000000     D#. ............
	...

20001568 <_usbd_rhport>:
20001568:	000000ff                                ....

2000156c <__malloc_sbrk_base>:
2000156c:	ffffffff                                ....

20001570 <__malloc_trim_threshold>:
20001570:	00020000 00000000                       ........

20001578 <__malloc_av_>:
	...
20001580:	20001578 20001578 20001580 20001580     x.. x.. ... ... 
20001590:	20001588 20001588 20001590 20001590     ... ... ... ... 
200015a0:	20001598 20001598 200015a0 200015a0     ... ... ... ... 
200015b0:	200015a8 200015a8 200015b0 200015b0     ... ... ... ... 
200015c0:	200015b8 200015b8 200015c0 200015c0     ... ... ... ... 
200015d0:	200015c8 200015c8 200015d0 200015d0     ... ... ... ... 
200015e0:	200015d8 200015d8 200015e0 200015e0     ... ... ... ... 
200015f0:	200015e8 200015e8 200015f0 200015f0     ... ... ... ... 
20001600:	200015f8 200015f8 20001600 20001600     ... ... ... ... 
20001610:	20001608 20001608 20001610 20001610     ... ... ... ... 
20001620:	20001618 20001618 20001620 20001620     ... ...  ..  .. 
20001630:	20001628 20001628 20001630 20001630     (.. (.. 0.. 0.. 
20001640:	20001638 20001638 20001640 20001640     8.. 8.. @.. @.. 
20001650:	20001648 20001648 20001650 20001650     H.. H.. P.. P.. 
20001660:	20001658 20001658 20001660 20001660     X.. X.. `.. `.. 
20001670:	20001668 20001668 20001670 20001670     h.. h.. p.. p.. 
20001680:	20001678 20001678 20001680 20001680     x.. x.. ... ... 
20001690:	20001688 20001688 20001690 20001690     ... ... ... ... 
200016a0:	20001698 20001698 200016a0 200016a0     ... ... ... ... 
200016b0:	200016a8 200016a8 200016b0 200016b0     ... ... ... ... 
200016c0:	200016b8 200016b8 200016c0 200016c0     ... ... ... ... 
200016d0:	200016c8 200016c8 200016d0 200016d0     ... ... ... ... 
200016e0:	200016d8 200016d8 200016e0 200016e0     ... ... ... ... 
200016f0:	200016e8 200016e8 200016f0 200016f0     ... ... ... ... 
20001700:	200016f8 200016f8 20001700 20001700     ... ... ... ... 
20001710:	20001708 20001708 20001710 20001710     ... ... ... ... 
20001720:	20001718 20001718 20001720 20001720     ... ...  ..  .. 
20001730:	20001728 20001728 20001730 20001730     (.. (.. 0.. 0.. 
20001740:	20001738 20001738 20001740 20001740     8.. 8.. @.. @.. 
20001750:	20001748 20001748 20001750 20001750     H.. H.. P.. P.. 
20001760:	20001758 20001758 20001760 20001760     X.. X.. `.. `.. 
20001770:	20001768 20001768 20001770 20001770     h.. h.. p.. p.. 
20001780:	20001778 20001778 20001780 20001780     x.. x.. ... ... 
20001790:	20001788 20001788 20001790 20001790     ... ... ... ... 
200017a0:	20001798 20001798 200017a0 200017a0     ... ... ... ... 
200017b0:	200017a8 200017a8 200017b0 200017b0     ... ... ... ... 
200017c0:	200017b8 200017b8 200017c0 200017c0     ... ... ... ... 
200017d0:	200017c8 200017c8 200017d0 200017d0     ... ... ... ... 
200017e0:	200017d8 200017d8 200017e0 200017e0     ... ... ... ... 
200017f0:	200017e8 200017e8 200017f0 200017f0     ... ... ... ... 
20001800:	200017f8 200017f8 20001800 20001800     ... ... ... ... 
20001810:	20001808 20001808 20001810 20001810     ... ... ... ... 
20001820:	20001818 20001818 20001820 20001820     ... ...  ..  .. 
20001830:	20001828 20001828 20001830 20001830     (.. (.. 0.. 0.. 
20001840:	20001838 20001838 20001840 20001840     8.. 8.. @.. @.. 
20001850:	20001848 20001848 20001850 20001850     H.. H.. P.. P.. 
20001860:	20001858 20001858 20001860 20001860     X.. X.. `.. `.. 
20001870:	20001868 20001868 20001870 20001870     h.. h.. p.. p.. 
20001880:	20001878 20001878 20001880 20001880     x.. x.. ... ... 
20001890:	20001888 20001888 20001890 20001890     ... ... ... ... 
200018a0:	20001898 20001898 200018a0 200018a0     ... ... ... ... 
200018b0:	200018a8 200018a8 200018b0 200018b0     ... ... ... ... 
200018c0:	200018b8 200018b8 200018c0 200018c0     ... ... ... ... 
200018d0:	200018c8 200018c8 200018d0 200018d0     ... ... ... ... 
200018e0:	200018d8 200018d8 200018e0 200018e0     ... ... ... ... 
200018f0:	200018e8 200018e8 200018f0 200018f0     ... ... ... ... 
20001900:	200018f8 200018f8 20001900 20001900     ... ... ... ... 
20001910:	20001908 20001908 20001910 20001910     ... ... ... ... 
20001920:	20001918 20001918 20001920 20001920     ... ...  ..  .. 
20001930:	20001928 20001928 20001930 20001930     (.. (.. 0.. 0.. 
20001940:	20001938 20001938 20001940 20001940     8.. 8.. @.. @.. 
20001950:	20001948 20001948 20001950 20001950     H.. H.. P.. P.. 
20001960:	20001958 20001958 20001960 20001960     X.. X.. `.. `.. 
20001970:	20001968 20001968 20001970 20001970     h.. h.. p.. p.. 

20001980 <__sglue>:
20001980:	00000000 00000003 200020a4              ......... . 

2000198c <__global_locale>:
2000198c:	00000043 00000000 00000000 00000000     C...............
	...
200019ac:	00000043 00000000 00000000 00000000     C...............
	...
200019cc:	00000043 00000000 00000000 00000000     C...............
	...
200019ec:	00000043 00000000 00000000 00000000     C...............
	...
20001a0c:	00000043 00000000 00000000 00000000     C...............
	...
20001a2c:	00000043 00000000 00000000 00000000     C...............
	...
20001a4c:	00000043 00000000 00000000 00000000     C...............
	...
20001a6c:	00000043 00000000 00000000 00000000     C...............
	...
20001b54:	1000ac59 1000a189 00000000 1000b690     Y...............
20001b64:	1000b288 1000b1b8 1000b1b8 1000b1b8     ................
20001b74:	1000b1b8 1000b1b8 1000b1b8 1000b1b8     ................
20001b84:	1000b1b8 1000b1b8 ffffffff ffffffff     ................
20001b94:	ffffffff 0000ffff 53410001 00494943     ..........ASCII.
	...
20001bbc:	53410000 00494943 00000000 00000000     ..ASCII.........
	...

20001be0 <_impure_ptr>:
20001be0:	20001be8 00000000                       ... ....

20001be8 <_impure_data>:
20001be8:	00000000 200020a4 2000210c 20002174     ..... . .!. t!. 
	...
20001c80:	00000001 00000000 abcd330e e66d1234     .........3..4.m.
20001c90:	0005deec 0000000b 00000000 00000000     ................
	...

20001de8 <print_mutex>:
	...
